company_id,name,town,postcode,sectors,entry_routes,role_families,size_band,priority_employer,hiring_signal,website,summary,profile_text,source
GLC001,Renishaw,Wotton-under-Edge,GL12,aerospace_manufacturing|cyber_digital,apprenticeship|graduate|higher_apprenticeship,engineer_ops|software|manufacturing|technician,large,1,high,https://www.renishaw.com/en/careers,Precision engineering and metrology employer with strong STEM apprenticeships and graduate routes in Gloucestershire.,Renishaw Gloucestershire advanced manufacturing metrology engineering software apprenticeships graduates STEM precision,
GLC002,Spirax Sarco,Cheltenham,GL53,aerospace_manufacturing|business_professional,apprenticeship|graduate,engineer_ops|manufacturing|project_coord|finance,large,1,high,https://www.spiraxsarco.com,Thermal energy and steam systems manufacturer offering engineering apprenticeships and graduate programmes.,Spirax Sarco Cheltenham engineering manufacturing steam energy apprenticeships graduate schemes,
GLC003,GE Aerospace,Gloucester area,GL2,aerospace_manufacturing,apprenticeship|graduate|higher_apprenticeship,engineer_ops|manufacturing|technician|quality,large,1,high,https://www.geaerospace.com,Major aerospace employer with engineering and manufacturing pathways for school leavers and graduates.,GE Aerospace Gloucestershire aerospace manufacturing engineering apprenticeships propulsion,
GLC004,Moog,Tewkesbury,GL20,aerospace_manufacturing,apprenticeship|graduate,engineer_ops|manufacturing|technician|software,large,1,high,https://www.moog.com,Aerospace flight control systems manufacturer expanding in Tewkesbury with engineering careers.,Moog Tewkesbury aerospace flight controls manufacturing engineering apprenticeships,
GLC005,Safran Landing Systems,Gloucester area,GL2,aerospace_manufacturing,apprenticeship|graduate,engineer_ops|manufacturing|technician|quality,large,1,medium,https://www.safran-group.com,Aerospace landing systems manufacturer with technical apprenticeship routes.,Safran Gloucestershire aerospace landing systems manufacturing engineering apprenticeships,
GLC006,CyNam Network,Cheltenham,GL50,cyber_digital,apprenticeship|internship|graduate|school_leaver,cyber|software|analyst|sales,mixed,1,high,https://cynam.org,Cheltenham cyber cluster connecting SMEs and talent; gateway to multiple cyber employers and events.,CyNam Cheltenham cyber security digital network SMEs apprenticeships cyber careers,
GLC007,Ripjar,Cheltenham,GL50,cyber_digital,graduate|internship|higher_apprenticeship,software|cyber|data|analyst,sme,1,medium,https://ripjar.com,Cyber and financial crime intelligence software company hiring technical and analyst talent.,Ripjar Cheltenham cyber software intelligence data analysis graduate jobs,
GLC008,Surevine,Cheltenham,GL50,cyber_digital,graduate|internship,software|cyber|project_coord,sme,1,medium,https://www.surevine.com,Secure collaboration software company in the Cheltenham cyber ecosystem.,Surevine cyber secure software collaboration Cheltenham graduate developer,
GLC009,Farm491,Cirencester,GL7,agri_tech_food,internship|graduate|apprenticeship,research_lab|field_ops|business_dev|technician,mixed,1,medium,https://farm491.com,Agri-tech incubator linked to RAU; startups and applied food and farming tech roles.,Farm491 Cirencester agri-tech food farming innovation startups internships,
GLC010,Hartpury University and College,Hartpury,GL19,agri_tech_food|education_training|health_care,apprenticeship|school_leaver|graduate|internship,teaching_support|field_ops|technician|care,large,1,high,https://www.hartpury.ac.uk,Land-based education employer and talent pipeline into agri equine sport and related industries.,Hartpury agriculture equine sport education apprenticeships land-based careers,
GLC011,Campden BRI,Chipping Campden,GL55,agri_tech_food,graduate|internship|apprenticeship,research_lab|technician|quality|analyst,medium,1,medium,https://www.campdenbri.co.uk,Food and drink research organisation offering science and technical pathways.,Campden BRI food science research laboratory technician graduate agri-tech,
GLC012,NHS Gloucestershire,County-wide,GL1,health_care|public_sector,apprenticeship|school_leaver|graduate|traineeship,care|admin|analyst|project_support,large,1,high,https://www.nhsglos.nhs.uk,Major healthcare employer with clinical support admin digital and apprenticeship routes.,NHS Gloucestershire healthcare nursing support worker apprenticeships graduate health,
GLC013,Gloucestershire County Council,Gloucester,GL1,public_sector|construction_green|education_training,apprenticeship|graduate|school_leaver,admin|project_coord|analyst|field_ops|social,large,1,high,https://www.gloucestershire.gov.uk/jobs-and-careers,Local authority with digital social care environment highways and business support pathways.,Gloucestershire County Council public sector apprenticeships graduate schemes local government,
GLC014,University of Gloucestershire,Cheltenham,GL50,education_training|creative_events|cyber_digital,apprenticeship|graduate|internship|higher_apprenticeship,teaching_support|admin|software|content,large,1,high,https://www.glos.ac.uk,"University with teacher training (PGCE/QTS), education degrees, and creative business and computing graduate connections.",University of Gloucestershire teacher training PGCE QTS education teaching creative computing graduate jobs apprenticeships,
GLC015,Cheltenham Festivals,Cheltenham,GL50,creative_events|hospitality_tourism,internship|school_leaver|graduate,events|content|project_coord|customer_success,sme,1,medium,https://www.cheltenhamfestivals.com,Major cultural organisation offering events marketing hospitality and seasonal experience routes.,Cheltenham Festivals events marketing hospitality creative internships school leavers culture,
GLC016,Stagecoach West,Gloucestershire,GL1,business_professional,apprenticeship|school_leaver,customer_success|ops|admin|technician,large,0,medium,https://www.stagecoachbus.com,Transport operator with customer service engineering and apprenticeship opportunities.,Stagecoach West transport customer service engineering apprenticeships Gloucestershire,
GLC017,Superdry,Cheltenham,GL50,hospitality_retail|business_professional|creative_events,internship|graduate|school_leaver,sales|content|design|project_coord,large,1,medium,https://www.superdry.com,Fashion retail headquartered in Cheltenham with retail design and commercial pathways.,Superdry Cheltenham fashion retail design marketing graduate school leaver jobs,
GLC018,Ecotricity,Stroud,GL5,construction_green|business_professional,graduate|internship|apprenticeship,analyst|sales|project_coord|field_ops,medium,1,medium,https://www.ecotricity.co.uk,Green energy company with sustainability-focused commercial and technical roles.,Ecotricity Stroud green energy sustainability graduate jobs environment,
GLC019,Dowty Propellers,Staverton,GL2,aerospace_manufacturing,apprenticeship|graduate,engineer_ops|manufacturing|technician|quality,large,1,medium,https://www.dowty.com,Aerospace propeller systems manufacturer with engineering career pathways.,Dowty Propellers aerospace manufacturing engineering apprenticeships Gloucestershire,
GLC020,Ultra Electronics,Cheltenham corridor,GL50,aerospace_manufacturing|cyber_digital,apprenticeship|graduate,engineer_ops|cyber|software|technician,mixed,1,medium,https://www.ultra.group,Defence and electronics employer offering STEM entry routes in the county.,Ultra defence electronics engineering cyber apprenticeships Gloucestershire,
GLC021,Gloucestershire Schools & Early Years,County-wide,GL1,education_training,apprenticeship|school_leaver|graduate,teaching_support|care|admin,large,1,high,https://www.gloucestershire.gov.uk/education-and-families/,Gateway to Teaching Assistant early years and school support roles across Gloucestershire; stepping stone to teacher training.,Gloucestershire schools early years teaching assistant apprenticeship teacher training QTS education careers,
GLC022,Hilton (Gloucestershire hotels),Cheltenham / Gloucester,GL50,hospitality_tourism,apprenticeship|school_leaver,customer_success|ops|events,large,1,high,https://www.hilton.com,Hotel group with chef reception and front-of-house apprenticeship routes for hospitality careers.,Hilton hotel hospitality chef reception front of house apprenticeship Gloucestershire tourism,
GLC023,Greene King (Gloucestershire pubs & inns),County-wide,GL1,hospitality_tourism,apprenticeship|school_leaver,customer_success|ops,large,1,high,https://jobs.greeneking.co.uk,Pub hotel and inn operator offering chef bar and waiting apprenticeships across the county.,Greene King pub hotel inn chef hospitality apprenticeship Gloucestershire restaurants,
GLC024,Cotswold hospitality independents,Cotswolds / Cirencester,GL7,hospitality_tourism,apprenticeship|school_leaver|internship,customer_success|ops|events,mixed,1,medium,https://www.findapprenticeship.service.gov.uk,Independent hotels restaurants and inns in the Cotswolds regularly hiring hospitality apprentices.,Cotswold hotels restaurants inns hospitality apprenticeship chef waiting tourism Cirencester Cheltenham,
GLC025,Gloucestershire Construction & Trades,County-wide,GL1,construction_green,apprenticeship|school_leaver,technician|field_ops|engineer_ops|ops,large,1,high,https://www.findapprenticeship.service.gov.uk,Gateway to plumbing electrical bricklaying joinery scaffolding and groundworks apprenticeships with Gloucestershire contractors and housebuilders.,Gloucestershire construction trades plumbing electrician bricklayer carpenter scaffolder groundworker building services apprenticeship,
GLC026,Barratt Homes,County-wide,GL1,construction_green,apprenticeship|school_leaver,technician|field_ops|ops,large,1,high,https://www.barrattdevelopments.co.uk/careers,Major housebuilder with site trade apprenticeships including bricklaying joinery and groundworks.,Barratt Homes housebuilder construction bricklaying joinery groundworks apprenticeship Gloucestershire,
GLC027,Gloucestershire electrical & building services,County-wide,GL1,construction_green,apprenticeship|school_leaver,technician|engineer_ops|field_ops,mixed,1,high,https://www.findapprenticeship.service.gov.uk,Electrical installation maintenance and building-services employers offering electrotechnical apprenticeships across the county.,electrical installation electrician electrotechnical building services maintenance apprenticeship Gloucestershire,
GLC028,GCHQ,Cheltenham,GL51,cyber_digital|public_sector,apprenticeship|graduate|higher_apprenticeship|internship,cyber|software|analyst|data,large,1,high,https://www.gchq.gov.uk/careers,UK intelligence and security organisation based in Cheltenham; major cyber digital and STEM early-career routes for eligible applicants.,GCHQ Cheltenham cyber security intelligence digital apprenticeships graduates STEM careers public sector,
GLC029,CGI,Gloucester / Cheltenham corridor,GL1,cyber_digital|business_professional,apprenticeship|graduate|internship|higher_apprenticeship,software|cyber|analyst|project_coord,large,1,high,https://www.cgi.com/uk/en-gb/careers,Global IT and business consulting employer with a significant Gloucestershire footprint and digital graduate and apprenticeship pathways.,CGI Gloucestershire IT consulting software cyber digital apprenticeships graduates business technology,
GLC030,Gloucestershire Constabulary,County-wide,GL1,public_sector,apprenticeship|graduate|school_leaver,ops|admin|analyst|social,large,1,high,https://www.gloucestershire.police.uk/police-forces/gloucestershire-constabulary/areas/gloucestershire/about-us/careers/,County police force with police staff apprenticeships and graduate pathways into public service roles.,Gloucestershire Constabulary police public sector apprenticeships graduate careers community safety,
GLC031,Gloucestershire Health and Care NHS Foundation Trust,County-wide,GL1,health_care|public_sector,apprenticeship|school_leaver|graduate,care|admin|ops,large,1,high,https://www.ghc.nhs.uk/work-for-us/,NHS trust delivering community and mental health services with clinical support and apprenticeship routes.,Gloucestershire Health Care NHS community mental health apprenticeships care careers,
GLC032,Royal Agricultural University,Cirencester,GL7,agri_tech_food|education_training,apprenticeship|graduate|internship|school_leaver,teaching_support|field_ops|research_lab|business_dev,medium,1,medium,https://www.rau.ac.uk/,Specialist land-based university employer and talent pipeline into agri-food and rural business careers.,Royal Agricultural University Cirencester agri-tech education farming graduate apprenticeships,
GLC033,A D Burs Limited,Gloucester,GL2,health_care|aerospace_manufacturing,apprenticeship|school_leaver|graduate,care|admin,large,1,medium,https://www.primadental.com,Companies House–listed employer with registered office in Gloucester (accounts category: GROUP). Nature of business (SIC): 32500 - Manufacture of medical and dental instruments and supplies. Leaver routes vary — check careers pages and Find an Apprenticeship.,A D Burs Limited Gloucester Gloucestershire health_care aerospace_manufacturing apprenticeship graduate school leaver 32500 - Manufacture of medical and dental instruments and supplies,
GLC034,Abec (Group) Ltd,Tewkesbury,GL20,construction_green|business_professional,apprenticeship|school_leaver|graduate,technician|field_ops|engineer_ops,large,1,medium,https://www.abec.co.uk,Companies House–listed employer with registered office in Tewkesbury (accounts category: GROUP). Nature of business (SIC): 64203 - Activities of construction holding companies. Leaver routes vary — check careers pages and Find an Apprenticeship.,Abec (Group) Ltd Tewkesbury Gloucestershire construction_green business_professional apprenticeship graduate school leaver 64203 - Activities of construction holding companies,
GLC035,Aceo Limited,Westbury-On-Severn,GL14,hospitality_tourism|hospitality_retail|agri_tech_food,apprenticeship|school_leaver|graduate,customer_success|ops,large,1,medium,https://www.aceo.co.uk,"Companies House–listed employer with registered office in Westbury-On-Severn (accounts category: GROUP). Nature of business (SIC): 11010 - Distilling, rectifying and blending of spirits. Leaver routes vary — check careers pages and Find an Apprenticeship.","Aceo Limited Westbury-On-Severn Gloucestershire hospitality_tourism hospitality_retail agri_tech_food apprenticeship graduate school leaver 11010 - Distilling, rectifying and blending of spirits",
GLC036,Allstone Sands Gravels Aggregates Trading Co. Ltd.,Gloucester,GL1,business_professional,apprenticeship|school_leaver|graduate,admin|finance|project_coord,large,1,medium,https://www.allstonespeedyskips.co.uk,Companies House–listed employer with registered office in Gloucester (accounts category: GROUP). Nature of business (SIC): 08120 - Operation of gravel and sand pits; mining of clays and kaolin. Leaver routes vary — check careers pages and Find an Apprenticeship.,Allstone Sands Gravels Aggregates Trading Co. Ltd. Gloucester Gloucestershire business_professional apprenticeship graduate school leaver 08120 - Operation of gravel and sand pits; mining of clays and kaolin,
GLC037,Anderbury Limited,Cheltenham,GL51,hospitality_tourism,apprenticeship|school_leaver|graduate,customer_success|ops,large,1,medium,https://www.anderburyhotels.co.uk,Companies House–listed employer with registered office in Cheltenham (accounts category: GROUP). Nature of business (SIC): 55100 - Hotels and similar accommodation. Leaver routes vary — check careers pages and Find an Apprenticeship.,Anderbury Limited Cheltenham Gloucestershire hospitality_tourism apprenticeship graduate school leaver 55100 - Hotels and similar accommodation,
GLC038,Anstee & Ware Group Limited,Stonehouse,GL10,construction_green,apprenticeship|school_leaver|graduate,technician|field_ops|engineer_ops,large,1,medium,https://www.quartzelec.com,Companies House–listed employer with registered office in Stonehouse (accounts category: GROUP). Nature of business (SIC): 41100 - Development of building projects. Leaver routes vary — check careers pages and Find an Apprenticeship.,Anstee & Ware Group Limited Stonehouse Gloucestershire construction_green apprenticeship graduate school leaver 41100 - Development of building projects,
GLC039,Asb Leisure Limited,Gloucester,GL1,hospitality_retail,apprenticeship|school_leaver|graduate,sales|customer_success,large,1,medium,https://www.270climbing.com,Companies House–listed employer with registered office in Gloucester (accounts category: GROUP). Nature of business (SIC): 47789 - Other retail sale of new goods in specialised stores (not commercial art galleries and opticians). Leaver routes vary — check careers pages and Find an Apprenticeship.,Asb Leisure Limited Gloucester Gloucestershire hospitality_retail apprenticeship graduate school leaver 47789 - Other retail sale of new goods in specialised stores (not commercial art galleries and opticians),
GLC040,Aurem Care (Bidco) Limited,Cheltenham,GL50,health_care,apprenticeship|school_leaver|graduate,care|admin,large,1,medium,https://www.auremcare.com,Companies House–listed employer with registered office in Cheltenham (accounts category: GROUP). Nature of business (SIC): 87300 - Residential care activities for the elderly and disabled. Leaver routes vary — check careers pages and Find an Apprenticeship.,Aurem Care (Bidco) Limited Cheltenham Gloucestershire health_care apprenticeship graduate school leaver 87300 - Residential care activities for the elderly and disabled,
GLC041,Aurem Care Group Limited,Cheltenham,GL50,health_care,apprenticeship|school_leaver|graduate,care|admin,large,1,medium,https://www.auremcare.com,Companies House–listed employer with registered office in Cheltenham (accounts category: GROUP). Nature of business (SIC): 87300 - Residential care activities for the elderly and disabled. Leaver routes vary — check careers pages and Find an Apprenticeship.,Aurem Care Group Limited Cheltenham Gloucestershire health_care apprenticeship graduate school leaver 87300 - Residential care activities for the elderly and disabled,
GLC042,Bamford Collection Limited,Moreton-In-Marsh,GL56,business_professional,apprenticeship|school_leaver|graduate,admin|finance|project_coord,large,1,medium,https://www.bamfordcollection.com,Companies House–listed employer with registered office in Moreton-In-Marsh (accounts category: GROUP). Nature of business (SIC): 82990 - Other business support service activities n.e.c.. Leaver routes vary — check careers pages and Find an Apprenticeship.,Bamford Collection Limited Moreton-In-Marsh Gloucestershire business_professional apprenticeship graduate school leaver 82990 - Other business support service activities n.e.c.,
GLC043,Barnwood Group Limited,Gloucestershire,GL4,construction_green,apprenticeship|school_leaver|graduate,technician|field_ops|engineer_ops,large,1,medium,https://www.barnwood.co.uk,Companies House–listed employer with registered office in Gloucestershire (accounts category: GROUP). Nature of business (SIC): 41201 - Construction of commercial buildings. Leaver routes vary — check careers pages and Find an Apprenticeship.,Barnwood Group Limited Gloucestershire Gloucestershire construction_green apprenticeship graduate school leaver 41201 - Construction of commercial buildings,
GLC044,Barworks Limited,Gloucester,GL2,business_professional,apprenticeship|school_leaver|graduate,admin|finance|project_coord,large,1,medium,https://www.barworks.co.uk,Companies House–listed employer with registered office in Gloucester (accounts category: GROUP). Nature of business (SIC): 82110 - Combined office administrative service activities. Leaver routes vary — check careers pages and Find an Apprenticeship.,Barworks Limited Gloucester Gloucestershire business_professional apprenticeship graduate school leaver 82110 - Combined office administrative service activities,
GLC045,Bence Roofing Supplies Limited,Cheltenham,GL52,hospitality_retail,apprenticeship|school_leaver|graduate,sales|customer_success,large,1,medium,https://www.bence.co.uk,Companies House–listed employer with registered office in Cheltenham (accounts category: GROUP). Nature of business (SIC): 46130 - Agents involved in the sale of timber and building materials. Leaver routes vary — check careers pages and Find an Apprenticeship.,Bence Roofing Supplies Limited Cheltenham Gloucestershire hospitality_retail apprenticeship graduate school leaver 46130 - Agents involved in the sale of timber and building materials,
GLC046,Benefact Trust Limited,Gloucester,GL3,business_professional,apprenticeship|school_leaver|graduate,admin|finance|project_coord,large,1,medium,https://www.benefacttrust.co.uk,Companies House–listed employer with registered office in Gloucester (accounts category: GROUP). Nature of business (SIC): 82990 - Other business support service activities n.e.c.. Leaver routes vary — check careers pages and Find an Apprenticeship.,Benefact Trust Limited Gloucester Gloucestershire business_professional apprenticeship graduate school leaver 82990 - Other business support service activities n.e.c.,
GLC047,Berkhampstead School (Cheltenham) Trust Limited,Cheltenham,GL52,education_training,apprenticeship|school_leaver|graduate,teaching_support|admin,large,1,medium,https://www.berkhampsteadschool.co.uk,Companies House–listed employer with registered office in Cheltenham (accounts category: GROUP). Nature of business (SIC): 85200 - Primary education. Leaver routes vary — check careers pages and Find an Apprenticeship.,Berkhampstead School (Cheltenham) Trust Limited Cheltenham Gloucestershire education_training apprenticeship graduate school leaver 85200 - Primary education,
GLC049,Bowmoor Topco Limited,Cheltenham,GL54,health_care|aerospace_manufacturing,apprenticeship|school_leaver|graduate,care|admin,large,1,medium,https://www.summitmedicalgroup.com,Companies House–listed employer with registered office in Cheltenham (accounts category: GROUP). Nature of business (SIC): 32500 - Manufacture of medical and dental instruments and supplies. Leaver routes vary — check careers pages and Find an Apprenticeship.,Bowmoor Topco Limited Cheltenham Gloucestershire health_care aerospace_manufacturing apprenticeship graduate school leaver 32500 - Manufacture of medical and dental instruments and supplies,
GLC051,Brewhouse & Kitchen Limited,Woodchester,GL5,hospitality_tourism,apprenticeship|school_leaver|graduate,customer_success|ops,large,1,medium,https://www.brewhouseandkitchen.com,Companies House–listed employer with registered office in Woodchester (accounts category: GROUP). Nature of business (SIC): 56302 - Public houses and bars. Leaver routes vary — check careers pages and Find an Apprenticeship.,Brewhouse & Kitchen Limited Woodchester Gloucestershire hospitality_tourism apprenticeship graduate school leaver 56302 - Public houses and bars,
GLC052,Brsk Limited,Tewkesbury,GL20,business_professional,apprenticeship|school_leaver|graduate,admin|finance|project_coord,large,1,medium,https://www.brsk.co.uk,Companies House–listed employer with registered office in Tewkesbury (accounts category: GROUP). Nature of business (SIC): 61100 - Wired telecommunications activities. Leaver routes vary — check careers pages and Find an Apprenticeship.,Brsk Limited Tewkesbury Gloucestershire business_professional apprenticeship graduate school leaver 61100 - Wired telecommunications activities,
GLC053,Calcot Health & Leisure Company Limited,Gloucestershire,GL8,hospitality_tourism|creative_events,apprenticeship|school_leaver|graduate,customer_success|ops,large,1,medium,https://www.calcot.co,Companies House–listed employer with registered office in Gloucestershire (accounts category: GROUP). Nature of business (SIC): 55100 - Hotels and similar accommodation. Leaver routes vary — check careers pages and Find an Apprenticeship.,Calcot Health & Leisure Company Limited Gloucestershire Gloucestershire hospitality_tourism creative_events apprenticeship graduate school leaver 55100 - Hotels and similar accommodation,
GLC054,Camargue Group Limited,Gloucestershire,GL50,agri_tech_food|business_professional,apprenticeship|school_leaver|graduate,field_ops|technician,large,1,medium,https://www.camargue.uk,Companies House–listed employer with registered office in Gloucestershire (accounts category: GROUP). Nature of business (SIC): 70210 - Public relations and communications activities. Leaver routes vary — check careers pages and Find an Apprenticeship.,Camargue Group Limited Gloucestershire Gloucestershire agri_tech_food business_professional apprenticeship graduate school leaver 70210 - Public relations and communications activities,
GLC055,Capfun UK Limited,Gloucester,GL2,hospitality_tourism,apprenticeship|school_leaver|graduate,customer_success|ops,large,1,medium,https://www.capfun.co.uk,Companies House–listed employer with registered office in Gloucester (accounts category: GROUP). Nature of business (SIC): 55209 - Other holiday and other collective accommodation. Leaver routes vary — check careers pages and Find an Apprenticeship.,Capfun UK Limited Gloucester Gloucestershire hospitality_tourism apprenticeship graduate school leaver 55209 - Other holiday and other collective accommodation,
GLC056,Castellum Consortium Ltd,Stonehouse,GL10,construction_green,apprenticeship|school_leaver|graduate,technician|field_ops|engineer_ops,large,1,medium,https://www.castellum.co.uk,Companies House–listed employer with registered office in Stonehouse (accounts category: GROUP). Nature of business (SIC): 41201 - Construction of commercial buildings. Leaver routes vary — check careers pages and Find an Apprenticeship.,Castellum Consortium Ltd Stonehouse Gloucestershire construction_green apprenticeship graduate school leaver 41201 - Construction of commercial buildings,
GLC058,Cheltenham Borough Homes Limited,Cheltenham,GL50,business_professional,apprenticeship|school_leaver|graduate,admin|finance|project_coord,large,1,medium,https://www.cbh.org.uk,Companies House–listed employer with registered office in Cheltenham (accounts category: GROUP). Nature of business (SIC): 82990 - Other business support service activities n.e.c.. Leaver routes vary — check careers pages and Find an Apprenticeship.,Cheltenham Borough Homes Limited Cheltenham Gloucestershire business_professional apprenticeship graduate school leaver 82990 - Other business support service activities n.e.c.,
GLC059,Cheltenham Lido Limited,Cheltenham,GL53,agri_tech_food|creative_events,apprenticeship|school_leaver|graduate,field_ops|technician,large,1,medium,https://www.sandfordparkslido.org.uk,Companies House–listed employer with registered office in Cheltenham (accounts category: GROUP). Nature of business (SIC): 91030 - Operation of historical sites and buildings and similar visitor attractions. Leaver routes vary — check careers pages and Find an Apprenticeship.,Cheltenham Lido Limited Cheltenham Gloucestershire agri_tech_food creative_events apprenticeship graduate school leaver 91030 - Operation of historical sites and buildings and similar visitor attractions,
GLC060,Chipping Campden School,Chipping Campden,GL55,education_training,apprenticeship|school_leaver|graduate,teaching_support|admin,large,1,medium,https://www.campden.school,Companies House–listed employer with registered office in Chipping Campden (accounts category: GROUP). Nature of business (SIC): 85310 - General secondary education. Leaver routes vary — check careers pages and Find an Apprenticeship.,Chipping Campden School Chipping Campden Gloucestershire education_training apprenticeship graduate school leaver 85310 - General secondary education,
GLC061,Cleeve School,Cheltenham,GL52,education_training,apprenticeship|school_leaver|graduate,teaching_support|admin,large,1,medium,https://www.cleeveschool.net,Companies House–listed employer with registered office in Cheltenham (accounts category: GROUP). Nature of business (SIC): 85310 - General secondary education. Leaver routes vary — check careers pages and Find an Apprenticeship.,Cleeve School Cheltenham Gloucestershire education_training apprenticeship graduate school leaver 85310 - General secondary education,
GLC062,Commercial Corporate Services Limited,Cheltenham,GL53,business_professional,apprenticeship|school_leaver|graduate,admin|finance|project_coord,large,1,medium,https://www.commercial.co.uk,Companies House–listed employer with registered office in Cheltenham (accounts category: GROUP). Nature of business (SIC): 82990 - Other business support service activities n.e.c.. Leaver routes vary — check careers pages and Find an Apprenticeship.,Commercial Corporate Services Limited Cheltenham Gloucestershire business_professional apprenticeship graduate school leaver 82990 - Other business support service activities n.e.c.,
GLC063,Corinium Education Trust,Cirencester,GL7,education_training,apprenticeship|school_leaver|graduate,teaching_support|admin,large,1,medium,https://www.coriniumeducationtrust.net,Companies House–listed employer with registered office in Cirencester (accounts category: GROUP). Nature of business (SIC): 85100 - Pre-primary education. Leaver routes vary — check careers pages and Find an Apprenticeship.,Corinium Education Trust Cirencester Gloucestershire education_training apprenticeship graduate school leaver 85100 - Pre-primary education,
GLC064,Cotswold Lakes Trust,Cirencester,GL7,education_training|hospitality_tourism,apprenticeship|school_leaver|graduate,teaching_support|admin,large,1,medium,https://www.cotswoldlakestrust.org,Companies House–listed employer with registered office in Cirencester (accounts category: GROUP). Nature of business (SIC): 85590 - Other education n.e.c.. Leaver routes vary — check careers pages and Find an Apprenticeship.,Cotswold Lakes Trust Cirencester Gloucestershire education_training hospitality_tourism apprenticeship graduate school leaver 85590 - Other education n.e.c.,
GLC065,Cripps Barn Group Limited,Cirencester,GL7,cyber_digital|hospitality_tourism,apprenticeship|school_leaver|graduate,software|cyber|analyst,large,1,medium,https://www.crippsandco.com,Companies House–listed employer with registered office in Cirencester (accounts category: GROUP). Nature of business (SIC): 56210 - Event catering activities. Leaver routes vary — check careers pages and Find an Apprenticeship.,Cripps Barn Group Limited Cirencester Gloucestershire cyber_digital hospitality_tourism apprenticeship graduate school leaver 56210 - Event catering activities,
GLC067,Dairy Partners Limited,Stonehouse,GL10,agri_tech_food,apprenticeship|school_leaver|graduate,field_ops|technician,large,1,medium,https://www.dairypartners.co.uk,Companies House–listed employer with registered office in Stonehouse (accounts category: GROUP). Nature of business (SIC): 10512 - Butter and cheese production. Leaver routes vary — check careers pages and Find an Apprenticeship.,Dairy Partners Limited Stonehouse Gloucestershire agri_tech_food apprenticeship graduate school leaver 10512 - Butter and cheese production,
GLC070,Earnz PLC,Cheltenham,GL50,business_professional,apprenticeship|school_leaver|graduate,admin|finance|project_coord,large,1,medium,https://www.earnzplc.com,"Companies House–listed employer with registered office in Cheltenham (accounts category: GROUP). Nature of business (SIC): 74909 - Other professional, scientific and technical activities n.e.c.. Leaver routes vary — check careers pages and Find an Apprenticeship.","Earnz PLC Cheltenham Gloucestershire business_professional apprenticeship graduate school leaver 74909 - Other professional, scientific and technical activities n.e.c.",
GLC071,Ecclesiastical Insurance Office Public Limited Company,Gloucester,GL3,business_professional,apprenticeship|school_leaver|graduate,admin|finance|project_coord,large,1,medium,https://www.ecclesiastical.com,Companies House–listed employer with registered office in Gloucester (accounts category: GROUP). Nature of business (SIC): 65120 - Non-life insurance. Leaver routes vary — check careers pages and Find an Apprenticeship.,Ecclesiastical Insurance Office Public Limited Company Gloucester Gloucestershire business_professional apprenticeship graduate school leaver 65120 - Non-life insurance,
GLC072,Ecotricity Solar (Borrower) Limited,Stroud,GL5,construction_green,apprenticeship|school_leaver|graduate,technician|field_ops|engineer_ops,large,1,medium,https://www.ecotricity.co.uk,Companies House–listed employer with registered office in Stroud (accounts category: GROUP). Nature of business (SIC): 35110 - Production of electricity. Leaver routes vary — check careers pages and Find an Apprenticeship.,Ecotricity Solar (Borrower) Limited Stroud Gloucestershire construction_green apprenticeship graduate school leaver 35110 - Production of electricity,
GLC073,Elmbridge Pump Company Ltd,Gloucester,GL2,aerospace_manufacturing,apprenticeship|school_leaver|graduate,engineer_ops|manufacturing|technician,large,1,medium,https://www.elmbridgepumps.com,Companies House–listed employer with registered office in Gloucester (accounts category: GROUP). Nature of business (SIC): 28131 - Manufacture of pumps. Leaver routes vary — check careers pages and Find an Apprenticeship.,Elmbridge Pump Company Ltd Gloucester Gloucestershire aerospace_manufacturing apprenticeship graduate school leaver 28131 - Manufacture of pumps,
GLC074,Evgh Limited,Gloucester,GL2,construction_green,apprenticeship|school_leaver|graduate,technician|field_ops|engineer_ops,large,1,medium,https://www.ecovision.co.uk,Companies House–listed employer with registered office in Gloucester (accounts category: GROUP). Nature of business (SIC): 35110 - Production of electricity. Leaver routes vary — check careers pages and Find an Apprenticeship.,Evgh Limited Gloucester Gloucestershire construction_green apprenticeship graduate school leaver 35110 - Production of electricity,
GLC077,Forest Of Dean Railway Limited,Lydney,GL15,creative_events,apprenticeship|school_leaver|graduate,content|events,large,1,medium,https://www.deanforestrailway.co.uk,"Companies House–listed employer with registered office in Lydney (accounts category: GROUP). Nature of business (SIC): 49100 - Passenger rail transport, interurban. Leaver routes vary — check careers pages and Find an Apprenticeship.","Forest Of Dean Railway Limited Lydney Gloucestershire creative_events apprenticeship graduate school leaver 49100 - Passenger rail transport, interurban",
GLC078,Friends Of Westonbirt Arboretum,Arboretum Tetbury,GL8,business_professional,apprenticeship|school_leaver|graduate,admin|finance|project_coord,large,1,medium,https://www.fowa.org.uk,Companies House–listed employer with registered office in Arboretum Tetbury (accounts category: GROUP). Nature of business (SIC): 94990 - Activities of other membership organizations n.e.c.. Leaver routes vary — check careers pages and Find an Apprenticeship.,Friends Of Westonbirt Arboretum Arboretum Tetbury Gloucestershire business_professional apprenticeship graduate school leaver 94990 - Activities of other membership organizations n.e.c.,
GLC079,George Bence & Sons Limited,Cheltenham,GL52,hospitality_retail,apprenticeship|school_leaver|graduate,sales|customer_success,large,1,medium,https://www.bence.co.uk,Companies House–listed employer with registered office in Cheltenham (accounts category: GROUP). Nature of business (SIC): 46130 - Agents involved in the sale of timber and building materials. Leaver routes vary — check careers pages and Find an Apprenticeship.,George Bence & Sons Limited Cheltenham Gloucestershire hospitality_retail apprenticeship graduate school leaver 46130 - Agents involved in the sale of timber and building materials,
GLC080,Gloucester Diocesan Board Of Finance,Gloucester,GL1,business_professional,apprenticeship|school_leaver|graduate,admin|finance|project_coord,large,1,medium,https://www.gloucester.anglican.org,Companies House–listed employer with registered office in Gloucester (accounts category: GROUP). Nature of business (SIC): 94910 - Activities of religious organizations. Leaver routes vary — check careers pages and Find an Apprenticeship.,Gloucester Diocesan Board Of Finance Gloucester Gloucestershire business_professional apprenticeship graduate school leaver 94910 - Activities of religious organizations,
GLC081,Gloucestershire Everyman Theatre Company Limited,Gloucestershire,GL50,creative_events,apprenticeship|school_leaver|graduate,content|events,large,1,medium,https://www.everymantheatre.org.uk,Companies House–listed employer with registered office in Gloucestershire (accounts category: GROUP). Nature of business (SIC): 90040 - Operation of arts facilities. Leaver routes vary — check careers pages and Find an Apprenticeship.,Gloucestershire Everyman Theatre Company Limited Gloucestershire Gloucestershire creative_events apprenticeship graduate school leaver 90040 - Operation of arts facilities,
GLC082,Gloucestershire Wildlife Trust,Gloucester,GL4,business_professional,apprenticeship|school_leaver|graduate,admin|finance|project_coord,large,1,medium,https://www.gloucestershirewildlifetrust.co.uk,Companies House–listed employer with registered office in Gloucester (accounts category: GROUP). Nature of business (SIC): 94990 - Activities of other membership organizations n.e.c.. Leaver routes vary — check careers pages and Find an Apprenticeship.,Gloucestershire Wildlife Trust Gloucester Gloucestershire business_professional apprenticeship graduate school leaver 94990 - Activities of other membership organizations n.e.c.,
GLC083,Hercules PLC,Cirencester,GL7,construction_green,apprenticeship|school_leaver|graduate,technician|field_ops|engineer_ops,large,1,medium,https://www.hercules-construction.co.uk,Companies House–listed employer with registered office in Cirencester (accounts category: GROUP). Nature of business (SIC): 42110 - Construction of roads and motorways. Leaver routes vary — check careers pages and Find an Apprenticeship.,Hercules PLC Cirencester Gloucestershire construction_green apprenticeship graduate school leaver 42110 - Construction of roads and motorways,
GLC084,Hollingsworth And Vose Company (U.K.) Limited,Cheltenham,GL54,aerospace_manufacturing,apprenticeship|school_leaver|graduate,engineer_ops|manufacturing|technician,large,1,medium,https://www.hollingsworth-vose.com,Companies House–listed employer with registered office in Cheltenham (accounts category: GROUP). Nature of business (SIC): 17290 - Manufacture of other articles of paper and paperboard n.e.c.. Leaver routes vary — check careers pages and Find an Apprenticeship.,Hollingsworth And Vose Company (U.K.) Limited Cheltenham Gloucestershire aerospace_manufacturing apprenticeship graduate school leaver 17290 - Manufacture of other articles of paper and paperboard n.e.c.,
GLC085,Howard Tenens Limited,Stroud,GL5,business_professional,apprenticeship|school_leaver|graduate,admin|finance|project_coord,large,1,medium,https://www.howardtenens.com,Companies House–listed employer with registered office in Stroud (accounts category: GROUP). Nature of business (SIC): 52103 - Operation of warehousing and storage facilities for land transport activities. Leaver routes vary — check careers pages and Find an Apprenticeship.,Howard Tenens Limited Stroud Gloucestershire business_professional apprenticeship graduate school leaver 52103 - Operation of warehousing and storage facilities for land transport activities,
GLC086,Huntington House (Hldgs) Ltd,Cheltenham,GL50,health_care,apprenticeship|school_leaver|graduate,care|admin,large,1,medium,https://www.huntingtonhouse.co.uk,Companies House–listed employer with registered office in Cheltenham (accounts category: GROUP). Nature of business (SIC): 87100 - Residential nursing care facilities. Leaver routes vary — check careers pages and Find an Apprenticeship.,Huntington House (Hldgs) Ltd Cheltenham Gloucestershire health_care apprenticeship graduate school leaver 87100 - Residential nursing care facilities,
GLC088,Innova Capital Limited,Cheltenham,GL50,business_professional,apprenticeship|school_leaver|graduate,admin|finance|project_coord,large,1,medium,https://www.innovarenewables.com,Companies House–listed employer with registered office in Cheltenham (accounts category: GROUP). Nature of business (SIC): 66300 - Fund management activities. Leaver routes vary — check careers pages and Find an Apprenticeship.,Innova Capital Limited Cheltenham Gloucestershire business_professional apprenticeship graduate school leaver 66300 - Fund management activities,
GLC089,Innova Renewables Limited,Cheltenham,GL50,construction_green,apprenticeship|school_leaver|graduate,technician|field_ops|engineer_ops,large,1,medium,https://www.innovarenewables.com,Companies House–listed employer with registered office in Cheltenham (accounts category: GROUP). Nature of business (SIC): 35110 - Production of electricity. Leaver routes vary — check careers pages and Find an Apprenticeship.,Innova Renewables Limited Cheltenham Gloucestershire construction_green apprenticeship graduate school leaver 35110 - Production of electricity,
GLC090,Insuco Intl Limited,Moreton-In-Marsh,GL56,business_professional,apprenticeship|school_leaver|graduate,admin|finance|project_coord,large,1,medium,https://www.insuco.com,"Companies House–listed employer with registered office in Moreton-In-Marsh (accounts category: GROUP). Nature of business (SIC): 74909 - Other professional, scientific and technical activities n.e.c.. Leaver routes vary — check careers pages and Find an Apprenticeship.","Insuco Intl Limited Moreton-In-Marsh Gloucestershire business_professional apprenticeship graduate school leaver 74909 - Other professional, scientific and technical activities n.e.c.",
GLC091,Jammac Care Group Limited,Stroud,GL5,health_care,apprenticeship|school_leaver|graduate,care|admin,large,1,medium,https://www.jammaccaregroup.co.uk,Companies House–listed employer with registered office in Stroud (accounts category: GROUP). Nature of business (SIC): 87300 - Residential care activities for the elderly and disabled. Leaver routes vary — check careers pages and Find an Apprenticeship.,Jammac Care Group Limited Stroud Gloucestershire health_care apprenticeship graduate school leaver 87300 - Residential care activities for the elderly and disabled,
GLC092,Jgh Group Limited,Cheltenham,GL50,business_professional,apprenticeship|school_leaver|graduate,admin|finance|project_coord,large,1,medium,https://www.jgtravelgroup.com,Companies House–listed employer with registered office in Cheltenham (accounts category: GROUP). Nature of business (SIC): 82990 - Other business support service activities n.e.c.. Leaver routes vary — check careers pages and Find an Apprenticeship.,Jgh Group Limited Cheltenham Gloucestershire business_professional apprenticeship graduate school leaver 82990 - Other business support service activities n.e.c.,
GLC093,Jgh Topco Limited,Cheltenham,GL50,business_professional,apprenticeship|school_leaver|graduate,admin|finance|project_coord,large,1,medium,https://www.jgtravelgroup.com,Companies House–listed employer with registered office in Cheltenham (accounts category: GROUP). Nature of business (SIC): 82990 - Other business support service activities n.e.c.. Leaver routes vary — check careers pages and Find an Apprenticeship.,Jgh Topco Limited Cheltenham Gloucestershire business_professional apprenticeship graduate school leaver 82990 - Other business support service activities n.e.c.,
GLC094,Jsp Limited,Cheltenham,GL50,aerospace_manufacturing,apprenticeship|school_leaver|graduate,engineer_ops|manufacturing|technician,large,1,medium,https://www.jspsafety.com,Companies House–listed employer with registered office in Cheltenham (accounts category: GROUP). Nature of business (SIC): 22290 - Manufacture of other plastic products. Leaver routes vary — check careers pages and Find an Apprenticeship.,Jsp Limited Cheltenham Gloucestershire aerospace_manufacturing apprenticeship graduate school leaver 22290 - Manufacture of other plastic products,
GLC095,Kubus Group Limited,Cirencester,GL7,cyber_digital|hospitality_retail|business_professional,apprenticeship|school_leaver|graduate,software|cyber|analyst,large,1,medium,https://www.kubus.com,"Companies House–listed employer with registered office in Cirencester (accounts category: GROUP). Nature of business (SIC): 46510 - Wholesale of computers, computer peripheral equipment and software. Leaver routes vary — check careers pages and Find an Apprenticeship.","Kubus Group Limited Cirencester Gloucestershire cyber_digital hospitality_retail business_professional apprenticeship graduate school leaver 46510 - Wholesale of computers, computer peripheral equipment and software",
GLC096,Last Mile Infrastructure Group Limited,Stonehouse,GL10,construction_green|business_professional,apprenticeship|school_leaver|graduate,technician|field_ops|engineer_ops,large,1,medium,https://www.lastmile-uk.com,Companies House–listed employer with registered office in Stonehouse (accounts category: GROUP). Nature of business (SIC): 64301 - Activities of investment trusts. Leaver routes vary — check careers pages and Find an Apprenticeship.,Last Mile Infrastructure Group Limited Stonehouse Gloucestershire construction_green business_professional apprenticeship graduate school leaver 64301 - Activities of investment trusts,
GLC099,Meningitis Now,Stroud,GL5,health_care|hospitality_tourism,apprenticeship|school_leaver|graduate,care|admin,large,1,medium,https://www.meningitisnow.org,Companies House–listed employer with registered office in Stroud (accounts category: GROUP). Nature of business (SIC): 88990 - Other social work activities without accommodation n.e.c.. Leaver routes vary — check careers pages and Find an Apprenticeship.,Meningitis Now Stroud Gloucestershire health_care hospitality_tourism apprenticeship graduate school leaver 88990 - Other social work activities without accommodation n.e.c.,
GLC100,Mg Markey Group Limited,Gloucester,GL2,business_professional,apprenticeship|school_leaver|graduate,admin|finance|project_coord,large,1,medium,https://www.markeygroup.co.uk,Companies House–listed employer with registered office in Gloucester (accounts category: GROUP). Nature of business (SIC): 68100 - Buying and selling of own real estate. Leaver routes vary — check careers pages and Find an Apprenticeship.,Mg Markey Group Limited Gloucester Gloucestershire business_professional apprenticeship graduate school leaver 68100 - Buying and selling of own real estate,
GLC101,Mike Etheridge Construction Limited,Coleford,GL16,construction_green,apprenticeship|school_leaver|graduate,technician|field_ops|engineer_ops,large,1,medium,https://www.etheridgeconstruction.co.uk,Companies House–listed employer with registered office in Coleford (accounts category: GROUP). Nature of business (SIC): 41202 - Construction of domestic buildings. Leaver routes vary — check careers pages and Find an Apprenticeship.,Mike Etheridge Construction Limited Coleford Gloucestershire construction_green apprenticeship graduate school leaver 41202 - Construction of domestic buildings,
GLC102,National Star Foundation,Gloucestershire,GL53,education_training|health_care|hospitality_tourism,apprenticeship|school_leaver|graduate,teaching_support|admin,large,1,medium,https://nationalstar.org/jobs,Companies House–listed employer with registered office in Gloucestershire (accounts category: GROUP). Nature of business (SIC): 85410 - Post-secondary non-tertiary education. Leaver routes vary — check careers pages and Find an Apprenticeship.,National Star Foundation Gloucestershire Gloucestershire education_training health_care hospitality_tourism apprenticeship graduate school leaver 85410 - Post-secondary non-tertiary education,
GLC103,New Brewery Arts Limited,Gloucestershire,GL7,education_training|hospitality_tourism|hospitality_retail,apprenticeship|school_leaver|graduate,teaching_support|admin,large,1,medium,https://www.newbreweryarts.org.uk/,"Cirencester craft centre with classes, workshops, exhibitions, cafe and shop — a local creative organisation for making, learning and visitor experience. Routes vary — check their site for opportunities and courses.",New Brewery Arts Limited Gloucestershire Gloucestershire education_training hospitality_tourism hospitality_retail apprenticeship graduate school leaver 47781 - Retail sale in commercial art galleries,
GLC104,Newent Association For The Disabled,Newent,GL18,business_professional,apprenticeship|school_leaver|graduate,admin|finance|project_coord,large,1,medium,https://www.sheppardhouse.co.uk,Companies House–listed employer with registered office in Newent (accounts category: GROUP). Nature of business (SIC): 96040 - Physical well-being activities. Leaver routes vary — check careers pages and Find an Apprenticeship.,Newent Association For The Disabled Newent Gloucestershire business_professional apprenticeship graduate school leaver 96040 - Physical well-being activities,
GLC105,Nov Downhole Eurasia Limited,Stonehouse,GL10,construction_green|creative_events,apprenticeship|school_leaver|graduate,technician|field_ops|engineer_ops,large,1,medium,https://www.nov.com,Companies House–listed employer with registered office in Stonehouse (accounts category: GROUP). Nature of business (SIC): 09100 - Support activities for petroleum and natural gas extraction. Leaver routes vary — check careers pages and Find an Apprenticeship.,Nov Downhole Eurasia Limited Stonehouse Gloucestershire construction_green creative_events apprenticeship graduate school leaver 09100 - Support activities for petroleum and natural gas extraction,
GLC106,O'Neill And Brennan Construction Limited,Glos,GL15,business_professional,apprenticeship|school_leaver|graduate,admin|finance|project_coord,large,1,medium,https://www.oneillandbrennan.com,Companies House–listed employer with registered office in Glos (accounts category: GROUP). Nature of business (SIC): 78200 - Temporary employment agency activities. Leaver routes vary — check careers pages and Find an Apprenticeship.,O'Neill And Brennan Construction Limited Glos Gloucestershire business_professional apprenticeship graduate school leaver 78200 - Temporary employment agency activities,
GLC108,One Church,Gloucester,GL4,business_professional,apprenticeship|school_leaver|graduate,admin|finance|project_coord,large,1,medium,https://www.onechurch.uk,Companies House–listed employer with registered office in Gloucester (accounts category: GROUP). Nature of business (SIC): 94910 - Activities of religious organizations. Leaver routes vary — check careers pages and Find an Apprenticeship.,One Church Gloucester Gloucestershire business_professional apprenticeship graduate school leaver 94910 - Activities of religious organizations,
GLC109,P & M Group Limited(The),Gloucester,GL2,construction_green,apprenticeship|school_leaver|graduate,technician|field_ops|engineer_ops,large,1,medium,https://www.thepandmgroup.co.uk,Companies House–listed employer with registered office in Gloucester (accounts category: GROUP). Nature of business (SIC): 32990 - Other manufacturing n.e.c.. Leaver routes vary — check careers pages and Find an Apprenticeship.,P & M Group Limited(The) Gloucester Gloucestershire construction_green apprenticeship graduate school leaver 32990 - Other manufacturing n.e.c.,
GLC112,Pate'S Grammar School,Cheltenham,GL51,education_training,apprenticeship|school_leaver|graduate,teaching_support|admin,large,1,medium,https://www.patesgs.org,Companies House–listed employer with registered office in Cheltenham (accounts category: GROUP). Nature of business (SIC): 85310 - General secondary education. Leaver routes vary — check careers pages and Find an Apprenticeship.,Pate'S Grammar School Cheltenham Gloucestershire education_training apprenticeship graduate school leaver 85310 - General secondary education,
GLC113,Pennant International Group PLC,Cheltenham,GL51,cyber_digital,apprenticeship|school_leaver|graduate,software|cyber|analyst,large,1,medium,https://www.pennantplc.com,Companies House–listed employer with registered office in Cheltenham (accounts category: GROUP). Nature of business (SIC): 62012 - Business and domestic software development. Leaver routes vary — check careers pages and Find an Apprenticeship.,Pennant International Group PLC Cheltenham Gloucestershire cyber_digital apprenticeship graduate school leaver 62012 - Business and domestic software development,
GLC115,Pipehawk PLC,Cinderford,GL14,business_professional,apprenticeship|school_leaver|graduate,admin|finance|project_coord,large,1,medium,https://www.pipehawk.com,Companies House–listed employer with registered office in Cinderford (accounts category: GROUP). Nature of business (SIC): 82990 - Other business support service activities n.e.c.. Leaver routes vary — check careers pages and Find an Apprenticeship.,Pipehawk PLC Cinderford Gloucestershire business_professional apprenticeship graduate school leaver 82990 - Other business support service activities n.e.c.,
GLC117,Pooky Lighting Limited,Gloucester,GL4,hospitality_retail,apprenticeship|school_leaver|graduate,sales|customer_success,large,1,medium,https://www.pooky.com,"Companies House–listed employer with registered office in Gloucester (accounts category: GROUP). Nature of business (SIC): 47599 - Retail of furniture, lighting, and similar (not musical instruments or scores) in specialised store. Leaver routes vary — check careers pages and Find an Apprenticeship.","Pooky Lighting Limited Gloucester Gloucestershire hospitality_retail apprenticeship graduate school leaver 47599 - Retail of furniture, lighting, and similar (not musical instruments or scores) in specialised store",
GLC118,Prima Healthcare Group Limited,Gloucester,GL2,business_professional,apprenticeship|school_leaver|graduate,admin|finance|project_coord,large,1,medium,https://www.primadental.com,Companies House–listed employer with registered office in Gloucester (accounts category: GROUP). Nature of business (SIC): 32990 - Other manufacturing n.e.c.. Leaver routes vary — check careers pages and Find an Apprenticeship.,Prima Healthcare Group Limited Gloucester Gloucestershire business_professional apprenticeship graduate school leaver 32990 - Other manufacturing n.e.c.,
GLC119,Procook Group PLC,Gloucester,GL10,hospitality_retail,apprenticeship|school_leaver|graduate,sales|customer_success,large,1,medium,https://www.procook.co.uk,Companies House–listed employer with registered office in Gloucester (accounts category: GROUP). Nature of business (SIC): 47789 - Other retail sale of new goods in specialised stores (not commercial art galleries and opticians). Leaver routes vary — check careers pages and Find an Apprenticeship.,Procook Group PLC Gloucester Gloucestershire hospitality_retail apprenticeship graduate school leaver 47789 - Other retail sale of new goods in specialised stores (not commercial art galleries and opticians),
GLC121,Renishaw P L C,Gloucestershire,GL12,aerospace_manufacturing|business_professional,apprenticeship|school_leaver|graduate,engineer_ops|manufacturing|technician,large,1,medium,https://www.renishaw.com,Companies House–listed employer with registered office in Gloucestershire (accounts category: GROUP). Nature of business (SIC): 26512 - Manufacture of electronic industrial process control equipment. Leaver routes vary — check careers pages and Find an Apprenticeship.,Renishaw P L C Gloucestershire Gloucestershire aerospace_manufacturing business_professional apprenticeship graduate school leaver 26512 - Manufacture of electronic industrial process control equipment,
GLC122,Reputation.Com (UK) Limited,Cheltenham,GL50,agri_tech_food|business_professional,apprenticeship|school_leaver|graduate,field_ops|technician,large,1,medium,https://www.reputation.com,Companies House–listed employer with registered office in Cheltenham (accounts category: GROUP). Nature of business (SIC): 70210 - Public relations and communications activities. Leaver routes vary — check careers pages and Find an Apprenticeship.,Reputation.Com (UK) Limited Cheltenham Gloucestershire agri_tech_food business_professional apprenticeship graduate school leaver 70210 - Public relations and communications activities,
GLC123,Ridgeway Building Envelope Group Ltd,Quedgeley,GL2,construction_green|business_professional,apprenticeship|school_leaver|graduate,technician|field_ops|engineer_ops,large,1,medium,https://www.ridgewaybeg.co.uk,Companies House–listed employer with registered office in Quedgeley (accounts category: GROUP). Nature of business (SIC): 64203 - Activities of construction holding companies. Leaver routes vary — check careers pages and Find an Apprenticeship.,Ridgeway Building Envelope Group Ltd Quedgeley Gloucestershire construction_green business_professional apprenticeship graduate school leaver 64203 - Activities of construction holding companies,
GLC125,Ruskin Mill Trust Limited,Nailsworth,GL6,education_training|hospitality_tourism,apprenticeship|school_leaver|graduate,teaching_support|admin,large,1,medium,https://www.rmt.org,Companies House–listed employer with registered office in Nailsworth (accounts category: GROUP). Nature of business (SIC): 85590 - Other education n.e.c.. Leaver routes vary — check careers pages and Find an Apprenticeship.,Ruskin Mill Trust Limited Nailsworth Gloucestershire education_training hospitality_tourism apprenticeship graduate school leaver 85590 - Other education n.e.c.,
GLC126,Sailpoint Technologies UK Ltd,Cheltenham,GL50,business_professional,apprenticeship|school_leaver|graduate,admin|finance|project_coord,large,1,medium,https://www.sailpoint.com,"Companies House–listed employer with registered office in Cheltenham (accounts category: GROUP). Nature of business (SIC): 74909 - Other professional, scientific and technical activities n.e.c.. Leaver routes vary — check careers pages and Find an Apprenticeship.","Sailpoint Technologies UK Ltd Cheltenham Gloucestershire business_professional apprenticeship graduate school leaver 74909 - Other professional, scientific and technical activities n.e.c.",
GLC130,3Ab Care Limited,Bristol,BS37,education_training|health_care,apprenticeship|school_leaver|graduate,teaching_support|admin,large,1,medium,,Bristol-based employer working in pre-primary education. Routes vary — check careers pages and Find an Apprenticeship.,3Ab Care Limited Bristol Bristol education_training health_care apprenticeship graduate school leaver Pre-primary education,
GLC131,Alastair Sawday Publishing Co. Ltd,Bristol,BS1,business_professional,apprenticeship|school_leaver|graduate,admin|finance|project_coord,large,1,medium,,Bristol-based employer working in media representation services. Routes vary — check careers pages and Find an Apprenticeship.,Alastair Sawday Publishing Co. Ltd Bristol Bristol business_professional apprenticeship graduate school leaver Media representation services,
GLC132,Alder King Llp,Clifton,BS8,business_professional,apprenticeship|school_leaver|graduate,admin|finance|project_coord,large,1,medium,,Clifton-based employer working in none supplied. Routes vary — check careers pages and Find an Apprenticeship.,Alder King Llp Clifton Bristol business_professional apprenticeship graduate school leaver None Supplied,
GLC133,Andrews & Partners Limited,Bristol,BS31,business_professional,apprenticeship|school_leaver|graduate,admin|finance|project_coord,large,1,medium,,Bristol-based employer working in real estate agencies. Routes vary — check careers pages and Find an Apprenticeship.,Andrews & Partners Limited Bristol Bristol business_professional apprenticeship graduate school leaver Real estate agencies,
GLC134,Andrews Charitable Trust,Bristol,BS31,business_professional,apprenticeship|school_leaver|graduate,admin|finance|project_coord,large,1,medium,,Bristol-based employer working in non-trading company. Routes vary — check careers pages and Find an Apprenticeship.,Andrews Charitable Trust Bristol Bristol business_professional apprenticeship graduate school leaver Non-trading company,
GLC135,Archives And Records Association (UK And Ireland),Bristol,BS1,construction_green,apprenticeship|school_leaver|graduate,technician|field_ops|engineer_ops,large,1,medium,,Bristol-based employer working in activities of professional membership organizations. Routes vary — check careers pages and Find an Apprenticeship.,Archives And Records Association (UK And Ireland) Bristol Bristol construction_green apprenticeship graduate school leaver Activities of professional membership organizations,
GLC136,Archus Holdco Limited,Redcliffe,BS1,business_professional,apprenticeship|school_leaver|graduate,admin|finance|project_coord,large,1,medium,,Redcliffe-based employer working in dormant company. Routes vary — check careers pages and Find an Apprenticeship.,Archus Holdco Limited Redcliffe Bristol business_professional apprenticeship graduate school leaver Dormant Company,
GLC137,Ashfield Land Limited,Bristol,BS8,business_professional,apprenticeship|school_leaver|graduate,admin|finance|project_coord,large,1,medium,,Bristol-based employer working in buying and selling of own real estate. Routes vary — check careers pages and Find an Apprenticeship.,Ashfield Land Limited Bristol Bristol business_professional apprenticeship graduate school leaver Buying and selling of own real estate,
GLC139,Autograph Homes Limited,Bristol,BS36,construction_green,apprenticeship|school_leaver|graduate,technician|field_ops|engineer_ops,large,1,medium,,Bristol-based employer working in development of building projects. Routes vary — check careers pages and Find an Apprenticeship.,Autograph Homes Limited Bristol Bristol construction_green apprenticeship graduate school leaver Development of building projects,
GLC140,Avon Wildlife Trust,Bristol,BS39,business_professional,apprenticeship|school_leaver|graduate,admin|finance|project_coord,large,1,medium,,"Bristol-based employer working in other professional, scientific and technical activities n.e.c. Routes vary — check careers pages and Find an Apprenticeship.","Avon Wildlife Trust Bristol Bristol business_professional apprenticeship graduate school leaver Other professional, scientific and technical activities n.e.c",
GLC144,Badminton School Limited,Bristol,BS9,education_training,apprenticeship|school_leaver|graduate,teaching_support|admin,large,1,medium,,Bristol-based employer working in pre-primary education. Routes vary — check careers pages and Find an Apprenticeship.,Badminton School Limited Bristol Bristol education_training apprenticeship graduate school leaver Pre-primary education,
GLC145,Bakers Coaches Limited,Weston-Super-Mare,BS23,creative_events,apprenticeship|school_leaver|graduate,content|events,large,1,medium,,Weston-Super-Mare-based employer working in tour operator activities. Routes vary — check careers pages and Find an Apprenticeship.,Bakers Coaches Limited Weston-Super-Mare Bristol creative_events apprenticeship graduate school leaver Tour operator activities,
GLC146,Banyan Software UK Limited,Bristol,BS13,cyber_digital,apprenticeship|school_leaver|graduate,software|cyber|analyst,large,1,medium,,Bristol-based employer working in business and domestic software development. Routes vary — check careers pages and Find an Apprenticeship.,Banyan Software UK Limited Bristol Bristol cyber_digital apprenticeship graduate school leaver Business and domestic software development,
GLC148,Belltown Power UK Wind Limited,Bristol,BS1,construction_green,apprenticeship|school_leaver|graduate,technician|field_ops|engineer_ops,large,1,medium,,Bristol-based employer working in production of electricity. Routes vary — check careers pages and Find an Apprenticeship.,Belltown Power UK Wind Limited Bristol Bristol construction_green apprenticeship graduate school leaver Production of electricity,
GLC149,Blu Wireless Technology Limited,Bristol,BS2,cyber_digital|aerospace_manufacturing,apprenticeship|school_leaver|graduate,software|cyber|analyst,large,1,medium,,Bristol-based employer working in manufacture of computers and peripheral equipment. Routes vary — check careers pages and Find an Apprenticeship.,Blu Wireless Technology Limited Bristol Bristol cyber_digital aerospace_manufacturing apprenticeship graduate school leaver Manufacture of computers and peripheral equipment,
GLC150,Bluefield Services Limited,Bristol,BS1,business_professional,apprenticeship|school_leaver|graduate,admin|finance|project_coord,large,1,medium,,Bristol-based employer working in other business support service activities n.e.c. Routes vary — check careers pages and Find an Apprenticeship.,Bluefield Services Limited Bristol Bristol business_professional apprenticeship graduate school leaver Other business support service activities n.e.c,
GLC151,Bodywise (UK) Limited,Bristol,BS32,aerospace_manufacturing,apprenticeship|school_leaver|graduate,engineer_ops|manufacturing|technician,large,1,medium,,Bristol-based employer working in manufacture of household and sanitary goods and of toilet requisites. Routes vary — check careers pages and Find an Apprenticeship.,Bodywise (UK) Limited Bristol Bristol aerospace_manufacturing apprenticeship graduate school leaver Manufacture of household and sanitary goods and of toilet requisites,
GLC153,Bristol Folk House,Bristol,BS1,business_professional,apprenticeship|school_leaver|graduate,admin|finance|project_coord,large,1,medium,,Bristol-based employer working in activities of other membership organizations n.e.c. Routes vary — check careers pages and Find an Apprenticeship.,Bristol Folk House Bristol Bristol business_professional apprenticeship graduate school leaver Activities of other membership organizations n.e.c,
GLC154,Bristol Grammar School,Bristol,BS8,education_training,apprenticeship|school_leaver|graduate,teaching_support|admin,large,1,medium,,Bristol-based employer working in primary education. Routes vary — check careers pages and Find an Apprenticeship.,Bristol Grammar School Bristol Bristol education_training apprenticeship graduate school leaver Primary education,
GLC156,Bristol Old Vic And Theatre Royal Trust Limited,Bristol,BS1,creative_events,apprenticeship|school_leaver|graduate,content|events,large,1,medium,,Bristol-based employer working in artistic creation. Routes vary — check careers pages and Find an Apprenticeship.,Bristol Old Vic And Theatre Royal Trust Limited Bristol Bristol creative_events apprenticeship graduate school leaver Artistic creation,
GLC157,Bristol Old Vic Theatre School Limited,Bristol,BS8,education_training|creative_events,apprenticeship|school_leaver|graduate,teaching_support|admin,large,1,medium,,Bristol-based employer working in first-degree level higher education. Routes vary — check careers pages and Find an Apprenticeship.,Bristol Old Vic Theatre School Limited Bristol Bristol education_training creative_events apprenticeship graduate school leaver First-degree level higher education,
GLC158,Bristol Rovers (1883) Limited,Bristol,BS7,creative_events,apprenticeship|school_leaver|graduate,content|events,large,1,medium,,Bristol-based employer working in operation of sports facilities. Routes vary — check careers pages and Find an Apprenticeship.,Bristol Rovers (1883) Limited Bristol Bristol creative_events apprenticeship graduate school leaver Operation of sports facilities,
GLC161,"Bristol, Clifton And West Of England Zoological Society Limited",Bristol,BS10,agri_tech_food|creative_events,apprenticeship|school_leaver|graduate,field_ops|technician,large,1,medium,,Bristol-based employer working in botanical and zoological gardens and nature reserves activities. Routes vary — check careers pages and Find an Apprenticeship.,"Bristol, Clifton And West Of England Zoological Society Limited Bristol Bristol agri_tech_food creative_events apprenticeship graduate school leaver Botanical and zoological gardens and nature reserves activities",
GLC163,Burges Salmon Llp,Bristol,BS2,business_professional,apprenticeship|school_leaver|graduate,admin|finance|project_coord,large,1,medium,,Bristol-based employer working in none supplied. Routes vary — check careers pages and Find an Apprenticeship.,Burges Salmon Llp Bristol Bristol business_professional apprenticeship graduate school leaver None Supplied,
GLC164,Cabot Learning Federation,Bristol,BS15,education_training|hospitality_tourism,apprenticeship|school_leaver|graduate,teaching_support|admin,large,1,medium,https://clf.uk/careers,Bristol-based employer working in other education n.e.c. Routes vary — check careers pages and Find an Apprenticeship.,Cabot Learning Federation Bristol Bristol education_training hospitality_tourism apprenticeship graduate school leaver Other education n.e.c,
GLC166,Cedar Care Homes Limited,Bristol,BS8,health_care,apprenticeship|school_leaver|graduate,care|admin,large,1,medium,,Bristol-based employer working in residential nursing care facilities. Routes vary — check careers pages and Find an Apprenticeship.,Cedar Care Homes Limited Bristol Bristol health_care apprenticeship graduate school leaver Residential nursing care facilities,
GLC167,Centre For Sustainable Energy,Bristol,BS1,business_professional,apprenticeship|school_leaver|graduate,admin|finance|project_coord,large,1,medium,,Bristol-based employer working in environmental consulting activities. Routes vary — check careers pages and Find an Apprenticeship.,Centre For Sustainable Energy Bristol Bristol business_professional apprenticeship graduate school leaver Environmental consulting activities,
GLC168,Children'S Scrapstore,Bristol,BS2,creative_events,apprenticeship|school_leaver|graduate,content|events,large,1,medium,,Bristol-based employer working in operation of arts facilities. Routes vary — check careers pages and Find an Apprenticeship.,Children'S Scrapstore Bristol Bristol creative_events apprenticeship graduate school leaver Operation of arts facilities,
GLC169,Circadian Trust,Bristol,BS32,creative_events,apprenticeship|school_leaver|graduate,content|events,large,1,medium,,Bristol-based employer working in operation of sports facilities. Routes vary — check careers pages and Find an Apprenticeship.,Circadian Trust Bristol Bristol creative_events apprenticeship graduate school leaver Operation of sports facilities,
GLC170,Clade Engineering Systems Group Ltd,Bristol,BS16,aerospace_manufacturing,apprenticeship|school_leaver|graduate,engineer_ops|manufacturing|technician,large,1,medium,,Bristol-based employer working in manufacture of non-domestic cooling and ventilation equipment. Routes vary — check careers pages and Find an Apprenticeship.,Clade Engineering Systems Group Ltd Bristol Bristol aerospace_manufacturing apprenticeship graduate school leaver Manufacture of non-domestic cooling and ventilation equipment,
GLC171,Clark Insurance UK Ltd,Bristol,BS32,business_professional,apprenticeship|school_leaver|graduate,admin|finance|project_coord,large,1,medium,,Bristol-based employer working in financial intermediation not elsewhere classified. Routes vary — check careers pages and Find an Apprenticeship.,Clark Insurance UK Ltd Bristol Bristol business_professional apprenticeship graduate school leaver Financial intermediation not elsewhere classified,
GLC175,Clifton Asset Management Limited,Bristol,BS20,cyber_digital|business_professional,apprenticeship|school_leaver|graduate,software|cyber|analyst,large,1,medium,,Bristol-based employer working in business and domestic software development. Routes vary — check careers pages and Find an Apprenticeship.,Clifton Asset Management Limited Bristol Bristol cyber_digital business_professional apprenticeship graduate school leaver Business and domestic software development,
GLC176,Clifton High School,Bristol,BS8,education_training,apprenticeship|school_leaver|graduate,teaching_support|admin,large,1,medium,,Bristol-based employer working in pre-primary education. Routes vary — check careers pages and Find an Apprenticeship.,Clifton High School Bristol Bristol education_training apprenticeship graduate school leaver Pre-primary education,
GLC177,Crest Experiences Limited,Bristol,BS2,creative_events,apprenticeship|school_leaver|graduate,content|events,large,1,medium,,Bristol-based employer working in operation of sports facilities. Routes vary — check careers pages and Find an Apprenticeship.,Crest Experiences Limited Bristol Bristol creative_events apprenticeship graduate school leaver Operation of sports facilities,
GLC179,Crux Product Design Ltd,Bristol,BS4,construction_green,apprenticeship|school_leaver|graduate,technician|field_ops|engineer_ops,large,1,medium,https://careers.cruxproductdesign.com,Bristol-based employer working in specialised design activities. Routes vary — check careers pages and Find an Apprenticeship.,Crux Product Design Ltd Bristol Bristol construction_green apprenticeship graduate school leaver specialised design activities,
GLC180,Danco International Limited,"Coalpit Heath,",BS36,aerospace_manufacturing,apprenticeship|school_leaver|graduate,engineer_ops|manufacturing|technician,large,1,medium,,"Coalpit Heath,-based employer working in renting and leasing of other machinery, equipment and tangible goods n.e.c. Routes vary — check careers pages and Find an Apprenticeship.","Danco International Limited Coalpit Heath, Bristol aerospace_manufacturing apprenticeship graduate school leaver Renting and leasing of other machinery, equipment and tangible goods n.e.c",
GLC181,Downs School (Charlton House) Limited(The),Bristol,BS48,education_training,apprenticeship|school_leaver|graduate,teaching_support|admin,large,1,medium,,Bristol-based employer working in primary education. Routes vary — check careers pages and Find an Apprenticeship.,Downs School (Charlton House) Limited(The) Bristol Bristol education_training apprenticeship graduate school leaver Primary education,
GLC182,Dycem Limited,Bristol,BS2,aerospace_manufacturing,apprenticeship|school_leaver|graduate,engineer_ops|manufacturing|technician,large,1,medium,,Bristol-based employer working in manufacture of other plastic products. Routes vary — check careers pages and Find an Apprenticeship.,Dycem Limited Bristol Bristol aerospace_manufacturing apprenticeship graduate school leaver Manufacture of other plastic products,
GLC184,Energy Transition Group Ltd,Redcliffe,BS1,hospitality_retail,apprenticeship|school_leaver|graduate,sales|customer_success,large,1,medium,,"Redcliffe-based employer working in other retail sale not in stores, stalls or markets. Routes vary — check careers pages and Find an Apprenticeship.","Energy Transition Group Ltd Redcliffe Bristol hospitality_retail apprenticeship graduate school leaver Other retail sale not in stores, stalls or markets",
GLC185,Envelop Risk Analytics Limited,Bristol,BS1,cyber_digital|business_professional,apprenticeship|school_leaver|graduate,software|cyber|analyst,large,1,medium,,Bristol-based employer working in non-life insurance. Routes vary — check careers pages and Find an Apprenticeship.,Envelop Risk Analytics Limited Bristol Bristol cyber_digital business_professional apprenticeship graduate school leaver Non-life insurance,
GLC186,Equilibrium Industries Limited,Bristol,BS30,aerospace_manufacturing,apprenticeship|school_leaver|graduate,engineer_ops|manufacturing|technician,large,1,medium,,Bristol-based employer working in manufacture of other general-purpose machinery n.e.c. Routes vary — check careers pages and Find an Apprenticeship.,Equilibrium Industries Limited Bristol Bristol aerospace_manufacturing apprenticeship graduate school leaver Manufacture of other general-purpose machinery n.e.c,
GLC187,Et Ceteris Limited,Bristol,BS48,business_professional,apprenticeship|school_leaver|graduate,admin|finance|project_coord,large,1,medium,,"Bristol-based employer working in other professional, scientific and technical activities n.e.c. Routes vary — check careers pages and Find an Apprenticeship.","Et Ceteris Limited Bristol Bristol business_professional apprenticeship graduate school leaver Other professional, scientific and technical activities n.e.c",
GLC188,Everoze Partners Limited,Bristol,BS1,business_professional,apprenticeship|school_leaver|graduate,admin|finance|project_coord,large,1,medium,,Bristol-based employer working in engineering related scientific and technical consulting activities. Routes vary — check careers pages and Find an Apprenticeship.,Everoze Partners Limited Bristol Bristol business_professional apprenticeship graduate school leaver Engineering related scientific and technical consulting activities,
GLC189,Farmers First Limited,Bristol,BS2,construction_green|business_professional,apprenticeship|school_leaver|graduate,technician|field_ops|engineer_ops,large,1,medium,,Bristol-based employer working in activities of agricultural holding companies. Routes vary — check careers pages and Find an Apprenticeship.,Farmers First Limited Bristol Bristol construction_green business_professional apprenticeship graduate school leaver Activities of agricultural holding companies,
GLC190,Specsavers Optical Superstores Limited,Bristol,BS34,business_professional,apprenticeship|school_leaver,admin|finance|sales|project_coord|care,large,0,high,https://join.specsavers.com/uk,"Bristol employer (Bristol) with apprenticeship vacancies on Find an Apprenticeship. Recent roles include: Optical Assistant Apprenticeship - Bradley Stoke Specsavers; Optical Assistant Apprenticeship - Tetbury Specsavers; Optical Assistant Apprenticeship - Tewkesbury Specsavers. Standards/frameworks: Customer service practitioner, Spectacle maker, Customer service practitioner.",SPECSAVERS OPTICAL SUPERSTORES LIMITED Bristol Bristol business_professional apprenticeship school_leaver admin finance sales project_coord care customer_success Optical Assistant Apprenticeship - Bradley Stoke Specsavers Optical Assistant Apprenticeship - Tetbury Specsavers Optical Assistant Apprenticeship - Tewkesbury Specsavers Optical Assistant Apprenticeship - Tewkesbury Specsavers Customer service practitioner Spectacle maker Customer service practitioner apprenticeship school leaver,seed
GLC191,Aviva PLC,Local Area,BS34,business_professional|cyber_digital,apprenticeship|higher_apprenticeship,admin|finance|sales|project_coord|care,large,0,medium,https://careers.aviva.com,"Bristol employer (Local Area) with apprenticeship vacancies on Find an Apprenticeship. Recent roles include: Claims Apprentice; Risk and Compliance Apprentice; Business Analyst Apprentice. Standards/frameworks: Insurance practitioner, Compliance and risk officer, Business analyst.",AVIVA PLC Local Area Bristol business_professional cyber_digital apprenticeship higher_apprenticeship admin finance sales project_coord care software cyber data analyst engineer_ops Claims Apprentice Risk and Compliance Apprentice Business Analyst Apprentice Apprentice Project Manager Insurance practitioner Compliance and risk officer Business analyst apprenticeship school leaver,seed
GLC192,Babcock International,Bristol,BS3,business_professional|aerospace_manufacturing,apprenticeship|higher_apprenticeship,admin|finance|sales|project_coord|software,large,0,medium,https://www.babcockinternational.com/careers,"Bristol employer (Bristol) with apprenticeship vacancies on Find an Apprenticeship. Recent roles include: Heavy Vehicle Service and Maintenance Technician Apprenticeship (Vehicle Mechanics); Procurement and Supply Chain Apprenticeship; Engineering Design Apprenticeship. Standards/frameworks: Heavy vehicle service and maintenance technician, Commercial procurement and supply (formerly Public sector commercial professional), Engineering design and draughtsperson.",Babcock International Bristol Bristol business_professional aerospace_manufacturing apprenticeship higher_apprenticeship admin finance sales project_coord software engineer_ops manufacturing technician quality cyber data analyst field_ops ops care design content events Heavy Vehicle Service and Maintenance Technician Apprenticeship (Vehicle Mechanics) Procurement and Supply Chain Apprenticeship Engineering Design Apprenticeship Engineering Technician Apprenticeship Heavy vehicle service and maintenance technician Commercial procurement and supply (formerly Public sector commercial professional) Engineering design and draughtsperson apprenticeship school leaver,seed
GLC193,Barchester Healthcare Limited,Bristol,BS16,health_care,apprenticeship|school_leaver,care|admin,large,0,medium,https://www.barchesterjobs.com,"Bristol employer (Bristol) with apprenticeship vacancies on Find an Apprenticeship. Recent roles include: Adult Care Apprentice; Adult Care Apprentice; Adult Care Apprentice. Standards/frameworks: Adult care worker, Adult care worker, Adult care worker.",BARCHESTER HEALTHCARE LIMITED Bristol Bristol health_care apprenticeship school_leaver care admin Adult Care Apprentice Adult Care Apprentice Adult Care Apprentice Adult Care Apprentice Adult care worker Adult care worker Adult care worker apprenticeship school leaver,seed
GLC194,Bristol Airport Limited,Bristol,BS48,aerospace_manufacturing|business_professional,apprenticeship|higher_apprenticeship,admin|finance|sales|project_coord|software,large,0,medium,https://www.bristolairport.co.uk/about-us/careers,"Bristol employer (Bristol) with apprenticeship vacancies on Find an Apprenticeship. Recent roles include: Heavy Vehicle Maintenance and Repair Apprentice; Procurement Officer Apprentice; Procurement Officer Apprentice. Standards/frameworks: Heavy vehicle service and maintenance technician, Commercial procurement and supply (formerly Public sector commercial professional), Commercial procurement and supply (formerly Public sector commercial professional).",BRISTOL AIRPORT LIMITED Bristol Bristol aerospace_manufacturing business_professional apprenticeship higher_apprenticeship admin finance sales project_coord software engineer_ops manufacturing technician quality field_ops ops Heavy Vehicle Maintenance and Repair Apprentice Procurement Officer Apprentice Procurement Officer Apprentice Apprentice PMO Coordinator Heavy vehicle service and maintenance technician Commercial procurement and supply (formerly Public sector commercial professional) Commercial procurement and supply (formerly Public sector commercial professional) apprenticeship school leaver,seed
GLC195,Day Lewis PLC,Bristol,BS48,health_care,apprenticeship|school_leaver,care|admin|customer_success|sales|ops,large,0,low,https://www.daylewis.co.uk/careers,"Bristol employer (Bristol) with apprenticeship vacancies on Find an Apprenticeship. Recent roles include: Pharmacy Assistant Apprenticeship; Pharmacy Assistant Apprenticeship; Pharmacy Assistant Apprenticeship. Standards/frameworks: Pharmacy services assistant, Pharmacy services assistant, Pharmacy services assistant.",DAY LEWIS PLC Bristol Bristol health_care apprenticeship school_leaver care admin customer_success sales ops Pharmacy Assistant Apprenticeship Pharmacy Assistant Apprenticeship Pharmacy Assistant Apprenticeship Pharmacy Assistant Apprenticeship Pharmacy services assistant Pharmacy services assistant Pharmacy services assistant apprenticeship school leaver,seed
GLC196,DHL Global Forwarding (UK) Limited,Bristol,BS35,business_professional,apprenticeship|school_leaver,admin|finance|sales|project_coord|software,large,0,high,https://careers.dhl.com,"Bristol employer (Bristol) with apprenticeship vacancies on Find an Apprenticeship. Recent roles include: Logistics/Operations Apprentice; Warehouse / Operations apprentice; Logistics/Operations Apprentice. Standards/frameworks: Supply chain warehouse operative, Supply chain warehouse operative, Supply chain warehouse operative.",DHL GLOBAL FORWARDING (UK) LIMITED Bristol Bristol business_professional apprenticeship school_leaver admin finance sales project_coord software care Logistics/Operations Apprentice Warehouse / Operations apprentice Logistics/Operations Apprentice Warehouse / Operations apprentice Supply chain warehouse operative Supply chain warehouse operative Supply chain warehouse operative apprenticeship school leaver,seed
GLC197,GKN Aerospace Services Limited,Filton,BS34,aerospace_manufacturing|business_professional,apprenticeship|school_leaver|higher_apprenticeship,engineer_ops|manufacturing|technician|quality|admin,large,0,high,https://careers.gknaerospace.com,"Bristol employer (Filton) with apprenticeship vacancies on Find an Apprenticeship. Recent roles include: Aerospace Production Operative Apprenticeship; Operations Apprentice; Maintenance Apprentice. Standards/frameworks: Engineering operative, Business administrator, Improvement specialist.",GKN AEROSPACE SERVICES LIMITED Filton Bristol aerospace_manufacturing business_professional apprenticeship school_leaver higher_apprenticeship engineer_ops manufacturing technician quality admin finance sales project_coord software Aerospace Production Operative Apprenticeship Operations Apprentice Maintenance Apprentice Business Management Apprentice Engineering operative Business administrator Improvement specialist apprenticeship school leaver,seed
GLC198,Ian Williams Limited,Bristol,BS16,construction_green,apprenticeship|school_leaver,technician|field_ops|ops|engineer_ops|care,large,0,medium,https://careers.ianwilliams.co.uk,"Bristol employer (Bristol) with apprenticeship vacancies on Find an Apprenticeship. Recent roles include: Apprentice Multi Trade Operative - Bristol; Apprentice Painter and Decorator - Bristol; Apprentice Painter and Decorator - Cheltenham. Standards/frameworks: Property maintenance operative, Painter and decorator, Painter and decorator.",IAN WILLIAMS LIMITED Bristol Bristol construction_green apprenticeship school_leaver technician field_ops ops engineer_ops care Apprentice Multi Trade Operative - Bristol Apprentice Painter and Decorator - Bristol Apprentice Painter and Decorator - Cheltenham Apprentice Painter and Decorator - Cheltenham Property maintenance operative Painter and decorator Painter and decorator apprenticeship school leaver,seed
GLC199,Johnson Controls Building Efficiency UK Limited,Bristol,BS32,business_professional,apprenticeship|higher_apprenticeship,admin|finance|sales|project_coord|software,large,0,medium,https://jobs.johnsoncontrols.com,"Bristol employer (Bristol) with apprenticeship vacancies on Find an Apprenticeship. Recent roles include: Apprentice Service Engineer - Fire and Security - Bristol; Apprentice Installation Engineer- Fire Suppression - Bristol; Apprentice Graduate Sales Practioner - Fire and Security - Bristol. Standards/frameworks: Fire emergency and security systems technician, Sales executive, Engineering design and draughtsperson.",JOHNSON CONTROLS BUILDING EFFICIENCY UK LIMITED Bristol Bristol business_professional apprenticeship higher_apprenticeship admin finance sales project_coord software engineer_ops manufacturing technician quality field_ops ops care Apprentice Service Engineer - Fire and Security - Bristol Apprentice Installation Engineer- Fire Suppression - Bristol Apprentice Graduate Sales Practioner - Fire and Security - Bristol Apprentice Design Engineer- Fire Suppression - Bristol Fire emergency and security systems technician Sales executive Engineering design and draughtsperson apprenticeship school leaver,seed
GLC200,NCC Operations Limited,Bristol,BS16,business_professional,apprenticeship|higher_apprenticeship|school_leaver,admin|finance|sales|project_coord|engineer_ops,large,0,high,https://www.nccgroup.com/uk/careers,"Bristol employer (Bristol) with apprenticeship vacancies on Find an Apprenticeship. Recent roles include: Procurement and Supply Assistant Apprenticeship Level 3; NDT & Metrology Apprentice; Engineering Technician Apprenticeship. Standards/frameworks: Procurement and supply assistant, Non-destructive testing engineering technician, Composites technician.",NCC OPERATIONS LIMITED Bristol Bristol business_professional apprenticeship higher_apprenticeship school_leaver admin finance sales project_coord engineer_ops care software cyber data analyst Procurement and Supply Assistant Apprenticeship Level 3 NDT & Metrology Apprentice Engineering Technician Apprenticeship Procurement and Supply Assistant Apprenticeship Level 3 Procurement and supply assistant Non-destructive testing engineering technician Composites technician apprenticeship school leaver,seed
GLC201,Phinia Delphi UK Ltd,Gloucestershire,GL10,business_professional|aerospace_manufacturing,apprenticeship,admin|finance|sales|project_coord|engineer_ops,large,0,medium,https://www.phinia.com/careers,"Gloucestershire employer (Gloucestershire) with apprenticeship vacancies on Find an Apprenticeship. Recent roles include: Process Setter (craft) Apprentice; Process Setter (craft) Apprentice; Process Setter (craft) Apprentice. Standards/frameworks: Engineering technician, Engineering technician, Engineering technician.",PHINIA DELPHI UK LTD Gloucestershire Gloucestershire business_professional aerospace_manufacturing apprenticeship admin finance sales project_coord engineer_ops manufacturing technician quality Process Setter (craft) Apprentice Process Setter (craft) Apprentice Process Setter (craft) Apprentice Shift Manufacturing Technician Apprentice Engineering technician Engineering technician Engineering technician apprenticeship school leaver,seed
GLC202,Royal Mail Group Limited,Bristol,BS34,aerospace_manufacturing|business_professional,apprenticeship|higher_apprenticeship,engineer_ops|manufacturing|technician|quality|software,large,0,medium,https://jobs.royalmailgroup.com,"Bristol employer (Bristol) with apprenticeship vacancies on Find an Apprenticeship. Recent roles include: Engineering Apprenticeship; Engineering Apprenticeship; Engineering Apprenticeship. Standards/frameworks: Engineering technician, Engineering technician, Engineering technician.",ROYAL MAIL GROUP LIMITED Bristol Bristol aerospace_manufacturing business_professional apprenticeship higher_apprenticeship engineer_ops manufacturing technician quality software customer_success sales ops admin finance project_coord care Engineering Apprenticeship Engineering Apprenticeship Engineering Apprenticeship Royal Mail Light Vehicle Service & Maintenance Technician Apprenticeship Engineering technician Engineering technician Engineering technician apprenticeship school leaver,seed
GLC203,Seetru Limited,Bristol,BS1,business_professional,apprenticeship,admin|finance|sales|project_coord|software,large,0,medium,https://www.seetru.com/careers,"Bristol employer (Bristol) with apprenticeship vacancies on Find an Apprenticeship. Recent roles include: Sales Engineer Apprentice; Business Administration Apprentice; Business Administration Apprentice. Standards/frameworks: Business administrator, Business administrator, Business administrator.",SEETRU LIMITED Bristol Bristol business_professional apprenticeship admin finance sales project_coord software engineer_ops manufacturing technician quality Sales Engineer Apprentice Business Administration Apprentice Business Administration Apprentice Business Administration Apprentice Business administrator Business administrator Business administrator apprenticeship school leaver,seed
GLC204,Stantec UK Limited,Bristol,BS1,construction_green,apprenticeship|higher_apprenticeship,field_ops|ops|technician|engineer_ops|manufacturing,large,0,medium,https://stantec.jobs,"Bristol employer (Bristol) with apprenticeship vacancies on Find an Apprenticeship. Recent roles include: Degree Apprentice Sustainability Consultant - Bristol - 2026; Degree Apprentice Electrical Engineering - Buildings - Bristol (2026); Degree Apprentice Electrical Engineering - Buildings - Bristol (2026). Standards/frameworks: Environmental practitioner (degree), Building services design engineer (degree), Building services design engineer (degree).",STANTEC UK LIMITED Bristol Bristol construction_green apprenticeship higher_apprenticeship field_ops ops technician engineer_ops manufacturing software Degree Apprentice Sustainability Consultant - Bristol - 2026 Degree Apprentice Electrical Engineering - Buildings - Bristol (2026) Degree Apprentice Electrical Engineering - Buildings - Bristol (2026) Degree Apprentice Air Quality Consultant - Bristol (2026) Environmental practitioner (degree) Building services design engineer (degree) Building services design engineer (degree) apprenticeship school leaver,seed
GLC205,Whistl Limited,Bristol,BS34,business_professional,apprenticeship|school_leaver,admin|finance|sales|project_coord|care,large,0,medium,https://www.whistl.co.uk/careers,"Bristol employer (Bristol) with apprenticeship vacancies on Find an Apprenticeship. Recent roles include: HGV Apprenticeship Bristol; Apprentice Transport Supervisor; HGV Apprenticeship Bristol. Standards/frameworks: Large goods vehicle (LGV) driver C + E, Transport and warehouse operations supervisor, Large goods vehicle (LGV) driver C + E.",WHISTL LIMITED Bristol Bristol business_professional apprenticeship school_leaver admin finance sales project_coord care software engineer_ops manufacturing technician quality HGV Apprenticeship Bristol Apprentice Transport Supervisor HGV Apprenticeship Bristol HGV Apprenticeship Bristol Large goods vehicle (LGV) driver C + E Transport and warehouse operations supervisor Large goods vehicle (LGV) driver C + E apprenticeship school leaver,seed
GLC206,Oasis Community Learning,Bristol,BS14,education_training,apprenticeship|school_leaver,teaching_support|admin|care|software|cyber,large,0,medium,https://www.oclcareers.org,"Bristol employer (Bristol) with apprenticeship vacancies on Find an Apprenticeship. Recent roles include: Level 3 Teaching Assistant SEND Apprenticeship - Oasis Academy New Oak; Level 3 Teaching Assistant SEND Apprenticeship - Oasis Long Cross; Level 3 Teaching Assistant SEND Apprenticeship - Oasis Long Cross. Standards/frameworks: Teaching assistant, Teaching assistant, Teaching assistant.",OASIS COMMUNITY LEARNING Bristol Bristol education_training apprenticeship school_leaver teaching_support admin care software cyber finance sales project_coord Level 3 Teaching Assistant SEND Apprenticeship - Oasis Academy New Oak Level 3 Teaching Assistant SEND Apprenticeship - Oasis Long Cross Level 3 Teaching Assistant SEND Apprenticeship - Oasis Long Cross Early Years Educator Apprenticeship – Oasis Connaught Teaching assistant Teaching assistant Teaching assistant apprenticeship school leaver,seed
GLC207,St Monica Trust,Bristol,BS31,health_care,apprenticeship|school_leaver,care|admin|finance|sales|project_coord,large,0,high,https://www.stmonicatrust.org.uk/jobs,"Bristol employer (Bristol) with apprenticeship vacancies on Find an Apprenticeship. Recent roles include: Apprentice Care Assistant - Charterhouse Care Home (The Chocolate Quarter)); Apprentice Care Assistant - The Garden House (Cote Lane); Apprentice Care Assistant - John Wills House (Westbury Fields). Standards/frameworks: Adult care worker, Adult care worker, Adult care worker.",ST MONICA TRUST Bristol Bristol health_care apprenticeship school_leaver care admin finance sales project_coord software field_ops ops technician engineer_ops customer_success events Apprentice Care Assistant - Charterhouse Care Home (The Chocolate Quarter)) Apprentice Care Assistant - The Garden House (Cote Lane) Apprentice Care Assistant - John Wills House (Westbury Fields) Apprentice Care Assistant - The Garden House (Cote Lane) Adult care worker Adult care worker Adult care worker apprenticeship school leaver,seed
GLC208,Stroud District Council,Gloucestershire,GL5,business_professional,apprenticeship|school_leaver,admin|finance|sales|project_coord|customer_success,large,0,high,https://www.stroud.gov.uk/job-vacancies,"Gloucestershire employer (Gloucestershire) with apprenticeship vacancies on Find an Apprenticeship. Recent roles include: Customer Service Apprentice; Democratic Services and Elections Apprentice; Visitor Assistant Apprentice. Standards/frameworks: Customer service specialist, Business administrator, Business administrator.",Stroud District Council Gloucestershire Gloucestershire business_professional apprenticeship school_leaver admin finance sales project_coord customer_success software technician field_ops ops engineer_ops cyber data analyst care Customer Service Apprentice Democratic Services and Elections Apprentice Visitor Assistant Apprentice Planning Apprentice Customer service specialist Business administrator Business administrator apprenticeship school leaver,seed
GLC209,University of Bristol,Bristol,BS8,education_training,apprenticeship|higher_apprenticeship|school_leaver,teaching_support|admin|care|software|cyber,large,0,medium,https://www.bristol.ac.uk/jobs,"Bristol employer (Bristol) with apprenticeship vacancies on Find an Apprenticeship. Recent roles include: Administrative Apprentice; Administrative Apprentice; Archivist and Records Manager Apprentice. Standards/frameworks: Business administrator, Business administrator, Archivist and records manager.",UNIVERSITY OF BRISTOL Bristol Bristol education_training apprenticeship higher_apprenticeship school_leaver teaching_support admin care software cyber customer_success ops events Administrative Apprentice Administrative Apprentice Archivist and Records Manager Apprentice Administrative Apprentice Business administrator Business administrator Archivist and records manager apprenticeship school leaver,seed
GLC210,Young Gloucestershire,Gloucestershire,GL1,public_sector,apprenticeship,admin|ops|project_support|software|cyber,large,0,medium,https://www.youngglos.org.uk/about-us/work-for-us,"Gloucestershire employer (Gloucestershire) with apprenticeship vacancies on Find an Apprenticeship. Recent roles include: Level 3 Youth Work Apprenticeship; Level 3 Youth Work Apprenticeship; Level 3 Youth Work Apprenticeship. Standards/frameworks: Youth support worker, Youth support worker, Youth support worker.",YOUNG GLOUCESTERSHIRE Gloucestershire Gloucestershire public_sector apprenticeship admin ops project_support software cyber design content events Level 3 Youth Work Apprenticeship Level 3 Youth Work Apprenticeship Level 3 Youth Work Apprenticeship Level 3 Youth Work Apprenticeship Youth support worker Youth support worker Youth support worker apprenticeship school leaver,seed
GLC211,Inspire ATA Limited,Bristol,GL55,hospitality_tourism|education_training,apprenticeship|school_leaver,customer_success|ops|events|software|cyber,large,0,high,https://www.inspireata.co.uk,"Gloucestershire employer (Bristol) with apprenticeship vacancies on Find an Apprenticeship. Recent roles include: Level 2 Food & Beverage Team Member Apprenticeship – Three Choirs Vineyards Ltd.; Level 2 Food & Beverage Team Member Apprenticeship – Three Choirs Vineyards Ltd.; Level 2 Food & Beverage Team Member Apprenticeship – Three Choirs Vineyards Ltd.. Standards/frameworks: Facilities services operative, Teaching assistant, Teaching assistant.",INSPIRE ATA LIMITED Bristol Gloucestershire hospitality_tourism education_training apprenticeship school_leaver customer_success ops events software cyber technician field_ops engineer_ops admin teaching_support care finance sales project_coord Level 2 Food & Beverage Team Member Apprenticeship – Three Choirs Vineyards Ltd. Level 2 Food & Beverage Team Member Apprenticeship – Three Choirs Vineyards Ltd. Level 2 Food & Beverage Team Member Apprenticeship – Three Choirs Vineyards Ltd. Level 2 Food & Beverage Team Member Apprenticeship – Three Choirs Vineyards Ltd. Facilities services operative Teaching assistant Teaching assistant apprenticeship school leaver,seed
GLC212,Just Childcare Limited,Bristol,GL2,education_training|health_care,apprenticeship|school_leaver,teaching_support|admin|care,large,0,medium,https://www.justchildcare.co.uk/careers,"Gloucestershire employer (Bristol) with apprenticeship vacancies on Find an Apprenticeship. Recent roles include: Early Years Practitioner Apprentice; Early Years Practitioner Apprentice; Early Years Practitioner Apprentice. Standards/frameworks: Early years practitioner, Early years practitioner, Early years practitioner.",JUST CHILDCARE LIMITED Bristol Gloucestershire education_training health_care apprenticeship school_leaver teaching_support admin care Early Years Practitioner Apprentice Early Years Practitioner Apprentice Early Years Practitioner Apprentice Early Years Practitioner Apprentice Early years practitioner Early years practitioner Early years practitioner apprenticeship school leaver,seed
GLC213,Mama Bear's Day Nursery Ltd,Bristol,BS16,education_training|health_care,apprenticeship,teaching_support|admin|care,large,0,high,https://www.mamabear.co.uk/careers,"Bristol employer (Bristol) with apprenticeship vacancies on Find an Apprenticeship. Recent roles include: Nursery Apprentice; Nursery Apprentice; Nursery Apprentice. Standards/frameworks: Early years educator, Early years educator, Early years educator.",MAMA BEAR'S DAY NURSERY LTD Bristol Bristol education_training health_care apprenticeship teaching_support admin care Nursery Apprentice Nursery Apprentice Nursery Apprentice Early Years Educator Level 3 Apprenticeship Early years educator Early years educator Early years educator apprenticeship school leaver,seed
GLC214,Professional Apprenticeships Ltd,Bristol,BS4,business_professional,apprenticeship|school_leaver,admin|finance|sales|project_coord|software,large,0,high,https://www.professionalapprenticeships.co.uk,"Bristol employer (Bristol) with apprenticeship vacancies on Find an Apprenticeship. Recent roles include: IT Apprentice; Business Administration Apprentice; Multi Channel Marketing Apprentice. Standards/frameworks: Information communications technician, Business administrator, Business administrator.",PROFESSIONAL APPRENTICESHIPS LTD Bristol Bristol business_professional apprenticeship school_leaver admin finance sales project_coord software customer_success design content events cyber teaching_support care data analyst IT Apprentice Business Administration Apprentice Multi Channel Marketing Apprentice Business Administration Apprentice Information communications technician Business administrator Business administrator apprenticeship school leaver,seed
GLC215,Shine Wraparound Care Ltd,Horfield Bristol,BS6,health_care,apprenticeship|school_leaver|higher_apprenticeship,care|admin|teaching_support,large,0,high,https://www.myshine.co.uk/jobs,"Bristol employer (Horfield Bristol) with apprenticeship vacancies on Find an Apprenticeship. Recent roles include: Sports Coach Apprentice; Early Years Apprentice; Sports Coach Apprentice. Standards/frameworks: Community activator coach, Early years educator, Community activator coach.",SHINE WRAPAROUND CARE LTD Horfield Bristol Bristol health_care apprenticeship school_leaver higher_apprenticeship care admin teaching_support Sports Coach Apprentice Early Years Apprentice Sports Coach Apprentice Early Years Apprentice Community activator coach Early years educator Community activator coach apprenticeship school leaver,seed
GLC216,Snapdragons Nurseries Limited,Bristol,BS34,education_training|health_care,apprenticeship|higher_apprenticeship,teaching_support|admin|care,large,0,medium,https://www.snapdragonsnurseries.com/careers,"Bristol employer (Bristol) with apprenticeship vacancies on Find an Apprenticeship. Recent roles include: Early Years Educator Level 3 Apprenticeship; Early Years Educator Level 3 Apprenticeship; Early Years Educator Level 3 Apprenticeship. Standards/frameworks: Early years educator, Early years educator, Early years educator.",SNAPDRAGONS NURSERIES  LIMITED Bristol Bristol education_training health_care apprenticeship higher_apprenticeship teaching_support admin care Early Years Educator Level 3 Apprenticeship Early Years Educator Level 3 Apprenticeship Early Years Educator Level 3 Apprenticeship Early Years Educator Level 3 Apprenticeship Early years educator Early years educator Early years educator apprenticeship school leaver,seed
GLC217,South West Apprenticeship Company Ltd,Bristol,BS14,business_professional,apprenticeship|school_leaver|higher_apprenticeship,care|admin|software|cyber|finance,large,0,high,https://www.theswac.org.uk/current-vacancies,"Bristol employer (Bristol) with apprenticeship vacancies on Find an Apprenticeship. Recent roles include: Care and Support Apprentice J3478; Administration Apprentice J3474; Apprentice Site Engineer J3469. Standards/frameworks: Adult care worker, Business administrator, Civil engineering technician.",SOUTH WEST APPRENTICESHIP COMPANY LTD Bristol Bristol business_professional apprenticeship school_leaver higher_apprenticeship care admin software cyber finance sales project_coord technician field_ops ops engineer_ops manufacturing project_support data analyst customer_success events teaching_support Care and Support Apprentice J3478 Administration Apprentice J3474 Apprentice Site Engineer J3469 Marketing Apprentice J3468 Adult care worker Business administrator Civil engineering technician apprenticeship school leaver,seed
GLC218,The Childcare Corporation Limited,Local Area,BS16,education_training|health_care,apprenticeship|school_leaver,teaching_support|admin|care|software|cyber,large,0,medium,https://careers.brighthorizons.com,"Bristol employer (Local Area) with apprenticeship vacancies on Find an Apprenticeship. Recent roles include: Early Years Apprentice Practitioner- Soundwell; Early Years Apprentice Practitioner - Bristol; Early Years Apprentice Practitioner - Lakehouse. Standards/frameworks: Early years practitioner, Early years practitioner, Early years practitioner.",THE CHILDCARE CORPORATION LIMITED Local Area Bristol education_training health_care apprenticeship school_leaver teaching_support admin care software cyber Early Years Apprentice Practitioner- Soundwell Early Years Apprentice Practitioner - Bristol Early Years Apprentice Practitioner - Lakehouse Early Years Apprentice Practitioner - Downend Bristol Early years practitioner Early years practitioner Early years practitioner apprenticeship school leaver,seed
GLC219,Mitchells & Butlers Leisure Retail Limited,Bristol,BS10,hospitality_tourism,apprenticeship|school_leaver,customer_success|ops|events|care,large,0,high,https://www.mbcareersandjobs.com,"Bristol employer (Bristol) with apprenticeship vacancies on Find an Apprenticeship. Recent roles include: Chef Apprenticeship; Chef Apprenticeship; Bar and Waiting Apprenticeship. Standards/frameworks: Production chef, Production chef, Production chef.",MITCHELLS & BUTLERS LEISURE RETAIL LIMITED Bristol Bristol hospitality_tourism apprenticeship school_leaver customer_success ops events care Chef Apprenticeship Chef Apprenticeship Bar and Waiting Apprenticeship Chef Apprenticeship Production chef Production chef Production chef apprenticeship school leaver,seed
GLC220,The Coconut Tree,Bristol,,,,,,0,,https://www.thecoconut-tree.com/careers,Local employer with recent apprenticeship vacancies. Check https://www.thecoconut-tree.com/careers for current opportunities.,,seed
GLC221,IDH Group Limited (My Dentist),Local Area,BS4,business_professional,apprenticeship,admin|finance|sales|project_coord|software,large,0,high,https://www.mydentistcareers.co.uk,Bristol employer (Local Area) with apprenticeship vacancies on Find an Apprenticeship. Recent roles include: Apprentice Dental Nurse - Mydentist Bishopsworth; Apprentice Dental Nurse - Bristol; Apprentice Dental Nurse - Gloucester.,IDH GROUP LIMITED Local Area Bristol business_professional apprenticeship admin finance sales project_coord software Apprentice Dental Nurse - Mydentist Bishopsworth Apprentice Dental Nurse - Bristol Apprentice Dental Nurse - Gloucester Apprentice Dental Nurse - Stroud apprenticeship school leaver,seed
GLC222,Rodericks Dental Holdings Limited,Gloucester,GL12,business_professional|health_care,apprenticeship,admin|finance|sales|project_coord|care,large,0,high,https://www.rodericksdentalcareers.co.uk,"Gloucestershire employer (Gloucester) with apprenticeship vacancies on Find an Apprenticeship. Recent roles include: Level 3 Dental Nursing Apprenticeship -  Rodericks Dental Tewkesbury House Dental Practice; Level 3 Dental Nursing Apprenticeship - Chipping Manor Dental Practice; Dental Nursing Apprenticeship Level 3 Rodericks Wellington Road Dental. Standards/frameworks: Dental nurse (integrated), Dental nurse (integrated), Dental nurse (integrated).",RODERICKS DENTAL HOLDINGS LIMITED Gloucester Gloucestershire business_professional health_care apprenticeship admin finance sales project_coord care software cyber Level 3 Dental Nursing Apprenticeship -  Rodericks Dental Tewkesbury House Dental Practice Level 3 Dental Nursing Apprenticeship - Chipping Manor Dental Practice Dental Nursing Apprenticeship Level 3 Rodericks Wellington Road Dental Level 3 Dental Nursing Apprenticeship -  Rodericks Dental Tewkesbury House Dental Practice (3) Dental nurse (integrated) Dental nurse (integrated) Dental nurse (integrated) apprenticeship school leaver,seed
GLC223,AtkinsRéalis,Bristol,BS32,construction_green|aerospace_manufacturing,apprenticeship|higher_apprenticeship,software|cyber|data|analyst|technician,large,0,medium,https://careers.atkinsrealis.com,"Bristol employer (Bristol) with apprenticeship vacancies on Find an Apprenticeship. Recent roles include: DIGITAL AND TECHNOLOGY SOLUTIONS PROFESSIONAL (DEGREE) APPRENTICE; BUILDING SERVICES ENGINEER (DEGREE) APPRENTICE; PROJECT CONTROLS TECHNICIAN APPRENTICE. Standards/frameworks: Digital and technology solutions professional (integrated degree), Building services design engineer (degree), Project controls technician.",AtkinsRéalis Bristol Bristol construction_green aerospace_manufacturing apprenticeship higher_apprenticeship software cyber data analyst technician field_ops ops engineer_ops manufacturing quality admin finance sales project_coord DIGITAL AND TECHNOLOGY SOLUTIONS PROFESSIONAL (DEGREE) APPRENTICE BUILDING SERVICES ENGINEER (DEGREE) APPRENTICE PROJECT CONTROLS TECHNICIAN APPRENTICE CIVIL ENGINEERING (DEGREE) APPRENTICE Digital and technology solutions professional (integrated degree) Building services design engineer (degree) Project controls technician apprenticeship school leaver,seed
GLC224,Greenlight Safety & Consultancy Ltd,Bristol,BS3,construction_green,apprenticeship|school_leaver,technician|field_ops|ops|engineer_ops|care,large,0,high,https://www.greenlightsc.co.uk,"Bristol employer (Bristol) with apprenticeship vacancies on Find an Apprenticeship. Recent roles include: Groundworks Apprenticeship LVL2; Property Maintenance Apprenticeship; Advanced Carpenter Apprenticeship LVL3. Standards/frameworks: Groundworker, Property maintenance operative, Advanced carpentry and joinery.",GREENLIGHT SAFETY & CONSULTANCY LTD Bristol Bristol construction_green apprenticeship school_leaver technician field_ops ops engineer_ops care admin finance sales project_coord software customer_success Groundworks Apprenticeship LVL2 Property Maintenance Apprenticeship Advanced Carpenter Apprenticeship LVL3 Roofing Apprenticeship Groundworker Property maintenance operative Advanced carpentry and joinery apprenticeship school leaver,seed
GLC225,Ocean Property Lawyers Ltd,Bristol,BS7,business_professional,apprenticeship,admin|finance|sales|project_coord|software,large,0,medium,https://oceanhome.co.uk/conveyancing,"Bristol employer (Bristol) with apprenticeship vacancies on Find an Apprenticeship. Recent roles include: Business Administration Apprenticeship; Business Administration Apprenticeship; Business Administration Apprenticeship. Standards/frameworks: Business administrator, Business administrator, Business administrator.",OCEAN PROPERTY LAWYERS LTD Bristol Bristol business_professional apprenticeship admin finance sales project_coord software Business Administration Apprenticeship Business Administration Apprenticeship Business Administration Apprenticeship Business Administration Apprenticeship Business administrator Business administrator Business administrator apprenticeship school leaver,seed
GLC226,Design 4 Life Limited,Bristol,BS16,health_care,apprenticeship|school_leaver,care|admin,large,0,medium,https://design4life.uk,"Bristol employer (Bristol) with apprenticeship vacancies on Find an Apprenticeship. Recent roles include: Apprentice Support Worker; Apprentice Support Worker; Health and Social Care Apprenticeship - Fishponds. Standards/frameworks: Adult care worker, Adult care worker, Adult care worker.",DESIGN 4 LIFE LIMITED Bristol Bristol health_care apprenticeship school_leaver care admin Apprentice Support Worker Apprentice Support Worker Health and Social Care Apprenticeship - Fishponds Health and Social Care Apprenticeship - Fishponds Adult care worker Adult care worker Adult care worker apprenticeship school leaver,seed
GLC227,EDA Learning and Development Limited,Bristol,BS11,construction_green,apprenticeship|school_leaver,technician|field_ops|ops|engineer_ops|software,large,0,medium,https://www.theatateam.co.uk/eda,"Bristol employer (Bristol) with apprenticeship vacancies on Find an Apprenticeship. Recent roles include: Trade Supplier apprentice; Trade Supplier apprentice; Electrical Wholesale Apprentice. Standards/frameworks: Trade supplier, Trade supplier, Trade supplier.",EDA LEARNING AND DEVELOPMENT LIMITED Bristol Bristol construction_green apprenticeship school_leaver technician field_ops ops engineer_ops software Trade Supplier apprentice Trade Supplier apprentice Electrical Wholesale Apprentice Trade Supplier apprentice Trade supplier Trade supplier Trade supplier apprenticeship school leaver,seed
GLC228,Edison Ford Gen Insurance Brokers,Yate Bristol,BS37,business_professional,apprenticeship|higher_apprenticeship,admin|finance|sales|project_coord|software,large,0,medium,https://edisonfordinsure.co.uk,"Bristol employer (Yate Bristol) with apprenticeship vacancies on Find an Apprenticeship. Recent roles include: Insurance Administrator Apprenticeship; Insurance Administrator Apprenticeship; Apprentice Marketing Executive. Standards/frameworks: Business administrator, Business administrator, Marketing executive.",EDISON FORD GEN INSURANCE BROKERS Yate Bristol Bristol business_professional apprenticeship higher_apprenticeship admin finance sales project_coord software Insurance Administrator Apprenticeship Insurance Administrator Apprenticeship Apprentice Marketing Executive Apprentice Marketing Executive Business administrator Business administrator Marketing executive apprenticeship school leaver,seed
GLC229,Dalcour Maclaren Limited,Bristol,GL20,construction_green,apprenticeship|higher_apprenticeship,technician|field_ops|ops|engineer_ops|software,large,0,medium,https://dalcourmaclaren.com/careers,"Gloucestershire employer (Bristol) with apprenticeship vacancies on Find an Apprenticeship. Recent roles include: Apprentice Environmental Planner; Chartered Surveyor (Rural) Degree Apprenticeship - Cirencester, Gloucestershire; Chartered Surveyor (Rural) Degree Apprenticeship - Tewkesbury, Gloucestershire. Standards/frameworks: Chartered town planner (degree), Chartered surveyor (degree), Chartered surveyor (degree).","DALCOUR MACLAREN LIMITED Bristol Gloucestershire construction_green apprenticeship higher_apprenticeship technician field_ops ops engineer_ops software admin finance sales project_coord Apprentice Environmental Planner Chartered Surveyor (Rural) Degree Apprenticeship - Cirencester, Gloucestershire Chartered Surveyor (Rural) Degree Apprenticeship - Tewkesbury, Gloucestershire Apprentice Business Admin Coordinator Chartered town planner (degree) Chartered surveyor (degree) Chartered surveyor (degree) apprenticeship school leaver",seed
GLC230,Persimmon Homes Limited,Bristol,BS10,construction_green,apprenticeship|higher_apprenticeship|school_leaver,technician|field_ops|ops|engineer_ops|care,large,0,low,https://jobs.persimmonhomes.com,"Bristol employer (Bristol) with apprenticeship vacancies on Find an Apprenticeship. Recent roles include: Apprentice Site Supervisor; Apprentice Bricklayer; Apprentice Assistant Site Manager. Standards/frameworks: Construction site supervisor, Bricklayer, Construction site supervisor.",PERSIMMON HOMES LIMITED Bristol Bristol construction_green apprenticeship higher_apprenticeship school_leaver technician field_ops ops engineer_ops care Apprentice Site Supervisor Apprentice Bricklayer Apprentice Assistant Site Manager Bricklayer Apprenticeship Construction site supervisor Bricklayer Construction site supervisor apprenticeship school leaver,seed
GLC231,5Values Consulting Group Ltd,Bristol,BS2,business_professional,apprenticeship|higher_apprenticeship,admin|finance|sales|project_coord|software,large,0,medium,https://weare5values.com,"Bristol employer (Bristol) with apprenticeship vacancies on Find an Apprenticeship. Recent roles include: People and Talent Acquisition Consultant Apprentice; AI Solutions Apprentice; Financial & Operations Executive Apprentice. Standards/frameworks: HR consultant partner, Data technician, HR support.",5VALUES CONSULTING GROUP LTD Bristol Bristol business_professional apprenticeship higher_apprenticeship admin finance sales project_coord software cyber data analyst care People and Talent Acquisition Consultant Apprentice AI Solutions Apprentice Financial & Operations Executive Apprentice HR APPRENTICE HR consultant partner Data technician HR support apprenticeship school leaver,seed
GLC232,Lancer Scott Limited,Bristol,BS1,business_professional,apprenticeship|school_leaver,customer_success|ops|events|software|cyber,large,0,high,https://lancerscott.co.uk/careers,"Bristol employer (Bristol) with apprenticeship vacancies on Find an Apprenticeship. Recent roles include: Receptionist/Administration Apprentice; Apprentice Contract Support - Business Administrator; Apprentice Contract Support. Standards/frameworks: Business administrator, Business administrator, Business administrator.",LANCER SCOTT LIMITED Bristol Bristol business_professional apprenticeship school_leaver customer_success ops events software cyber admin finance sales project_coord care Receptionist/Administration Apprentice Apprentice Contract Support - Business Administrator Apprentice Contract Support Apprentice Contract Support Business administrator Business administrator Business administrator apprenticeship school leaver,seed
GLC233,Muller UK & Ireland Group LLP,Gloucestershire,GL10,agri_tech_food|hospitality_tourism,apprenticeship|higher_apprenticeship,admin|finance|sales|project_coord|care,large,0,medium,https://careers.muller.co.uk,"Gloucestershire employer (Gloucestershire) with apprenticeship vacancies on Find an Apprenticeship. Recent roles include: HGV Technician Apprentice; HGV Technician Apprentice; Manufacturing Academy Apprentice. Standards/frameworks: Heavy vehicle service and maintenance technician, Heavy vehicle service and maintenance technician, Food and drink technical operator.",MULLER UK & IRELAND GROUP LLP Gloucestershire Gloucestershire agri_tech_food hospitality_tourism apprenticeship higher_apprenticeship admin finance sales project_coord care field_ops ops technician customer_success events HGV Technician Apprentice HGV Technician Apprentice Manufacturing Academy Apprentice Multi-Skilled Engineering Apprentice Heavy vehicle service and maintenance technician Heavy vehicle service and maintenance technician Food and drink technical operator apprenticeship school leaver,seed
GLC234,Nasa Consulting Limited,Bristol,BS1,business_professional,apprenticeship,admin|finance|sales|project_coord|software,large,0,medium,https://nasaconsulting.com,"Bristol employer (Bristol) with apprenticeship vacancies on Find an Apprenticeship. Recent roles include: Accounts Assistant Apprentice; Accounts Assistant Apprentice; Payroll Executive Apprentice. Standards/frameworks: Assistant accountant, Assistant accountant, Business administrator.",NASA CONSULTING LIMITED Bristol Bristol business_professional apprenticeship admin finance sales project_coord software customer_success Accounts Assistant Apprentice Accounts Assistant Apprentice Payroll Executive Apprentice Onboarding Executive Apprentice Assistant accountant Assistant accountant Business administrator apprenticeship school leaver,seed
GLC235,Publica Group (Support) Limited,Cirencester,GL7,business_professional,apprenticeship,admin|finance|sales|project_coord|software,large,0,medium,https://careers.publicagroup.uk,"Gloucestershire employer (Cirencester) with apprenticeship vacancies on Find an Apprenticeship. Recent roles include: Business Administration Apprentice; Business Administration Apprentice; Business Administration Apprentice. Standards/frameworks: Business administrator, Business administrator, Business administrator.",PUBLICA GROUP ( SUPPORT) LIMITED Cirencester Gloucestershire business_professional apprenticeship admin finance sales project_coord software customer_success care Business Administration Apprentice Business Administration Apprentice Business Administration Apprentice Business Administration Apprentice Business administrator Business administrator Business administrator apprenticeship school leaver,seed
GLC236,R H C Lifting Ltd,Bristol,BS37,construction_green|aerospace_manufacturing,apprenticeship|school_leaver,technician|field_ops|ops|engineer_ops|manufacturing,medium,0,low,https://rhclifting.com,"Bristol employer (Bristol) with apprenticeship vacancies on Find an Apprenticeship. Recent roles include: Apprentice Crane Engineer; Apprentice Crane Engineer; Apprentice Crane Engineer. Standards/frameworks: Maintenance and operations engineering technician, Maintenance and operations engineering technician, Maintenance and operations engineering technician.",R H C LIFTING LTD Bristol Bristol construction_green aerospace_manufacturing apprenticeship school_leaver technician field_ops ops engineer_ops manufacturing quality care Apprentice Crane Engineer Apprentice Crane Engineer Apprentice Crane Engineer Apprentice Radio Remote Control Technician Maintenance and operations engineering technician Maintenance and operations engineering technician Maintenance and operations engineering technician apprenticeship school leaver,seed
GLC237,Raised in Bristol Ltd,Bristol,BS5,education_training|health_care,apprenticeship|school_leaver,teaching_support|admin|care,large,0,high,https://www.eteach.com/careers/raisedinbristol,"Bristol employer (Bristol) with apprenticeship vacancies on Find an Apprenticeship. Recent roles include: Early Years Level 3 Apprenticeship - Raised in Bristol (St Pauls); Early Years Level 3 Apprenticeship - Raised in Bristol (Felix Road); Early Years Level 3 Apprenticeship  - Raised in Bristol (Easton Community Centre). Standards/frameworks: Early years educator, Early years educator, Early years educator.",RAISED IN BRISTOL LTD Bristol Bristol education_training health_care apprenticeship school_leaver teaching_support admin care Early Years Level 3 Apprenticeship - Raised in Bristol (St Pauls) Early Years Level 3 Apprenticeship - Raised in Bristol (Felix Road) Early Years Level 3 Apprenticeship  - Raised in Bristol (Easton Community Centre) Early Years Level 3 Apprenticeship  - Raised in Bristol (Easton Community Centre) Early years educator Early years educator Early years educator apprenticeship school leaver,seed
GLC238,Rheinmetall MAN Military Vehicles UK Ltd,Bristol,BS32,business_professional,apprenticeship,admin|finance|sales|project_coord|software,large,0,medium,https://www.rheinmetall.com/en/career,"Bristol employer (Bristol) with apprenticeship vacancies on Find an Apprenticeship. Recent roles include: Supply Chain Administration Apprentice - RMMV; Supply Chain Administration Apprentice - RMMV; Heavy Vehicle Apprentice - Field Service Representative Apprentice - RMMV. Standards/frameworks: Business administrator, Business administrator, Heavy vehicle service and maintenance technician.",RHEINMETALL MAN MILITARY VEHICLES UK LTD Bristol Bristol business_professional apprenticeship admin finance sales project_coord software Supply Chain Administration Apprentice - RMMV Supply Chain Administration Apprentice - RMMV Heavy Vehicle Apprentice - Field Service Representative Apprentice - RMMV Field Service Representative Apprentice - RMMV Business administrator Business administrator Heavy vehicle service and maintenance technician apprenticeship school leaver,seed
GLC239,Smart Systems Limited,North Somerset,BS49,business_professional,apprenticeship|school_leaver,admin|finance|sales|project_coord|engineer_ops,large,0,medium,https://www.smartsystems.co.uk/careers,"Bristol employer (North Somerset) with apprenticeship vacancies on Find an Apprenticeship. Recent roles include: Multi-Skilled Engineering Apprentice - Extrusions Maintenance; Multi-Skilled Engineering Apprentice - Extrusions Maintenance; Multi-Skilled Engineering Apprentice - Extrusions Maintenance. Standards/frameworks: General welder (arc processes), Accounts or finance assistant, Accounts or finance assistant.",SMART SYSTEMS LIMITED North Somerset Bristol business_professional apprenticeship school_leaver admin finance sales project_coord engineer_ops software Multi-Skilled Engineering Apprentice - Extrusions Maintenance Multi-Skilled Engineering Apprentice - Extrusions Maintenance Multi-Skilled Engineering Apprentice - Extrusions Maintenance Multi-Skilled Engineering Apprentice General welder (arc processes) Accounts or finance assistant Accounts or finance assistant apprenticeship school leaver,seed
GLC240,Tarmac Trading Limited,Bristol,BS48,construction_green,apprenticeship|higher_apprenticeship|school_leaver,technician|field_ops|ops|engineer_ops|manufacturing,large,0,medium,https://www.tarmac.com/careers,"Bristol employer (Bristol) with apprenticeship vacancies on Find an Apprenticeship. Recent roles include: Apprentice Quantity Surveyor - tarmac/TP/67621/7332; Higher Apprentice - Operations Management- tarmac/TP/67621/7329; Apprentice Operative Materials / Building Products tarmac/TP/67621/7324. Standards/frameworks: Construction quantity surveying technician, Mineral products technician, Mineral and construction product sampling and testing operations.",TARMAC TRADING LIMITED Bristol Bristol construction_green apprenticeship higher_apprenticeship school_leaver technician field_ops ops engineer_ops manufacturing quality care Apprentice Quantity Surveyor - tarmac/TP/67621/7332 Higher Apprentice - Operations Management- tarmac/TP/67621/7329 Apprentice Operative Materials / Building Products tarmac/TP/67621/7324 Apprentice Operative Materials / Building Products tarmac/TP/67621/7325 Construction quantity surveying technician Mineral products technician Mineral and construction product sampling and testing operations apprenticeship school leaver,seed
GLC241,AC Services (Southern) Limited,Yate,BS37,business_professional,apprenticeship,admin|finance|sales|project_coord|software,large,0,low,https://acservicessouthern.co.uk,"Bristol employer (Yate) with apprenticeship vacancies on Find an Apprenticeship. Recent roles include: Business Administration Apprenticeship; Business Administration Apprenticeship; Business Administration Apprenticeship. Standards/frameworks: Business administrator, Business administrator, Business administrator.",AC SERVICES (SOUTHERN) LIMITED Yate Bristol business_professional apprenticeship admin finance sales project_coord software Business Administration Apprenticeship Business Administration Apprenticeship Business Administration Apprenticeship Business Administration Apprenticeship Business administrator Business administrator Business administrator apprenticeship school leaver,seed
GLC242,Bristol City Council,Bristol,BS1,business_professional,apprenticeship|higher_apprenticeship|school_leaver,admin|ops|project_support|software|cyber,large,0,high,https://www.bristol.gov.uk/jobs-and-careers,"Bristol employer (Bristol) with apprenticeship vacancies on Find an Apprenticeship. Recent roles include: Library, Information and Archive Services Assistant Apprentice Level 3; Port Marine Officer Apprentice; Executive Support Apprentice (Level 3 Business Administration). Standards/frameworks: Library, information and archive services assistant, Port marine operations officer, Business administrator.","Bristol City Council Bristol Bristol business_professional apprenticeship higher_apprenticeship school_leaver admin ops project_support software cyber finance sales project_coord technician field_ops engineer_ops care teaching_support design content events manufacturing quality customer_success Library, Information and Archive Services Assistant Apprentice Level 3 Port Marine Officer Apprentice Executive Support Apprentice (Level 3 Business Administration) Civil Engineer Degree Apprentice Library, information and archive services assistant Port marine operations officer Business administrator apprenticeship school leaver",seed
GLC243,HM Prison & Probation Service,Wotton Under Edge,GL12,business_professional|hospitality_retail,apprenticeship|school_leaver,admin|finance|sales|project_coord|customer_success,medium,0,medium,https://prisonandprobationjobs.gov.uk,"Gloucestershire employer (Wotton Under Edge) with apprenticeship vacancies on Find an Apprenticeship. Recent roles include: Operational Support Grade - Advance Into Justice (South West)  - Apprentice; Operational Support Grade - HMP Eastwood Park (Prison Support Role) - Apprentice; 15504 - Operational Support Grade - Bristol (Prison Support Role) Apprenticeship. Standards/frameworks: Customer service practitioner, Customer service practitioner, Customer service practitioner.",HM Prison & Probation Service Wotton Under Edge Gloucestershire business_professional hospitality_retail apprenticeship school_leaver admin finance sales project_coord customer_success Operational Support Grade - Advance Into Justice (South West)  - Apprentice Operational Support Grade - HMP Eastwood Park (Prison Support Role) - Apprentice 15504 - Operational Support Grade - Bristol (Prison Support Role) Apprenticeship 15848 Operational Support Grade - HMP Eastwood Park (Prison Support Role) Apprenticeship Customer service practitioner Customer service practitioner Customer service practitioner apprenticeship school leaver,seed
GLC244,Ministry of Defence,Bristol,BS34,business_professional,apprenticeship|higher_apprenticeship,admin|finance|sales|project_coord|engineer_ops,large,0,medium,https://careers.mod.uk,"Bristol employer (Bristol) with apprenticeship vacancies on Find an Apprenticeship. Recent roles include: SDA Technical Engineering Waterfront Apprentice Scheme; DE&S Protective Security Adviser Apprenticeship Scheme; SDA Technical Nuclear Degree Apprentice Scheme. Standards/frameworks: Nuclear scientist and nuclear engineer (integrated degree), Business administrator, Data analyst.",Ministry of Defence Bristol Bristol business_professional apprenticeship higher_apprenticeship admin finance sales project_coord engineer_ops software cyber data analyst manufacturing technician quality SDA Technical Engineering Waterfront Apprentice Scheme DE&S Protective Security Adviser Apprenticeship Scheme SDA Technical Nuclear Degree Apprentice Scheme SDA Technical Nuclear Degree Apprentice Scheme Nuclear scientist and nuclear engineer (integrated degree) Business administrator Data analyst apprenticeship school leaver,seed
GLC245,Bupa (British United Provident Association),Bristol,GL4,health_care,apprenticeship,admin|finance|sales|project_coord|software,large,0,medium,https://careers.bupa.co.uk,"Gloucestershire employer (Bristol) with apprenticeship vacancies on Find an Apprenticeship. Recent roles include: Apprentice Dental Nurse - Bristol (St George); Apprentice Dental Nurse; Apprentice Dental Nurse. Standards/frameworks: Dental nurse (integrated), Dental nurse (integrated), Dental nurse (integrated).",The British United Provident Association Ltd Bristol Gloucestershire health_care apprenticeship admin finance sales project_coord software care cyber Apprentice Dental Nurse - Bristol (St George) Apprentice Dental Nurse Apprentice Dental Nurse Apprentice Dental Nurse Dental nurse (integrated) Dental nurse (integrated) Dental nurse (integrated) apprenticeship school leaver,seed
GLC246,North Somerset Council,North Somerset,BS23,business_professional|health_care,apprenticeship|higher_apprenticeship|school_leaver,admin|finance|sales|project_coord|software,large,0,high,https://n-somerset.gov.uk/my-services/jobs-training/council-jobs,"Bristol employer (North Somerset) with apprenticeship vacancies on Find an Apprenticeship. Recent roles include: Lettings Team Apprentice; Early Years Level 3 Apprenticeship; Business Support Apprentice. Standards/frameworks: Business administrator, Early years educator, Business administrator.",North Somerset Council North Somerset Bristol business_professional health_care apprenticeship higher_apprenticeship school_leaver admin finance sales project_coord software teaching_support care cyber ops project_support customer_success design content events Lettings Team Apprentice Early Years Level 3 Apprenticeship Business Support Apprentice Business Administration Apprentice Business administrator Early years educator Business administrator apprenticeship school leaver,seed
GLC247,Bridge Learning Campus,Bristol,BS13,education_training,apprenticeship,teaching_support|admin|care|software|cyber,medium,0,medium,https://www.blc.school,"Bristol employer (Bristol) with apprenticeship vacancies on Find an Apprenticeship. Recent roles include: Apprentice SEND Teaching Assistant; Teaching Assistant Apprentice; Teaching Assistant Apprentice. Standards/frameworks: Teaching assistant, Teaching assistant, Teaching assistant.",Bridge Learning Campus Bristol Bristol education_training apprenticeship teaching_support admin care software cyber Apprentice SEND Teaching Assistant Teaching Assistant Apprentice Teaching Assistant Apprentice Apprentice SEND Teaching Assistant Teaching assistant Teaching assistant Teaching assistant apprenticeship school leaver,seed
GLC248,Christ Church Infant School,Bristol,BS16,education_training,apprenticeship,teaching_support|admin|care|software|cyber,medium,0,medium,https://christchurchinfants.co.uk,"Bristol employer (Bristol) with apprenticeship vacancies on Find an Apprenticeship. Recent roles include: Apprentice Teaching Assistant Level 3; Apprentice Teaching Assistant Level 3; Teaching Assistant Apprentice - Christ Church CofE VC Junior School. Standards/frameworks: Teaching assistant, Teaching assistant, Teaching assistant.",Christ Church Infant School Bristol Bristol education_training apprenticeship teaching_support admin care software cyber Apprentice Teaching Assistant Level 3 Apprentice Teaching Assistant Level 3 Teaching Assistant Apprentice - Christ Church CofE VC Junior School Teaching Assistant Apprentice - Christ Church CofE VC Junior School Teaching assistant Teaching assistant Teaching assistant apprenticeship school leaver,seed
GLC249,Gloucester Road Primary School,Cheltenham,GL51,education_training,apprenticeship|school_leaver,teaching_support|admin|care|software|cyber,large,0,medium,https://gloucesterroadprimary.co.uk,"Gloucestershire employer (Cheltenham) with apprenticeship vacancies on Find an Apprenticeship. Recent roles include: Early Years Educator Apprentice; Teaching Assistant Apprentice; Level 3 Teaching Assistant Apprenticeship - St Peter's Catholic Primary School. Standards/frameworks: Early years educator, Teaching assistant, Teaching assistant.",Gloucester Road Primary School Cheltenham Gloucestershire education_training apprenticeship school_leaver teaching_support admin care software cyber Early Years Educator Apprentice Teaching Assistant Apprentice Level 3 Teaching Assistant Apprenticeship - St Peter's Catholic Primary School Teaching Partner with an interest in Sports apprentice Early years educator Teaching assistant Teaching assistant apprenticeship school leaver,seed
GLC250,Ravenswood School,Bristol,BS48,education_training|health_care,apprenticeship|school_leaver,teaching_support|admin|care,large,0,medium,https://ravenswoodschool.org.uk,"Bristol employer (Bristol) with apprenticeship vacancies on Find an Apprenticeship. Recent roles include: Early Years Level 3 Apprenticeship; Teaching Assistant Level 3 Apprenticeship; Teaching Assistant Level 3 Apprenticeship. Standards/frameworks: Early years educator, Teaching assistant, Teaching assistant.",Ravenswood School Bristol Bristol education_training health_care apprenticeship school_leaver teaching_support admin care Early Years Level 3 Apprenticeship Teaching Assistant Level 3 Apprenticeship Teaching Assistant Level 3 Apprenticeship Early Years Level 3 Apprenticeship Early years educator Teaching assistant Teaching assistant apprenticeship school leaver,seed
GLC251,Barbar Nursery Limited,Stroud,GL5,education_training|health_care,apprenticeship|school_leaver,teaching_support|admin|care,large,0,medium,https://barbarnursery.co.uk,"Gloucestershire employer (Stroud) with apprenticeship vacancies on Find an Apprenticeship. Recent roles include: Early Years Level 3 Apprenticeship - Bar Bar Nursery; Early Years Level 3 Apprenticeship - Bar Bar Nursery Quedgeley; Early Years Level 3 Apprenticeship - Bar Bar Nursery. Standards/frameworks: Early years educator, Early years educator, Early years educator.",BARBAR NURSERY LIMITED Stroud Gloucestershire education_training health_care apprenticeship school_leaver teaching_support admin care Early Years Level 3 Apprenticeship - Bar Bar Nursery Early Years Level 3 Apprenticeship - Bar Bar Nursery Quedgeley Early Years Level 3 Apprenticeship - Bar Bar Nursery Early Years Level 3 Apprenticeship - Bar Bar Nursery Quedgeley Early years educator Early years educator Early years educator apprenticeship school leaver,seed
GLC252,Avon Valley Nursery and Pre School,Local Area,BS31,education_training|health_care,apprenticeship,teaching_support|admin|care,medium,0,high,https://avonvalleynursery.co.uk,"Bristol employer (Local Area) with apprenticeship vacancies on Find an Apprenticeship. Recent roles include: Childcare Apprenticeship - Bristol; Childcare Apprenticeship - Bristol; Childcare Apprenticeship - Bristol. Standards/frameworks: Early years educator, Early years educator, Early years educator.",Avon Valley Nursery and Pre School Local Area Bristol education_training health_care apprenticeship teaching_support admin care Childcare Apprenticeship - Bristol Childcare Apprenticeship - Bristol Childcare Apprenticeship - Bristol Childcare Apprenticeship - Bristol Early years educator Early years educator Early years educator apprenticeship school leaver,seed
GLC253,Daisychain Bristol Ltd,Bristol,BS8,education_training|health_care,apprenticeship|higher_apprenticeship,teaching_support|admin|care,large,0,high,https://daisychain-nursery.co.uk,"Bristol employer (Bristol) with apprenticeship vacancies on Find an Apprenticeship. Recent roles include: Early Years Level 3 Apprenticeship - Daisychain Clifton Nursery; Early Years Level 3 Apprenticeship - Daisychain Clifton Nursery; Early Years Level 3 Apprenticeship - Daisychain Clifton Nursery. Standards/frameworks: Early years educator, Early years educator, Early years educator.",DAISYCHAIN BRISTOL LTD Bristol Bristol education_training health_care apprenticeship higher_apprenticeship teaching_support admin care Early Years Level 3 Apprenticeship - Daisychain Clifton Nursery Early Years Level 3 Apprenticeship - Daisychain Clifton Nursery Early Years Level 3 Apprenticeship - Daisychain Clifton Nursery Early Years Level 3 Apprenticeship - Daisychain Nursery Early years educator Early years educator Early years educator apprenticeship school leaver,seed
GLC254,Grandir UK,Gloucestershire,BS15,education_training|health_care,apprenticeship|school_leaver,teaching_support|admin|care|software|cyber,large,0,low,https://grandiruk.com/careers,"Bristol employer (Gloucestershire) with apprenticeship vacancies on Find an Apprenticeship. Recent roles include: Nursery Apprentice Level 2 - Lake House Bristol; Nursery Apprentice Level 2 - Bristol; Nursery Apprentice Level 2 - Lake House. Standards/frameworks: Early years practitioner, Early years practitioner, Early years practitioner.",Grandir Gloucestershire Bristol education_training health_care apprenticeship school_leaver teaching_support admin care software cyber Nursery Apprentice Level 2 - Lake House Bristol Nursery Apprentice Level 2 - Bristol Nursery Apprentice Level 2 - Lake House Nursery Apprentice Level 2 - Soundwell Early years practitioner Early years practitioner Early years practitioner apprenticeship school leaver,seed
GLC255,Quays Park Nursery,Local Area,BS20,education_training|health_care,apprenticeship,teaching_support|admin|care,medium,0,medium,https://quaysparknursery.co.uk,"Bristol employer (Local Area) with apprenticeship vacancies on Find an Apprenticeship. Recent roles include: Apprentice Early Years Educator; Apprentice Early Years Educator; Apprentice Early Years Educator. Standards/frameworks: Early years educator, Early years educator, Early years educator.",Quays Park Nursery Local Area Bristol education_training health_care apprenticeship teaching_support admin care Apprentice Early Years Educator Apprentice Early Years Educator Apprentice Early Years Educator Apprentice Early Years Educator Early years educator Early years educator Early years educator apprenticeship school leaver,seed
GLC256,The Old Station Nursery,Gloucestershire,GL3,education_training|health_care,apprenticeship|school_leaver,teaching_support|admin|care,large,0,medium,https://www.theoldstationnursery.co.uk/careers,"Gloucestershire employer (Gloucestershire) with apprenticeship vacancies on Find an Apprenticeship. Recent roles include: Early Years Educator Apprentice TOSN Innsworth; Early Years Educator Apprentice Mottershead; Early Years Educator Apprentice Mottershead. Standards/frameworks: Early years educator, Early years educator, Early years educator.",THE OLD STATION NURSERY LTD Gloucestershire Gloucestershire education_training health_care apprenticeship school_leaver teaching_support admin care Early Years Educator Apprentice TOSN Innsworth Early Years Educator Apprentice Mottershead Early Years Educator Apprentice Mottershead Early Years Educator Apprentice level 3 - Innsworth Early years educator Early years educator Early years educator apprenticeship school leaver,seed
GLC257,Marston's PLC,Bourton On The Water,BS16,hospitality_tourism,apprenticeship|school_leaver,customer_success|ops|events|care,medium,0,high,https://marstonscareers.co.uk,"Bristol employer (Bourton On The Water) with apprenticeship vacancies on Find an Apprenticeship. Recent roles include: Chef Apprenticeship; Apprentice Chef - The Landing Light - Weston Super Mare; Apprentice Chef. Standards/frameworks: Production chef, Production chef, Production chef.",MARSTON'S PLC Bourton On The Water Bristol hospitality_tourism apprenticeship school_leaver customer_success ops events care Chef Apprenticeship Apprentice Chef - The Landing Light - Weston Super Mare Apprentice Chef Apprentice Chef Production chef Production chef Production chef apprenticeship school leaver,seed
GLC258,Mini VIP's Nursery & Day Care Ltd,Gloucestershire,,,,,,0,,https://minivips.co.uk,Local employer with recent apprenticeship vacancies. Check https://minivips.co.uk for current opportunities.,,seed
GLC259,North Bristol NHS Trust,Bristol,,,,,,0,,https://www.nbt.nhs.uk/careers,Local employer with recent apprenticeship vacancies. Check https://www.nbt.nhs.uk/careers for current opportunities.,,seed
GLC260,South Gloucestershire Council,Bristol,,,,,,0,,https://jobs.southglos.gov.uk,Local employer with recent apprenticeship vacancies. Check https://jobs.southglos.gov.uk for current opportunities.,,seed
GLC261,Alun Griffiths (Contractors) Limited,Bristol,BS48,construction_green,apprenticeship|school_leaver|higher_apprenticeship,technician|field_ops|ops|engineer_ops|software,large,0,medium,https://careers.griffiths.co.uk,"Bristol employer (Bristol) with apprenticeship vacancies on Find an Apprenticeship. Recent roles include: Apprentice Groundworker; Apprentice Groundworker; Apprentice Quantity Surveyor. Standards/frameworks: Groundworker, Groundworker, Construction quantity surveying technician.",ALUN GRIFFITHS (CONTRACTORS)  LIMITED Bristol Bristol construction_green apprenticeship school_leaver higher_apprenticeship technician field_ops ops engineer_ops software manufacturing Apprentice Groundworker Apprentice Groundworker Apprentice Quantity Surveyor Apprentice Quantity Surveyor Groundworker Groundworker Construction quantity surveying technician apprenticeship school leaver,seed
GLC262,BT Group PLC,Bristol,BS2,business_professional,apprenticeship|higher_apprenticeship,admin|finance|sales|project_coord|care,medium,0,medium,https://jobs.bt.com,"Bristol employer (Bristol) with apprenticeship vacancies on Find an Apprenticeship. Recent roles include: Customer Support Technician Apprentice - Gloucester; Project Manager Apprentice; Business Explorer, AI Expert Apprentice - Bristol. Standards/frameworks: Information communications technician, Associate project manager, Improvement practitioner.","BT GROUP PLC Bristol Bristol business_professional apprenticeship higher_apprenticeship admin finance sales project_coord care engineer_ops manufacturing technician quality Customer Support Technician Apprentice - Gloucester Project Manager Apprentice Business Explorer, AI Expert Apprentice - Bristol Business Explorer, Business Transformation Delivery Apprentice - Bristol Information communications technician Associate project manager Improvement practitioner apprenticeship school leaver",seed
GLC263,CF Roberts (Electrical Contractors) Limited,Gloucestershire,GL51,construction_green,apprenticeship|school_leaver,technician|field_ops|ops|engineer_ops|care,large,0,medium,https://cfroberts.co.uk,"Gloucestershire employer (Gloucestershire) with apprenticeship vacancies on Find an Apprenticeship. Recent roles include: NVQ Level 3 Electrician Apprenticeship; Plumbing and Domestic Heating Technician Apprenticeship; Plumbing & Heating Apprenticeship. Standards/frameworks: Installation electrician and maintenance electrician, Plumbing and domestic heating technician, Building services engineering installer.",CF Roberts (Electrical Contractors) Limited Gloucestershire Gloucestershire construction_green apprenticeship school_leaver technician field_ops ops engineer_ops care manufacturing NVQ Level 3 Electrician Apprenticeship Plumbing and Domestic Heating Technician Apprenticeship Plumbing & Heating Apprenticeship Building Services Engineering Apprentice Installation electrician and maintenance electrician Plumbing and domestic heating technician Building services engineering installer apprenticeship school leaver,seed
GLC264,Chartwell Funding Limited,Bristol,BS37,business_professional,apprenticeship,admin|finance|sales|project_coord|software,large,0,medium,https://chartwellfunding.co.uk,"Bristol employer (Bristol) with apprenticeship vacancies on Find an Apprenticeship. Recent roles include: Apprentice Mortgage Broker; Apprentice Mortgage Broker; Business Administration Apprentice. Standards/frameworks: Mortgage adviser, Mortgage adviser, Business administrator.",CHARTWELL FUNDING LIMITED Bristol Bristol business_professional apprenticeship admin finance sales project_coord software Apprentice Mortgage Broker Apprentice Mortgage Broker Business Administration Apprentice Business Administration Apprentice Mortgage adviser Mortgage adviser Business administrator apprenticeship school leaver,seed
GLC265,Flex Digital Solutions Ltd,Redcliffe,BS1,business_professional,apprenticeship|higher_apprenticeship,admin|finance|sales|project_coord|software,medium,0,medium,https://flex-digital.net,"Bristol employer (Redcliffe) with apprenticeship vacancies on Find an Apprenticeship. Recent roles include: Apprentice Marketing Executive; Apprentice Marketing Executive; Apprentice Marketing Executive. Standards/frameworks: Marketing executive, Marketing executive, Marketing executive.",FLEX DIGITAL SOLUTIONS LTD Redcliffe Bristol business_professional apprenticeship higher_apprenticeship admin finance sales project_coord software Apprentice Marketing Executive Apprentice Marketing Executive Apprentice Marketing Executive Apprentice Marketing Executive Marketing executive Marketing executive Marketing executive apprenticeship school leaver,seed
GLC266,FMG Repair Services Limited,Gloucestershire,GL2,aerospace_manufacturing,apprenticeship,engineer_ops|manufacturing|technician|quality|care,large,0,medium,https://fmgrepairservices.co.uk/careers,"Gloucestershire employer (Gloucestershire) with apprenticeship vacancies on Find an Apprenticeship. Recent roles include: Mechanical, Electrical and Trim (MET) Apprentice - FMG Gloucester; Vehicle Damage Paint Technician Apprenticeship; Mechanical, Electrical and Trim (MET) Apprentice - FMG Bristol. Standards/frameworks: Vehicle damage mechanical, electrical and trim (MET) technician, Vehicle damage paint technician, Vehicle damage mechanical, electrical and trim (MET) technician.","FMG REPAIR SERVICES LIMITED Gloucestershire Gloucestershire aerospace_manufacturing apprenticeship engineer_ops manufacturing technician quality care admin finance sales project_coord customer_success Mechanical, Electrical and Trim (MET) Apprentice - FMG Gloucester Vehicle Damage Paint Technician Apprenticeship Mechanical, Electrical and Trim (MET) Apprentice - FMG Bristol Mechanical, Electrical and Trim (MET) Apprentice - FMG Gloucester Vehicle damage mechanical, electrical and trim (MET) technician Vehicle damage paint technician Vehicle damage mechanical, electrical and trim (MET) technician apprenticeship school leaver",seed
GLC267,GAP Group Limited,Tewkesbury,GL20,aerospace_manufacturing|business_professional,apprenticeship|school_leaver,engineer_ops|manufacturing|technician|quality|admin,medium,0,medium,https://gap-group.co.uk/work-with-us,"Gloucestershire employer (Tewkesbury) with apprenticeship vacancies on Find an Apprenticeship. Recent roles include: Apprentice Plant Mechanic; Apprentice Hire and Sales Coordinator; Apprentice Hire and Sales Coordinator. Standards/frameworks: Land-based service engineering technician, Customer service practitioner, Customer service practitioner.",GAP GROUP LIMITED Tewkesbury Gloucestershire aerospace_manufacturing business_professional apprenticeship school_leaver engineer_ops manufacturing technician quality admin finance sales project_coord customer_success Apprentice Plant Mechanic Apprentice Hire and Sales Coordinator Apprentice Hire and Sales Coordinator Apprentice Fitter Land-based service engineering technician Customer service practitioner Customer service practitioner apprenticeship school leaver,seed
GLC268,Jacobs U.K. Limited,Bristol,BS2,construction_green,apprenticeship|higher_apprenticeship,technician|field_ops|ops|engineer_ops|manufacturing,large,0,medium,https://careers.jacobs.com,"Bristol employer (Bristol) with apprenticeship vacancies on Find an Apprenticeship. Recent roles include: Civil Engineering Apprentice (Level 6) – Transmission & Distribution (Bristol); Civil Engineering Apprentice (Level 6) – Ground Engineering (Bristol); Civil Engineering Apprentice (Level 6) – Ground Engineering (Manchester). Standards/frameworks: Civil engineer (degree), Civil engineer (degree), Civil engineer (degree).",JACOBS U.K. LIMITED Bristol Bristol construction_green apprenticeship higher_apprenticeship technician field_ops ops engineer_ops manufacturing admin finance sales project_coord quality Civil Engineering Apprentice (Level 6) – Transmission & Distribution (Bristol) Civil Engineering Apprentice (Level 6) – Ground Engineering (Bristol) Civil Engineering Apprentice (Level 6) – Ground Engineering (Manchester) Civil Engineering Apprentice (Level 6) – Traffic Engineering (Bristol) Civil engineer (degree) Civil engineer (degree) Civil engineer (degree) apprenticeship school leaver,seed
GLC269,Konecranes UK Limited,South Gloucestershire,BS35,construction_green|business_professional,apprenticeship,admin|finance|sales|project_coord|engineer_ops,large,0,medium,https://konecranes.careers,"Bristol employer (South Gloucestershire) with apprenticeship vacancies on Find an Apprenticeship. Recent roles include: Apprentice Engineer Bristol; Apprentice Engineer Gloucester; Apprentice Engineer Bristol. Standards/frameworks: Maintenance and operations engineering technician, Maintenance and operations engineering technician, Maintenance and operations engineering technician.",KONECRANES UK LIMITED South Gloucestershire Bristol construction_green business_professional apprenticeship admin finance sales project_coord engineer_ops technician field_ops ops manufacturing Apprentice Engineer Bristol Apprentice Engineer Gloucester Apprentice Engineer Bristol Apprentice Engineer Bristol Maintenance and operations engineering technician Maintenance and operations engineering technician Maintenance and operations engineering technician apprenticeship school leaver,seed
GLC270,MAN Truck and Bus UK Limited,Bristol,BS11,business_professional,apprenticeship|school_leaver,admin|finance|sales|project_coord|software,large,0,high,https://careers.man.co.uk,"Bristol employer (Bristol) with apprenticeship vacancies on Find an Apprenticeship. Recent roles include: MAN Heavy Vehicle Apprenticeship - Bristol; Trade Supplier Apprenticeship - Bristol; Business Administrator Apprenticeship - Bristol. Standards/frameworks: Heavy vehicle service and maintenance technician, Trade supplier, Business administrator.",MAN TRUCK AND BUS UK LIMITED Bristol Bristol business_professional apprenticeship school_leaver admin finance sales project_coord software customer_success engineer_ops MAN Heavy Vehicle Apprenticeship - Bristol Trade Supplier Apprenticeship - Bristol Business Administrator Apprenticeship - Bristol MAN Heavy Vehicle Apprenticeship - Bristol Heavy vehicle service and maintenance technician Trade supplier Business administrator apprenticeship school leaver,seed
GLC271,Nuclear Restoration Services,Bristol,BS35,business_professional,apprenticeship|school_leaver|higher_apprenticeship,admin|finance|sales|project_coord|care,medium,0,medium,https://nrs.careers,"Bristol employer (Bristol) with apprenticeship vacancies on Find an Apprenticeship. Recent roles include: Level 2 NRS Apprenticeship - Nuclear Health Physics Monitor 2026 - Oldbury; Level 6 NRS Apprenticeship - Nuclear Scientist (Nuclear Engineering) C&I 2026 - Oldbury; Level 6 NRS Apprenticeship - (Mechanical) Nuclear Engineering 2025 - Oldbury. Standards/frameworks: Nuclear health physics monitor, Nuclear scientist and nuclear engineer (integrated degree), Nuclear scientist and nuclear enginee",Nuclear Restoration Services Bristol Bristol business_professional apprenticeship school_leaver higher_apprenticeship admin finance sales project_coord care engineer_ops Level 2 NRS Apprenticeship - Nuclear Health Physics Monitor 2026 - Oldbury Level 6 NRS Apprenticeship - Nuclear Scientist (Nuclear Engineering) C&I 2026 - Oldbury Level 6 NRS Apprenticeship - (Mechanical) Nuclear Engineering 2025 - Oldbury Level 2 NRS Apprenticeship - Health Physics Monitor 2025 - Oldbury Nuclear health physics monitor Nuclear scientist and nuclear engineer (integrated degree) Nuclear scientist and nuclear engineer (integrated degree) apprenticeship school leaver,seed
GLC272,Pegasus Planning Group Limited,Bristol,BS32,business_professional|aerospace_manufacturing,apprenticeship|higher_apprenticeship,engineer_ops|manufacturing|technician|quality|admin,medium,0,high,https://pegasusgroup.co.uk/careers,"Bristol employer (Bristol) with apprenticeship vacancies on Find an Apprenticeship. Recent roles include: Transport Planner Apprentice; Transport Planner Apprentice; Transport Planner Apprentice. Standards/frameworks: Transport planner (integrated degree), Transport planner (integrated degree), Transport planner (integrated degree).",PEGASUS PLANNING GROUP LIMITED Bristol Bristol business_professional aerospace_manufacturing apprenticeship higher_apprenticeship engineer_ops manufacturing technician quality admin finance sales project_coord Transport Planner Apprentice Transport Planner Apprentice Transport Planner Apprentice Transport Planner Apprentice Transport planner (integrated degree) Transport planner (integrated degree) Transport planner (integrated degree) apprenticeship school leaver,seed
GLC273,Reynolds Porter Chamberlain LLP (RPC),Bristol,BS1,business_professional,apprenticeship,admin|finance|sales|project_coord|software,large,0,medium,https://www.rpclegal.com/careers,"Bristol employer (Bristol) with apprenticeship vacancies on Find an Apprenticeship. Recent roles include: Claims Handling Administrator Apprentice (Salary £21,500); Claims Handling Administrator Apprentice (Salary £21,500); Claims Handler Apprentice (RPC). Standards/frameworks: Business administrator, Business administrator, Insurance practitioner.","Reynolds Porter Chamberlain LLP Bristol Bristol business_professional apprenticeship admin finance sales project_coord software Claims Handling Administrator Apprentice (Salary £21,500) Claims Handling Administrator Apprentice (Salary £21,500) Claims Handler Apprentice (RPC) Claims Handler Apprentice (RPC) Business administrator Business administrator Insurance practitioner apprenticeship school leaver",seed
GLC274,Righton Blackburns,Gloucestershire,BS11,business_professional,apprenticeship|school_leaver,admin|finance|sales|project_coord|care,medium,0,medium,https://rightonblackburns.co.uk,"Bristol employer (Gloucestershire) with apprenticeship vacancies on Find an Apprenticeship. Recent roles include: Apprentice Warehouse Operative (Righton Blackburns - Bristol); Apprentice Warehouse Operative (Righton Blackburns - Bristol); Apprentice Warehouse Operative (Righton Blackburns - Bristol). Standards/frameworks: Supply chain warehouse operative, Supply chain warehouse operative, Supply chain warehouse operative.",Righton Blackburns - Bristol Gloucestershire Bristol business_professional apprenticeship school_leaver admin finance sales project_coord care customer_success Apprentice Warehouse Operative (Righton Blackburns - Bristol) Apprentice Warehouse Operative (Righton Blackburns - Bristol) Apprentice Warehouse Operative (Righton Blackburns - Bristol) Apprentice Warehouse Operative (Righton Blackburns - Bristol) Supply chain warehouse operative Supply chain warehouse operative Supply chain warehouse operative apprenticeship school leaver,seed
GLC275,Scania (Great Britain) Limited,Local Area,BS11,business_professional,apprenticeship,admin|finance|sales|project_coord|engineer_ops,large,0,medium,https://www.scania.com/uk/en/home/careers,"Bristol employer (Local Area) with apprenticeship vacancies on Find an Apprenticeship. Recent roles include: Scania Heavy Vehicle Technician Apprenticeship; Scania Customer Advisor Apprenticeship; Scania Heavy Vehicle Technician Apprenticeship. Standards/frameworks: Heavy vehicle service and maintenance technician, Customer service specialist, Heavy vehicle service and maintenance technician.",SCANIA (GREAT BRITAIN) LIMITED Local Area Bristol business_professional apprenticeship admin finance sales project_coord engineer_ops customer_success Scania Heavy Vehicle Technician Apprenticeship Scania Customer Advisor Apprenticeship Scania Heavy Vehicle Technician Apprenticeship Scania Heavy Vehicle Technician Apprenticeship Heavy vehicle service and maintenance technician Customer service specialist Heavy vehicle service and maintenance technician apprenticeship school leaver,seed
GLC276,St. James's Place Management Services Limited,Cirencester,GL7,business_professional,apprenticeship|higher_apprenticeship,admin|finance|sales|project_coord|software,medium,0,medium,https://www.sjp.co.uk/careers,"Gloucestershire employer (Cirencester) with apprenticeship vacancies on Find an Apprenticeship. Recent roles include: Advice Apprentice; Investment Support Desk Apprenticeship; ​​Technology Apprenticeship Programme – Data Engineering and Analytics​. Standards/frameworks: Investment operations specialist, HR support.",ST.JAMES'S PLACE MANAGEMENT SERVICES LIMITED Cirencester Gloucestershire business_professional apprenticeship higher_apprenticeship admin finance sales project_coord software care Advice Apprentice Investment Support Desk Apprenticeship ​​Technology Apprenticeship Programme – Data Engineering and Analytics​ Human Resources Apprentice Investment operations specialist HR support apprenticeship school leaver,seed
GLC277,Statham Custom Cabins Ltd,Stroud,GL5,construction_green,apprenticeship|school_leaver,technician|field_ops|ops|engineer_ops|care,medium,0,high,https://stathamcustomcabinsltd.co.uk,"Gloucestershire employer (Stroud) with apprenticeship vacancies on Find an Apprenticeship. Recent roles include: Carpentry Apprentice at Statham Custom Cabins; Carpentry Apprentice; Carpentry Level 2 Apprentice. Standards/frameworks: Carpentry and joinery, Carpentry and joinery, Carpentry and joinery.",STATHAM CUSTOM CABINS LTD Stroud Gloucestershire construction_green apprenticeship school_leaver technician field_ops ops engineer_ops care Carpentry Apprentice at Statham Custom Cabins Carpentry Apprentice Carpentry Level 2 Apprentice Carpentry Apprentice Carpentry and joinery Carpentry and joinery Carpentry and joinery apprenticeship school leaver,seed
GLC278,The Waiting Game (Bristol) Limited,Bristol,BS6,business_professional,apprenticeship|school_leaver,admin|finance|sales|project_coord|customer_success,medium,0,medium,https://thewaitinggame.co.uk,"Bristol employer (Bristol) with apprenticeship vacancies on Find an Apprenticeship. Recent roles include: People Operations Apprentice; Payroll Assistant Apprentice; Payroll Assistant Apprentice. Standards/frameworks: Business administrator, Accounts or finance assistant, Business administrator.",THE WAITING GAME (BRISTOL) LIMITED Bristol Bristol business_professional apprenticeship school_leaver admin finance sales project_coord customer_success software People Operations Apprentice Payroll Assistant Apprentice Payroll Assistant Apprentice Payroll Assistant Apprentice Business administrator Accounts or finance assistant Business administrator apprenticeship school leaver,seed
GLC279,TUI UK Limited,Bristol,BS34,hospitality_tourism,apprenticeship,customer_success|ops|events|care|engineer_ops,large,0,medium,https://careers.tuigroup.com/en/united-kingdom,"Bristol employer (Bristol) with apprenticeship vacancies on Find an Apprenticeship. Recent roles include: TUI Retail Apprentice; TUI Retail Apprentice; Cabin Crew Apprenticeship. Standards/frameworks: Travel consultant, Travel consultant, Cabin crew.",TUI UK LIMITED Bristol Bristol hospitality_tourism apprenticeship customer_success ops events care engineer_ops manufacturing technician quality admin TUI Retail Apprentice TUI Retail Apprentice Cabin Crew Apprenticeship TUI Retail Apprentice Travel consultant Travel consultant Cabin crew apprenticeship school leaver,seed
GLC280,Thatchers Cider Company Ltd,North Somerset,BS25,hospitality_tourism|business_professional,apprenticeship|higher_apprenticeship|school_leaver,admin|finance|sales|project_coord|software,large,0,medium,https://careers.thatcherscider.co.uk,"Bristol employer (North Somerset) with apprenticeship vacancies on Find an Apprenticeship. Recent roles include: Next Generation Apprentice; Customer Service Apprentice; Cider Academy Apprentice (Food and Drink Technical Operator). Standards/frameworks: Associate project manager, Customer service specialist, Food and drink technical operator.",Thatchers Cider Company Ltd North Somerset Bristol hospitality_tourism business_professional apprenticeship higher_apprenticeship school_leaver admin finance sales project_coord software customer_success field_ops ops technician events engineer_ops manufacturing cyber data analyst care Next Generation Apprentice Customer Service Apprentice Cider Academy Apprentice (Food and Drink Technical Operator) Commercial Apprentice Associate project manager Customer service specialist Food and drink technical operator apprenticeship school leaver,seed
GLC281,Timber Windows Cotswolds,Cirencester,GL7,construction_green,apprenticeship|school_leaver,technician|field_ops|ops|engineer_ops|software,medium,0,medium,https://timberwindows.com,"Gloucestershire employer (Cirencester) with apprenticeship vacancies on Find an Apprenticeship. Recent roles include: Apprentice Window and Door Installer; Apprentice Window and Door Installer; Apprentice Window and Door Installer. Standards/frameworks: Fenestration installer, Fenestration installer, Fenestration installer.",Timber Windows- Cotswolds Cirencester Gloucestershire construction_green apprenticeship school_leaver technician field_ops ops engineer_ops software Apprentice Window and Door Installer Apprentice Window and Door Installer Apprentice Window and Door Installer Apprentice Window and Door Installer Fenestration installer Fenestration installer Fenestration installer apprenticeship school leaver,seed
GLC282,Arjo UK Limited,Gloucester,BS16,construction_green,apprenticeship|school_leaver,technician|field_ops|ops|engineer_ops|manufacturing,medium,0,medium,https://www.arjo.com/en-gb/about-us/careers,"Bristol employer (Gloucester) with apprenticeship vacancies on Find an Apprenticeship. Recent roles include: Apprentice Installation Engineer; Apprentice Installation Engineer; Apprentice Installation Engineer. Standards/frameworks: Building services engineering service and maintenance engineer, Building services engineering service and maintenance engineer, Building services engineering service and maintenance engineer.",ARJO UK LIMITED Gloucester Bristol construction_green apprenticeship school_leaver technician field_ops ops engineer_ops manufacturing admin finance sales project_coord customer_success Apprentice Installation Engineer Apprentice Installation Engineer Apprentice Installation Engineer Apprentice Installation Engineer Building services engineering service and maintenance engineer Building services engineering service and maintenance engineer Building services engineering service and maintenance engineer apprenticeship school leaver,seed
GLC283,Ascent Flight Training (Management) Limited,Bristol,BS16,business_professional|cyber_digital,apprenticeship|higher_apprenticeship,software|cyber|data|analyst|admin,medium,0,high,https://ascentflighttraining.com/careers,"Bristol employer (Bristol) with apprenticeship vacancies on Find an Apprenticeship. Recent roles include: Data Analyst Degree Apprentice; Commercial Assistant Apprentice; Project Management Apprentice. Standards/frameworks: Digital and technology solutions professional (integrated degree), Commercial procurement and supply (formerly Public sector commercial professional), Associate project manager.",ASCENT FLIGHT TRAINING (MANAGEMENT) LIMITED Bristol Bristol business_professional cyber_digital apprenticeship higher_apprenticeship software cyber data analyst admin finance sales project_coord Data Analyst Degree Apprentice Commercial Assistant Apprentice Project Management Apprentice Cyber Security Apprentice Digital and technology solutions professional (integrated degree) Commercial procurement and supply (formerly Public sector commercial professional) Associate project manager apprenticeship school leaver,seed
GLC284,Ashton Gate Limited,Bristol,BS3,hospitality_tourism,apprenticeship|school_leaver,admin|finance|sales|project_coord|software,large,0,low,https://bristol-sport.co.uk/careers/work-at-ashton-gate,"Bristol employer (Bristol) with apprenticeship vacancies on Find an Apprenticeship. Recent roles include: HR Apprentice; Commis Chef Apprentice; Commis Chef Apprentice. Standards/frameworks: HR support, Commis chef, Commis chef.",ASHTON GATE LIMITED Bristol Bristol hospitality_tourism apprenticeship school_leaver admin finance sales project_coord software customer_success ops events HR Apprentice Commis Chef Apprentice Commis Chef Apprentice Commis Chef Apprentice HR support Commis chef Commis chef apprenticeship school leaver,seed
GLC285,ATS Euromaster Limited,Local Area,GL1,aerospace_manufacturing,apprenticeship|school_leaver,engineer_ops|manufacturing|technician|quality|care,medium,0,low,https://www.atseuromaster.co.uk,"Gloucestershire employer (Local Area) with apprenticeship vacancies on Find an Apprenticeship. Recent roles include: ATS Euromaster Autocare Technician Apprenticeship; ATS Euromaster Autocare Technician Apprenticeship; ATS Euromaster Autocare Technician Apprenticeship. Standards/frameworks: Autocare technician, Autocare technician, Autocare technician.",ATS EUROMASTER LIMITED Local Area Gloucestershire aerospace_manufacturing apprenticeship school_leaver engineer_ops manufacturing technician quality care ATS Euromaster Autocare Technician Apprenticeship ATS Euromaster Autocare Technician Apprenticeship ATS Euromaster Autocare Technician Apprenticeship ATS Euromaster Autocare Technician Apprenticeship Autocare technician Autocare technician Autocare technician apprenticeship school leaver,seed
GLC286,Arup,Bristol,BS1,construction_green,apprenticeship|higher_apprenticeship,field_ops|ops|technician|engineer_ops|manufacturing,large,0,medium,https://jobs.arup.com,"Bristol employer (Bristol) with apprenticeship vacancies on Find an Apprenticeship. Recent roles include: Apprenticeship Level 6 - Ecology and Nature - Birmingham/Bristol; Apprenticeship Level 3 - Water - Flood Risk Management - Birmingham/Bristol; Apprenticeship Level 3 - Rail - Bristol/Birmingham. Standards/frameworks: Environmental practitioner (degree), Civil engineering technician, Rail engineering technician.",Arup Bristol Bristol construction_green apprenticeship higher_apprenticeship field_ops ops technician engineer_ops manufacturing quality software cyber Apprenticeship Level 6 - Ecology and Nature - Birmingham/Bristol Apprenticeship Level 3 - Water - Flood Risk Management - Birmingham/Bristol Apprenticeship Level 3 - Rail - Bristol/Birmingham Apprenticeship Level 3 - Project Controls - Bristol Environmental practitioner (degree) Civil engineering technician Rail engineering technician apprenticeship school leaver,seed
GLC287,British Car Auctions Limited (BCA),Local Area,BS20,aerospace_manufacturing,apprenticeship|school_leaver,engineer_ops|manufacturing|technician|quality|care,medium,0,low,https://careers.bca.co.uk,"Bristol employer (Local Area) with apprenticeship vacancies on Find an Apprenticeship. Recent roles include: Apprentice Vehicle Damage Paint Technician; Apprentice Vehicle Damage Paint Technician; Apprentice Vehicle Damage Panel Technician. Standards/frameworks: Vehicle damage paint technician, Vehicle damage paint technician, Vehicle damage panel technician.",BRITISH CAR AUCTIONS LIMITED Local Area Bristol aerospace_manufacturing apprenticeship school_leaver engineer_ops manufacturing technician quality care Apprentice Vehicle Damage Paint Technician Apprentice Vehicle Damage Paint Technician Apprentice Vehicle Damage Panel Technician Apprentice Autocare Technician Vehicle damage paint technician Vehicle damage paint technician Vehicle damage panel technician apprenticeship school leaver,seed
GLC288,Coach Core Foundation,Bristol,BS3,health_care,apprenticeship|school_leaver,care|admin,medium,0,high,https://coachcore.org.uk/about-us/careers,"Bristol employer (Bristol) with apprenticeship vacancies on Find an Apprenticeship. Recent roles include: Gymnastics and Trampoline Coach Apprentice; Apprentice Sports Coach; Apprentice Sports Coach. Standards/frameworks: Community activator coach, Community activator coach, Community activator coach.",COACH CORE FOUNDATION Bristol Bristol health_care apprenticeship school_leaver care admin Gymnastics and Trampoline Coach Apprentice Apprentice Sports Coach Apprentice Sports Coach Apprentice Sports Coach Community activator coach Community activator coach Community activator coach apprenticeship school leaver,seed
GLC289,DVSA,Bristol,BS5,business_professional,apprenticeship|higher_apprenticeship,admin|finance|sales|project_coord|software,large,0,medium,https://www.civil-service-careers.gov.uk/dvsa,"Bristol employer (Bristol) with apprenticeship vacancies on Find an Apprenticeship. Recent roles include: Level 3 Paralegal Apprentice; L4 Regulatory Compliance Officer apprentice; L3 Learning and Development Practitioner Apprentice. Standards/frameworks: Paralegal, Regulatory compliance officer, Learning and development practitioner.",DVSA Bristol Bristol business_professional apprenticeship higher_apprenticeship admin finance sales project_coord software ops project_support cyber data analyst care engineer_ops Level 3 Paralegal Apprentice L4 Regulatory Compliance Officer apprentice L3 Learning and Development Practitioner Apprentice Apprentice Compliance Support Officer Paralegal Regulatory compliance officer Learning and development practitioner apprenticeship school leaver,seed
GLC290,Defra,Bristol,BS1,business_professional,apprenticeship|higher_apprenticeship|school_leaver,admin|finance|sales|project_coord|software,large,0,medium,https://defrajobs.co.uk,"Bristol employer (Bristol) with apprenticeship vacancies on Find an Apprenticeship. Recent roles include: HR Support Apprentice Level 3; HR Support Apprentice Level 3; Environment Group Executive Assistant - Business Administration Level 3 Apprenticeship. Standards/frameworks: HR support, HR support, Business administrator.","Department for the Environment, Food and Rural Affairs Bristol Bristol business_professional apprenticeship higher_apprenticeship school_leaver admin finance sales project_coord software cyber data analyst technician field_ops ops engineer_ops HR Support Apprentice Level 3 HR Support Apprentice Level 3 Environment Group Executive Assistant - Business Administration Level 3 Apprenticeship Environment Group Executive Assistant - Business Administration Level 3 Apprenticeship HR support HR support Business administrator apprenticeship school leaver",seed
GLC291,Gloucestershire College,Gloucester,GL2,business_professional|education_training,apprenticeship|school_leaver,teaching_support|admin|care|finance|sales,large,0,medium,https://sgscol.ac.uk/jobs,"Gloucestershire employer (Gloucester) with apprenticeship vacancies on Find an Apprenticeship. Recent roles include: Apprentice SEND Administrator; Apprentice Onboarding Administrator; IT Support Apprentice. Standards/frameworks: Business administrator, Customer service practitioner, Information communications technician.",Gloucestershire College Gloucester Gloucestershire business_professional education_training apprenticeship school_leaver teaching_support admin care finance sales project_coord software cyber Apprentice SEND Administrator Apprentice Onboarding Administrator IT Support Apprentice Maintenance Apprentice Person Business administrator Customer service practitioner Information communications technician apprenticeship school leaver,seed
GLC292,HorseWorld Trust,Whitchurch,BS14,agri_tech_food|hospitality_tourism,apprenticeship|school_leaver,field_ops|ops|technician|care|customer_success,medium,0,medium,https://horseworld.org.uk/about-us/vacancies,"Bristol employer (Whitchurch) with apprenticeship vacancies on Find an Apprenticeship. Recent roles include: HorseWorld - Whitchurch Branch - Equine Welfare Apprenticeship; HorseWorld - Whitchurch Branch - Equine Welfare Apprenticeship; Apprentice Receptionist/Administrator. Standards/frameworks: Equine groom, Equine groom, Business administrator.",HORSEWORLD TRUST Whitchurch Bristol agri_tech_food hospitality_tourism apprenticeship school_leaver field_ops ops technician care customer_success events finance admin sales project_coord HorseWorld - Whitchurch Branch - Equine Welfare Apprenticeship HorseWorld - Whitchurch Branch - Equine Welfare Apprenticeship Apprentice Receptionist/Administrator Apprentice Fundraiser Administrator Equine groom Equine groom Business administrator apprenticeship school leaver,seed
GLC293,St Chad's CE VC Primary School,Patchway Bristol,BS34,education_training,apprenticeship,teaching_support|admin|care|software|cyber,medium,0,medium,https://stchadsprimaryschool.co.uk,"Bristol employer (Patchway Bristol) with apprenticeship vacancies on Find an Apprenticeship. Recent roles include: Teaching Assistant Level 3 Apprenticeship; Teaching Assistant Apprentice; Teaching Assistant Apprentice. Standards/frameworks: Teaching assistant, Teaching assistant, Teaching assistant.",St Chad’s CE VC Primary School Patchway Bristol Bristol education_training apprenticeship teaching_support admin care software cyber Teaching Assistant Level 3 Apprenticeship Teaching Assistant Apprentice Teaching Assistant Apprentice Teaching Assistant Apprentice Teaching assistant Teaching assistant Teaching assistant apprenticeship school leaver,seed
GLC294,Tewkesbury Borough Council,Gloucestershire,GL20,business_professional|public_sector,apprenticeship|higher_apprenticeship,admin|finance|sales|project_coord|software,medium,0,medium,https://www.tewkesbury.gov.uk/jobs,"Gloucestershire employer (Gloucestershire) with apprenticeship vacancies on Find an Apprenticeship. Recent roles include: HR Support Level 3 Apprenticeship; Digital Support Apprentice; Revenues and Benefits Apprentice. Standards/frameworks: HR support, Digital support technician, Revenues and welfare benefits practitioner.",Tewkesbury Borough Council Gloucestershire Gloucestershire business_professional public_sector apprenticeship higher_apprenticeship admin finance sales project_coord software cyber data analyst care ops project_support HR Support Level 3 Apprenticeship Digital Support Apprentice Revenues and Benefits Apprentice Business & Administration Apprentice – Planning Support Services HR support Digital support technician Revenues and welfare benefits practitioner apprenticeship school leaver,seed
GLC295,Abbotswood Primary School,South Glos,BS37,education_training,apprenticeship,teaching_support|admin|care|software|cyber,medium,0,medium,https://abbotswood.s-gloucs.sch.uk,"Bristol employer (South Glos) with apprenticeship vacancies on Find an Apprenticeship. Recent roles include: Apprentice Teaching Assistant Level 3; Apprentice Teaching Assistant Level 3; Apprentice Teaching Assistant Level 3. Standards/frameworks: Teaching assistant, Teaching assistant, Teaching assistant.",Abbotswood Primary School South Glos Bristol education_training apprenticeship teaching_support admin care software cyber Apprentice Teaching Assistant Level 3 Apprentice Teaching Assistant Level 3 Apprentice Teaching Assistant Level 3 Apprentice Teaching Assistant Level 3 Teaching assistant Teaching assistant Teaching assistant apprenticeship school leaver,seed
GLC296,Swineford Nursery & Pre School Ltd,Bristol,BS30,education_training|health_care,apprenticeship|school_leaver,teaching_support|admin|care,large,0,medium,https://swinefordnursery.co.uk,"Bristol employer (Bristol) with apprenticeship vacancies on Find an Apprenticeship. Recent roles include: Childcare Apprenticeship - Bristol; Childcare Apprenticeship - Bristol; Level 2 Early Years Practitioner in a Nursery – Apprentice Nursery Assistant. Standards/frameworks: Early years practitioner, Early years practitioner, Early years practitioner.",SWINEFORD NURSERY & PRE SCHOOL LTD Bristol Bristol education_training health_care apprenticeship school_leaver teaching_support admin care Childcare Apprenticeship - Bristol Childcare Apprenticeship - Bristol Level 2 Early Years Practitioner in a Nursery – Apprentice Nursery Assistant Level 2 AYEP in a Nursery – Apprentice Nursery Assistant Early years practitioner Early years practitioner Early years practitioner apprenticeship school leaver,seed
GLC297,Twinkle Tots Childcare,Gloucester,GL4,education_training|health_care,apprenticeship|school_leaver,teaching_support|admin|care,large,0,medium,https://twinkletotsdaynursery.co.uk,"Gloucestershire employer (Gloucester) with apprenticeship vacancies on Find an Apprenticeship. Recent roles include: Apprentice Childcare Assistant; Early Years Practitioner Level 2 Apprentice; Early Years Practitioner Level 2 Apprentice. Standards/frameworks: Early years educator, Early years practitioner, Early years practitioner.",Twinkle Tots Childcare Gloucester Gloucestershire education_training health_care apprenticeship school_leaver teaching_support admin care Apprentice Childcare Assistant Early Years Practitioner Level 2 Apprentice Early Years Practitioner Level 2 Apprentice Early Years Practitioner Level 2 Apprentice Early years educator Early years practitioner Early years practitioner apprenticeship school leaver,seed
GLC298,Cirencester Dental & Aesthetics,Cirencester,GL7,business_professional,apprenticeship,admin|finance|sales|project_coord|care,medium,0,medium,https://cirencesterdentalandaesthetics.com,Gloucestershire employer (Cirencester) with apprenticeship vacancies on Find an Apprenticeship. Recent roles include: Apprentice Dental Nurse; Apprentice Dental Nurse; Apprentice Dental Nurse.,Cirencester Dental & Aesthetics Cirencester Gloucestershire business_professional apprenticeship admin finance sales project_coord care Apprentice Dental Nurse Apprentice Dental Nurse Apprentice Dental Nurse Dental Nurse Apprentice apprenticeship school leaver,seed
GLC299,Jhoots Healthcare,Bristol,BS34,health_care,apprenticeship|school_leaver,care|admin,large,0,medium,https://jhootspharmacy.co.uk/careers,"Bristol employer (Bristol) with apprenticeship vacancies on Find an Apprenticeship. Recent roles include: Pharmacy Assistant Apprenticeship; Pharmacy Assistant Apprenticeship; Pharmacy Assistant Apprenticeship. Standards/frameworks: Pharmacy services assistant, Pharmacy services assistant, Pharmacy services assistant.",Jhoots Healthcare Bristol Bristol health_care apprenticeship school_leaver care admin Pharmacy Assistant Apprenticeship Pharmacy Assistant Apprenticeship Pharmacy Assistant Apprenticeship Pharmacy Assistant Apprenticeship Pharmacy services assistant Pharmacy services assistant Pharmacy services assistant apprenticeship school leaver,seed
GLC300,Ultimate Independence Care Ltd,Local Area,GL10,business_professional,apprenticeship,admin|finance|sales|project_coord|software,sme,0,high,https://uicare.co.uk,Gloucestershire employer (Local Area) with apprenticeship vacancies on Find an Apprenticeship. Recent roles include: Business Administration Apprenticeship - Gloucester. Standards/frameworks: Business administrator.,Ultimate Independence Care Ltd Local Area Gloucestershire business_professional apprenticeship admin finance sales project_coord software Business Administration Apprenticeship - Gloucester Business administrator apprenticeship school leaver,seed
GLC301,Fat Tonis Franchise Management Ltd,Stroud,GL5,hospitality_tourism,apprenticeship|school_leaver,customer_success|ops|events|care,medium,0,medium,https://fattonis.co.uk,"Gloucestershire employer (Stroud) with apprenticeship vacancies on Find an Apprenticeship. Recent roles include: Apprentice Junior Production Chef; Apprentice Junior Production Chef; Restaurant Host Apprentice. Standards/frameworks: Production chef, Production chef, Production chef.",FAT TONIS FRANCHISE MANAGEMENT LTD Stroud Gloucestershire hospitality_tourism apprenticeship school_leaver customer_success ops events care Apprentice Junior Production Chef Apprentice Junior Production Chef Restaurant Host Apprentice Apprentice Junior Production Chef Production chef Production chef Production chef apprenticeship school leaver,seed
GLC302,Bradman Lake,Somerset,BS31,business_professional|aerospace_manufacturing,apprenticeship,admin|finance|sales|project_coord|engineer_ops,large,0,low,https://bradmanlake.com/careers,"Bristol employer (Somerset) with apprenticeship vacancies on Find an Apprenticeship. Recent roles include: Apprentice Mechanical Assembly Fitter; Apprentice CNC/Manual Machinist; CNC/Manual Machinist Apprentice. Standards/frameworks: Engineering fitter, Engineering fitter, Engineering fitter.",Bradman Lake Limited (Bristol) Somerset Bristol business_professional aerospace_manufacturing apprenticeship admin finance sales project_coord engineer_ops software manufacturing technician quality Apprentice Mechanical Assembly Fitter Apprentice CNC/Manual Machinist CNC/Manual Machinist Apprentice Mechanical Assembly Fitter Apprenticeship Engineering fitter Engineering fitter Engineering fitter apprenticeship school leaver,seed
GLC303,DSV Road,Bristol,BS32,business_professional,apprenticeship,admin|finance|sales|project_coord|software,large,0,low,https://jobs.dsv.com,"Bristol employer (Bristol) with apprenticeship vacancies on Find an Apprenticeship. Recent roles include: Business Administration Apprentice; Business Administration Apprentice; Air and Sea Administration Apprentice. Standards/frameworks: Business administrator, Business administrator, Business administrator.",DSV Road Bristol Bristol business_professional apprenticeship admin finance sales project_coord software customer_success Business Administration Apprentice Business Administration Apprentice Air and Sea Administration Apprentice Business Administration Apprentice Level 3 Business administrator Business administrator Business administrator apprenticeship school leaver,seed
GLC304,EMCOR (UK) LIMITED,Local Area,GL50,construction_green|cyber_digital,apprenticeship|higher_apprenticeship,technician|field_ops|ops|engineer_ops|software,medium,0,medium,https://emcoruk.com/careers,"Gloucestershire employer (Local Area) with apprenticeship vacancies on Find an Apprenticeship. Recent roles include: Electrical Apprentice; Data Analyst Apprentice; Electrical Apprentice. Standards/frameworks: Installation electrician and maintenance electrician, Data analyst, Installation electrician and maintenance electrician.",EMCOR (UK) LIMITED Local Area Gloucestershire construction_green cyber_digital apprenticeship higher_apprenticeship technician field_ops ops engineer_ops software cyber data analyst care Electrical Apprentice Data Analyst Apprentice Electrical Apprentice Data Analyst Apprentice Installation electrician and maintenance electrician Data analyst Installation electrician and maintenance electrician apprenticeship school leaver,seed
GLC305,ENVOLVE,Bristol,BS11,construction_green|agri_tech_food,apprenticeship|higher_apprenticeship,technician|field_ops|ops|engineer_ops|software,medium,0,low,https://envolve-infrastructure.co.uk/company/careers,"Bristol employer (Bristol) with apprenticeship vacancies on Find an Apprenticeship. Recent roles include: Construction Project Management Degree Apprentice; Environmental Practitioner Degree Apprentice; Project Management Degree Apprentice. Standards/frameworks: Construction site management (degree), Environmental practitioner (degree), Project manager (integrated degree).",ENVOLVE INFRASTRUCTURE LIMITED Bristol Bristol construction_green agri_tech_food apprenticeship higher_apprenticeship technician field_ops ops engineer_ops software admin finance sales project_coord Construction Project Management Degree Apprentice Environmental Practitioner Degree Apprentice Project Management Degree Apprentice Quantity Surveying and Commercial Management Degree Apprentice Construction site management (degree) Environmental practitioner (degree) Project manager (integrated degree) apprenticeship school leaver,seed
GLC306,FARMFOODS,Bristol,BS22,hospitality_retail,apprenticeship|higher_apprenticeship|school_leaver,customer_success|sales|ops|admin|finance,large,0,medium,https://farmfoods.co.uk/careers.php,"Bristol employer (Bristol) with apprenticeship vacancies on Find an Apprenticeship. Recent roles include: Apprentice Store Manager; Apprentice Store Manager; Apprentice Retail Supervisor. Standards/frameworks: Retail manager, Retail manager, Team leader or supervisor.",FARMFOODS LIMITED Bristol Bristol hospitality_retail apprenticeship higher_apprenticeship school_leaver customer_success sales ops admin finance project_coord care Apprentice Store Manager Apprentice Store Manager Apprentice Retail Supervisor Apprentice Store Manager Retail manager Retail manager Team leader or supervisor apprenticeship school leaver,seed
GLC307,Heidelberg Materials,Bristol,BS37,aerospace_manufacturing,apprenticeship|school_leaver|higher_apprenticeship,engineer_ops|manufacturing|technician|quality|field_ops,large,0,medium,https://heidelbergmaterials.co.uk/en/careers,"Bristol employer (Bristol) with apprenticeship vacancies on Find an Apprenticeship. Recent roles include: Laboratory Apprentice  - Mineral and Construction Products Sampling and Testing; Laboratory Apprentice  - Mineral and Construction Products Sampling and Testing; Construction site supervisor apprenticeship. Standards/frameworks: Mineral and construction product sampling and testing operations, Mineral and construction product sampling and testing operations, Construction site supervisor.",HANSON QUARRY PRODUCTS EUROPE  LIMITED Bristol Bristol aerospace_manufacturing apprenticeship school_leaver higher_apprenticeship engineer_ops manufacturing technician quality field_ops ops software Laboratory Apprentice  - Mineral and Construction Products Sampling and Testing Laboratory Apprentice  - Mineral and Construction Products Sampling and Testing Construction site supervisor apprenticeship Higher Apprenticeship - Mineral Products Technician Mineral and construction product sampling and testing operations Mineral and construction product sampling and testing operations Construction site supervisor apprenticeship school leaver,seed
GLC308,Harbour Facade Systems Ltd,Local Area,GL2,construction_green,apprenticeship|higher_apprenticeship,technician|field_ops|ops|engineer_ops|software,medium,0,medium,https://harbour-facades.co.uk,"Gloucestershire employer (Local Area) with apprenticeship vacancies on Find an Apprenticeship. Recent roles include: Apprentice Quantity Surveyor; Apprentice Quantity Surveyor; Apprentice Quantity Surveyor. Standards/frameworks: Construction quantity surveying technician, Construction quantity surveying technician, Construction quantity surveying technician.",Harbour Facade Systems Ltd Local Area Gloucestershire construction_green apprenticeship higher_apprenticeship technician field_ops ops engineer_ops software Apprentice Quantity Surveyor Apprentice Quantity Surveyor Apprentice Quantity Surveyor Apprentice Quantity Surveyor Construction quantity surveying technician Construction quantity surveying technician Construction quantity surveying technician apprenticeship school leaver,seed
GLC309,IBSTOCK BRICK LIMITED,Bristol,BS32,business_professional|aerospace_manufacturing,apprenticeship,admin|finance|sales|project_coord|engineer_ops,medium,0,medium,https://ibstock.co.uk/careers,Bristol employer (Bristol) with apprenticeship vacancies on Find an Apprenticeship. Recent roles include: Ibstock - Dual-skilled Maintenance Apprentice Engineer; Ibstock - Dual-skilled Maintenance Apprentice Engineer; Ibstock - Dual-skilled Maintenance Apprentice Engineer. Standards/frameworks: Engineering technician.,IBSTOCK BRICK LIMITED Bristol Bristol business_professional aerospace_manufacturing apprenticeship admin finance sales project_coord engineer_ops manufacturing technician quality care Ibstock - Dual-skilled Maintenance Apprentice Engineer Ibstock - Dual-skilled Maintenance Apprentice Engineer Ibstock - Dual-skilled Maintenance Apprentice Engineer Ibstock - Dual-skilled Maintenance Apprentice Engineer Engineering technician apprenticeship school leaver,seed
GLC310,JACKSON LIFT,Bristol,BS37,aerospace_manufacturing,apprenticeship,engineer_ops|manufacturing|technician|quality,large,0,medium,https://jacksonlifts.com/careers,"Bristol employer (Bristol) with apprenticeship vacancies on Find an Apprenticeship. Recent roles include: Escalator Engineering Apprenticeship; Lift Engineering Apprenticeship; Lift Engineering Apprenticeship. Standards/frameworks: Lift and escalator electromechanic, Lift and escalator electromechanic, Lift and escalator electromechanic.",JACKSON LIFT SERVICES LIMITED Bristol Bristol aerospace_manufacturing apprenticeship engineer_ops manufacturing technician quality Escalator Engineering Apprenticeship Lift Engineering Apprenticeship Lift Engineering Apprenticeship Lift Engineering Apprenticeship Lift and escalator electromechanic Lift and escalator electromechanic Lift and escalator electromechanic apprenticeship school leaver,seed
GLC311,L.B. BENTLEY,Stroud,GL5,business_professional,apprenticeship|school_leaver,engineer_ops|manufacturing|technician|quality|admin,large,0,low,https://lb-bentley.com,"Gloucestershire employer (Stroud) with apprenticeship vacancies on Find an Apprenticeship. Recent roles include: Filters & Dryers Assembler/Tester Apprentice; Machining Technician Apprentice; Filters & Dryers Assembler/Tester Apprentice. Standards/frameworks: Engineering fitter, Engineering fitter, Supply chain warehouse operative.",L.B. BENTLEY LIMITED Stroud Gloucestershire business_professional apprenticeship school_leaver engineer_ops manufacturing technician quality admin finance sales project_coord software Filters & Dryers Assembler/Tester Apprentice Machining Technician Apprentice Filters & Dryers Assembler/Tester Apprentice Logistics Apprenticeship Engineering fitter Engineering fitter Supply chain warehouse operative apprenticeship school leaver,seed
GLC312,Lloyds Banking Group,Local Area,BS1,business_professional,apprenticeship|higher_apprenticeship,admin|finance|sales|project_coord|care,large,0,medium,https://lloydsbankinggroup.com/careers.html,"Bristol employer (Local Area) with apprenticeship vacancies on Find an Apprenticeship. Recent roles include: Risk Apprentice; People Professional (Human Resources) Apprentice; Actuarial Apprentice. Standards/frameworks: Compliance and risk officer, HR consultant partner, Actuarial technician.",Lloyds Banking Group Local Area Bristol business_professional apprenticeship higher_apprenticeship admin finance sales project_coord care software cyber data analyst engineer_ops Risk Apprentice People Professional (Human Resources) Apprentice Actuarial Apprentice Actuarial Apprentice Compliance and risk officer HR consultant partner Actuarial technician apprenticeship school leaver,seed
GLC313,MON MOTORS,"Patchway, Bristol",BS10,hospitality_retail|aerospace_manufacturing,apprenticeship|school_leaver,admin|finance|sales|project_coord|customer_success,large,0,medium,https://monmotors.com/careers,"Bristol employer (Patchway, Bristol) with apprenticeship vacancies on Find an Apprenticeship. Recent roles include: Mon Motors Volkswagen Bristol Parts Advisor Apprenticeship; Mon Motors Volkswagen Bristol Service Technician Apprenticeship; Mon Motors Volkswagen Gloucester Service Technician Apprenticeship. Standards/frameworks: Customer service practitioner, Motor vehicle service and maintenance technician (light vehicle), Motor vehicle service and maintenance technician (light vehicle).","MON MOTORS LIMITED Patchway, Bristol Bristol hospitality_retail aerospace_manufacturing apprenticeship school_leaver admin finance sales project_coord customer_success ops engineer_ops manufacturing software cyber Mon Motors Volkswagen Bristol Parts Advisor Apprenticeship Mon Motors Volkswagen Bristol Service Technician Apprenticeship Mon Motors Volkswagen Gloucester Service Technician Apprenticeship Mon Motors Audi Cheltenham Service Technician Apprenticeship Customer service practitioner Motor vehicle service and maintenance technician (light vehicle) Motor vehicle service and maintenance technician (light vehicle) apprenticeship school leaver",seed
GLC314,National Grid,Bristol,BS37,business_professional|aerospace_manufacturing,apprenticeship|higher_apprenticeship,admin|finance|sales|project_coord|engineer_ops,large,0,medium,https://careers.nationalgrid.com,"Bristol employer (Bristol) with apprenticeship vacancies on Find an Apprenticeship. Recent roles include: Substation Craftsperson Advanced Apprentice - SW Severn; Assistant Project Manager Higher Apprentice - Bristol; Overhead Lines Higher Apprentice - Bristol. Standards/frameworks: Associate project manager, Electrical power networks engineer, Associate project manager.",NATIONAL GRID PLC Bristol Bristol business_professional aerospace_manufacturing apprenticeship higher_apprenticeship admin finance sales project_coord engineer_ops manufacturing technician quality field_ops ops software Substation Craftsperson Advanced Apprentice - SW Severn Assistant Project Manager Higher Apprentice - Bristol Overhead Lines Higher Apprentice - Bristol Substation Craftsperson Advanced Apprentice - SW Severn Associate project manager Electrical power networks engineer Associate project manager apprenticeship school leaver,seed
GLC315,Oliver Connell,Local Area,BS41,construction_green|business_professional,apprenticeship|school_leaver,technician|field_ops|ops|engineer_ops|admin,medium,0,medium,https://oliverconnell.com/Careers.html,"Bristol employer (Local Area) with apprenticeship vacancies on Find an Apprenticeship. Recent roles include: Apprentice Groundworker; Apprentice Groundworker; Business Administration Apprentice. Standards/frameworks: Groundworker, Groundworker, Business administrator.",OLIVER CONNELL & SON LTD Local Area Bristol construction_green business_professional apprenticeship school_leaver technician field_ops ops engineer_ops admin finance sales project_coord software Apprentice Groundworker Apprentice Groundworker Business Administration Apprentice Apprentice Groundworker Groundworker Groundworker Business administrator apprenticeship school leaver,seed
GLC316,ORIGIN8TIVE,Cheltenham,GL50,cyber_digital,apprenticeship|higher_apprenticeship,software|cyber|data|analyst|engineer_ops,large,0,medium,https://origin8tive.com/careers,"Gloucestershire employer (Cheltenham) with apprenticeship vacancies on Find an Apprenticeship. Recent roles include: Dev Ops Apprentice; Dev Ops Apprentice; Apprentice Cyber Security Technical Professional. Standards/frameworks: DevOps engineer, DevOps engineer, Cyber security technical professional (integrated degree).",ORIGIN8TIVE LTD Cheltenham Gloucestershire cyber_digital apprenticeship higher_apprenticeship software cyber data analyst engineer_ops Dev Ops Apprentice Dev Ops Apprentice Apprentice Cyber Security Technical Professional Apprentice Software Tester DevOps engineer DevOps engineer Cyber security technical professional (integrated degree) apprenticeship school leaver,seed
GLC317,Paragon Skills,Bristol,BS8,business_professional,apprenticeship|school_leaver|higher_apprenticeship,care|admin|finance|sales|project_coord,medium,0,medium,https://paragonskills.co.uk/vacancies,"Bristol employer (Bristol) with apprenticeship vacancies on Find an Apprenticeship. Recent roles include: Health and Social Care Apprenticeship (Domiciliary) - Gloucester; Engagement Officer - Sales Apprenticeship; Engagement Officer - Sales Apprenticeship. Standards/frameworks: Adult care worker, Sales executive, Sales executive.",PARAGON EDUCATION & SKILLS LIMITED Bristol Bristol business_professional apprenticeship school_leaver higher_apprenticeship care admin finance sales project_coord software Health and Social Care Apprenticeship (Domiciliary) - Gloucester Engagement Officer - Sales Apprenticeship Engagement Officer - Sales Apprenticeship Digital Marketing Apprenticeship - Adult care worker Sales executive Sales executive apprenticeship school leaver,seed
GLC318,PHC Parts - Bristol,Local Area,BS2,business_professional|hospitality_retail,apprenticeship|school_leaver,admin|finance|sales|project_coord|customer_success,medium,0,low,https://phc.parts,"Bristol employer (Local Area) with apprenticeship vacancies on Find an Apprenticeship. Recent roles include: Apprentice Technical Sales Advisor; Apprentice Technical Sales Advisor; Apprentice Technical Sales Advisor. Standards/frameworks: Customer service practitioner, Customer service practitioner, Customer service practitioner.",PHC Parts - Bristol Local Area Bristol business_professional hospitality_retail apprenticeship school_leaver admin finance sales project_coord customer_success Apprentice Technical Sales Advisor Apprentice Technical Sales Advisor Apprentice Technical Sales Advisor Apprentice Technical Sales Advisor Customer service practitioner Customer service practitioner Customer service practitioner apprenticeship school leaver,seed
GLC319,Ramboll,Bristol,BS1,construction_green,apprenticeship|higher_apprenticeship,technician|field_ops|ops|engineer_ops|software,large,0,medium,https://uk.ramboll.com/careers,"Bristol employer (Bristol) with apprenticeship vacancies on Find an Apprenticeship. Recent roles include: Civil Engineering Technician Apprentice (Transport - Roads & HIghways); Civil Engineering Technician Apprentice (Transport - Roads & HIghways); Civil Engineering Technician Apprentice (Transport - Roads & HIghways). Standards/frameworks: Civil engineering technician, Civil engineering technician, Civil engineering technician.",Ramboll UK Ltd Bristol Bristol construction_green apprenticeship higher_apprenticeship technician field_ops ops engineer_ops software manufacturing cyber data analyst Civil Engineering Technician Apprentice (Transport - Roads & HIghways) Civil Engineering Technician Apprentice (Transport - Roads & HIghways) Civil Engineering Technician Apprentice (Transport - Roads & HIghways) Civil Engineering Technician Apprentice - Infrastructure Civil engineering technician Civil engineering technician Civil engineering technician apprenticeship school leaver,seed
GLC320,SOCOMEC,Glos,GL7,business_professional,apprenticeship,admin|finance|sales|project_coord|software,large,0,medium,https://socomec.co.uk/en-gb/socomec/careers,"Gloucestershire employer (Glos) with apprenticeship vacancies on Find an Apprenticeship. Recent roles include: Business Administration Apprentice - Power Switching Monitoring; Business Administration Apprentice - Power Conversion; Business Administration Apprentice - Power Conversion. Standards/frameworks: Business administrator, Business administrator, Business administrator.",SOCOMEC U.K. LIMITED Glos Gloucestershire business_professional apprenticeship admin finance sales project_coord software Business Administration Apprentice - Power Switching Monitoring Business Administration Apprentice - Power Conversion Business Administration Apprentice - Power Conversion Business Administration Apprentice - Power Switching Monitoring Business administrator Business administrator Business administrator apprenticeship school leaver,seed
GLC321,SOLUM,Wotton Under Edge,GL12,construction_green,apprenticeship|school_leaver,technician|field_ops|ops|engineer_ops|care,large,0,medium,https://solumsw.co.uk,"Gloucestershire employer (Wotton Under Edge) with apprenticeship vacancies on Find an Apprenticeship. Recent roles include: Groundworker Apprentice; Groundworker Apprentice; Apprentice Groundworker. Standards/frameworks: Groundworker, Groundworker, Groundworker.",SOLUM (SW) LTD Wotton Under Edge Gloucestershire construction_green apprenticeship school_leaver technician field_ops ops engineer_ops care Groundworker Apprentice Groundworker Apprentice Apprentice Groundworker Groundworker Apprentice Groundworker Groundworker Groundworker apprenticeship school leaver,seed
GLC322,SPECTRUM IT CONSULTANCY,Local Area,GL20,business_professional,apprenticeship,admin|finance|sales|project_coord|software,medium,0,low,https://spectrumit.co.uk,"Gloucestershire employer (Local Area) with apprenticeship vacancies on Find an Apprenticeship. Recent roles include: IT Service Desk Apprentice; IT Apprentice; IT Apprenticeship. Standards/frameworks: Information communications technician, Information communications technician, Information communications technician.",SPECTRUM IT CONSULTANCY Local Area Gloucestershire business_professional apprenticeship admin finance sales project_coord software IT Service Desk Apprentice IT Apprentice IT Apprenticeship IT Apprenticeship Information communications technician Information communications technician Information communications technician apprenticeship school leaver,seed
GLC323,TREE SHOP LTD,Longhope,GL17,business_professional|hospitality_retail,apprenticeship|school_leaver,admin|finance|sales|project_coord|customer_success,medium,0,medium,https://treeshopplants.co.uk,"Gloucestershire employer (Longhope) with apprenticeship vacancies on Find an Apprenticeship. Recent roles include: Customer Service Apprentice; Customer Service Apprentice; Customer Service Apprentice. Standards/frameworks: Customer service practitioner, Customer service practitioner, Customer service practitioner.",TREE SHOP LTD Longhope Gloucestershire business_professional hospitality_retail apprenticeship school_leaver admin finance sales project_coord customer_success Customer Service Apprentice Customer Service Apprentice Customer Service Apprentice Customer Service Apprentice at Tree Shop Limited Customer service practitioner Customer service practitioner Customer service practitioner apprenticeship school leaver,seed
GLC324,TRUST SYSTEMS,Cirencester,GL7,business_professional,apprenticeship|school_leaver,admin|finance|sales|project_coord|software,large,0,low,https://trustsystems.co.uk/careers,"Gloucestershire employer (Cirencester) with apprenticeship vacancies on Find an Apprenticeship. Recent roles include: IT Support Apprentice; IT Support Apprentice; TECHNICAL SALES APPRENTICE. Standards/frameworks: Information communications technician, Information communications technician, IT technical salesperson.",TRUST SYSTEMS LTD Cirencester Gloucestershire business_professional apprenticeship school_leaver admin finance sales project_coord software cyber data analyst care IT Support Apprentice IT Support Apprentice TECHNICAL SALES APPRENTICE TECHNICAL SALES APPRENTICE Information communications technician Information communications technician IT technical salesperson apprenticeship school leaver,seed
GLC325,UKS Group,Gloucestershire,BS4,business_professional,apprenticeship,admin|finance|sales|project_coord|care,medium,0,low,https://uksgroup.co.uk,"Bristol employer (Gloucestershire) with apprenticeship vacancies on Find an Apprenticeship. Recent roles include: Telemarketing Business Administration Apprentice; Telemarketing Business Administration Apprentice; Telemarketing Business Administration Apprentice. Standards/frameworks: Business administrator, Business administrator, Business administrator.",UKS Group Gloucestershire Bristol business_professional apprenticeship admin finance sales project_coord care Telemarketing Business Administration Apprentice Telemarketing Business Administration Apprentice Telemarketing Business Administration Apprentice Telemarketing Business Administration Apprentice Business administrator Business administrator Business administrator apprenticeship school leaver,seed
GLC326,HM Revenue & Customs,Bristol,BS2,business_professional,apprenticeship|higher_apprenticeship,admin|finance|sales|project_coord|software,medium,0,low,https://www.civil-service-careers.gov.uk/departments/hm-revenue-and-customs,"Bristol employer (Bristol) with apprenticeship vacancies on Find an Apprenticeship. Recent roles include: Solicitor Apprentice (Graduate); Solicitor Apprentice ( Non - Graduate); Solicitor Apprentice (Graduate). Standards/frameworks: Solicitor, Solicitor, Solicitor.",HM Revenue & Customs Bristol Bristol business_professional apprenticeship higher_apprenticeship admin finance sales project_coord software Solicitor Apprentice (Graduate) Solicitor Apprentice ( Non - Graduate) Solicitor Apprentice (Graduate) Solicitor Apprentice ( Non - Graduate) Solicitor Solicitor Solicitor apprenticeship school leaver,seed
GLC327,Our Lady and St Swithin's Catholic Primary School,Bristol,BS32,education_training,apprenticeship,teaching_support|admin|care|software|cyber,medium,0,low,https://ourladyandstswithins.org.uk,"Bristol employer (Bristol) with apprenticeship vacancies on Find an Apprenticeship. Recent roles include: Business Administration Apprentice; Business Administration Apprentice; Business Administration Apprentice. Standards/frameworks: Business administrator, Business administrator, Business administrator.",Our Lady and St Swithin's Catholic Primary School Bristol Bristol education_training apprenticeship teaching_support admin care software cyber Business Administration Apprentice Business Administration Apprentice Business Administration Apprentice Business Administration Apprentice Business administrator Business administrator Business administrator apprenticeship school leaver,seed
GLC328,Pucklechurch CE VC Primary,Bristol,BS16,education_training|business_professional,apprenticeship,teaching_support|admin|care|software|cyber,medium,0,low,https://pucklechurchprimary.org.uk,"Bristol employer (Bristol) with apprenticeship vacancies on Find an Apprenticeship. Recent roles include: Apprentice Teaching Assistant Level 3; Business Administration Apprentice; Apprentice Teaching Assistant Level 3. Standards/frameworks: Teaching assistant, Business administrator, Teaching assistant.",Pucklechurch CE VC Primary Bristol Bristol education_training business_professional apprenticeship teaching_support admin care software cyber finance sales project_coord Apprentice Teaching Assistant Level 3 Business Administration Apprentice Apprentice Teaching Assistant Level 3 Teaching assistant Business administrator Teaching assistant apprenticeship school leaver,seed
GLC329,Office for Students,Bristol,BS34,business_professional|construction_green,apprenticeship|higher_apprenticeship|school_leaver,admin|finance|sales|project_coord|technician,medium,0,medium,https://officeforstudents.org.uk/about/working-for-us,"Bristol employer (Bristol) with apprenticeship vacancies on Find an Apprenticeship. Recent roles include: Apprentice Accountant - Office for Students; Knowledge and Information Management Co-ordinator Apprenticeship; Facilities Management Apprentice. Standards/frameworks: Assistant accountant, Facilities services operative, Facilities services operative.",Office for Students Bristol Bristol business_professional construction_green apprenticeship higher_apprenticeship school_leaver admin finance sales project_coord technician field_ops ops engineer_ops Apprentice Accountant - Office for Students Knowledge and Information Management Co-ordinator Apprenticeship Facilities Management Apprentice Facilities Management Apprentice Assistant accountant Facilities services operative Facilities services operative apprenticeship school leaver,seed
GLC330,Rehability UK,Tewkesbury,GL20,health_care|business_professional,apprenticeship|school_leaver,admin|finance|sales|project_coord|software,medium,0,medium,https://rehabilityuk.co.uk,"Gloucestershire employer (Tewkesbury) with apprenticeship vacancies on Find an Apprenticeship. Recent roles include: Rehability UK-Level 3 Business Administration Apprentice -GL20 8DN; Rehability UK - GL20 5SU- Level 2 Adult Care Worker Apprenticeship 1 x DAY 1 X NIGHT; Rehability UK, Anstey, GL5 3NZ, Level 2 Adult Care Worker Apprenticeship - Full time support Worker. Standards/frameworks: Business administrator, Adult care worker, Adult care worker.","Rehability UK Tewkesbury Gloucestershire health_care business_professional apprenticeship school_leaver admin finance sales project_coord software care cyber Rehability UK-Level 3 Business Administration Apprentice -GL20 8DN Rehability UK - GL20 5SU- Level 2 Adult Care Worker Apprenticeship 1 x DAY 1 X NIGHT Rehability UK, Anstey, GL5 3NZ, Level 2 Adult Care Worker Apprenticeship - Full time support Worker Rehability UK, GL20 8DY-Level 2 Adult Care Worker, Apprenticeship Business administrator Adult care worker Adult care worker apprenticeship school leaver",seed
GLC331,GLO CHILDCARE,Berkeley,GL13,education_training|health_care,apprenticeship|school_leaver,teaching_support|admin|care|software|cyber,medium,0,medium,https://glo-childcare.co.uk,"Gloucestershire employer (Berkeley) with apprenticeship vacancies on Find an Apprenticeship. Recent roles include: Level 3 Early Years Apprenticeship; Level 3 Early Years Apprenticeship; Level 3 Early Years Apprenticeship. Standards/frameworks: Early years educator, Early years educator, Early years educator.",GLO CHILDCARE LTD Berkeley Gloucestershire education_training health_care apprenticeship school_leaver teaching_support admin care software cyber Level 3 Early Years Apprenticeship Level 3 Early Years Apprenticeship Level 3 Early Years Apprenticeship Level 3 Early Years Apprenticeship Early years educator Early years educator Early years educator apprenticeship school leaver,seed
GLC332,LITTLE ACORNS (WSM) LTD,Local Area,BS22,education_training|health_care,apprenticeship|school_leaver,teaching_support|admin|care|software|cyber,medium,0,medium,https://littleacornswsm.co.uk,"Bristol employer (Local Area) with apprenticeship vacancies on Find an Apprenticeship. Recent roles include: Apprentice Early Years Practitioner Level 2; Apprentice Early Years Educator Level 3; Apprentice Early Years Educator Level 3. Standards/frameworks: Early years practitioner, Early years educator, Early years educator.",LITTLE ACORNS (WSM) LTD Local Area Bristol education_training health_care apprenticeship school_leaver teaching_support admin care software cyber Apprentice Early Years Practitioner Level 2 Apprentice Early Years Educator Level 3 Apprentice Early Years Educator Level 3 Apprentice Early Years Educator Level 3 Early years practitioner Early years educator Early years educator apprenticeship school leaver,seed
GLC333,Partou - Westfields Day Nursery and Pre-school,Local Area,GL53,education_training|health_care,apprenticeship|higher_apprenticeship,teaching_support|admin|care,medium,0,medium,https://partou.co.uk/careers,"Gloucestershire employer (Local Area) with apprenticeship vacancies on Find an Apprenticeship. Recent roles include: Early Years Practitioner Apprentice; Early Years Practitioner Apprentice; Early Years Practitioner Apprentice. Standards/frameworks: Early years lead practitioner, Early years lead practitioner, Early years lead practitioner.",Partou - Westfields Day Nursery and Pre-school Local Area Gloucestershire education_training health_care apprenticeship higher_apprenticeship teaching_support admin care Early Years Practitioner Apprentice Early Years Practitioner Apprentice Early Years Practitioner Apprentice Early Years Practitioner Apprentice Early years lead practitioner Early years lead practitioner Early years lead practitioner apprenticeship school leaver,seed
GLC334,Tiger Martial Arts,Bristol,BS16,health_care,apprenticeship|school_leaver,care|admin,large,0,high,https://tigermartialarts.club,"Bristol employer (Bristol) with apprenticeship vacancies on Find an Apprenticeship. Recent roles include: Tiger Martial Arts Apprenticeship - Freestyle Tae Kwon-Do Instructor Training For Children's Classes; Tiger Martial Arts Apprenticeship - Freestyle Tae Kwon-Do Instructor Training For Children's Classes; Tiger Martial Arts Apprenticeship - Freestyle Tae Kwon-Do Instructor Training For Children's Classes. Standards/frameworks: Community activator coach, Community activator coach, Community ac",TIGER MARTIAL ARTS LTD Bristol Bristol health_care apprenticeship school_leaver care admin Tiger Martial Arts Apprenticeship - Freestyle Tae Kwon-Do Instructor Training For Children's Classes Tiger Martial Arts Apprenticeship - Freestyle Tae Kwon-Do Instructor Training For Children's Classes Tiger Martial Arts Apprenticeship - Freestyle Tae Kwon-Do Instructor Training For Children's Classes Tiger Martial Arts Apprenticeship - Freestyle Tae Kwon-Do Instructor Training For Children's Classes Community activator coach Community activator coach Community activator coach apprenticeship school leaver,seed
GLC335,DREAM MAKER TRAVEL LTD,Local Area,BS1,business_professional,apprenticeship,admin|finance|sales|project_coord|software,medium,0,medium,https://dreammakertravel.co.uk,"Bristol employer (Local Area) with apprenticeship vacancies on Find an Apprenticeship. Recent roles include: Apprentice Travel Agent Admin; Administrative & Social Media Apprentice (Travel Industry); Apprentice Travel Agent Admin. Standards/frameworks: Business administrator, Business administrator, Business administrator.",DREAM MAKER TRAVEL LTD Local Area Bristol business_professional apprenticeship admin finance sales project_coord software Apprentice Travel Agent Admin Administrative & Social Media Apprentice (Travel Industry) Apprentice Travel Agent Admin Apprentice Travel Agent Admin Business administrator Business administrator Business administrator apprenticeship school leaver,seed
GLC336,Tom Rowland Eventing,Cirencester,GL7,agri_tech_food,apprenticeship|school_leaver,field_ops|ops|technician,medium,0,high,https://tomrowlandeventing.com,"Gloucestershire employer (Cirencester) with apprenticeship vacancies on Find an Apprenticeship. Recent roles include: Equine Groom Apprenticeship with Tom Rowland Eventing; Equine Groom Apprenticeship with Tom Rowland Eventing; Equine Groom Apprenticeship with Tom Rowland Eventing. Standards/frameworks: Equine groom, Equine groom, Equine groom.",Tom Rowland Eventing Cirencester Gloucestershire agri_tech_food apprenticeship school_leaver field_ops ops technician Equine Groom Apprenticeship with Tom Rowland Eventing Equine Groom Apprenticeship with Tom Rowland Eventing Equine Groom Apprenticeship with Tom Rowland Eventing Equine Groom Apprenticeship with Tom Rowland Eventing Equine groom Equine groom Equine groom apprenticeship school leaver,seed
GLC337,Inflection Point MSP Ltd,Bristol,BS1,business_professional,apprenticeship,admin|finance|sales|project_coord|software,medium,0,medium,https://inflectionpoint.uk,"Bristol employer (Bristol) with apprenticeship vacancies on Find an Apprenticeship. Recent roles include: IT SUPPORT APPRENTICE; IT SUPPORT APPRENTICE; IT SUPPORT APPRENTICE. Standards/frameworks: Information communications technician, Information communications technician, Information communications technician.",INFLECTION POINT MSP LTD. Bristol Bristol business_professional apprenticeship admin finance sales project_coord software IT SUPPORT APPRENTICE IT SUPPORT APPRENTICE IT SUPPORT APPRENTICE IT Support Technician Apprentice Information communications technician Information communications technician Information communications technician apprenticeship school leaver,seed
GLC338,Iress FS Limited,Gloucestershire,GL50,cyber_digital,apprenticeship|higher_apprenticeship,software|cyber|data|analyst|admin,medium,0,low,https://www.iress.com/join-us/careers,"Gloucestershire employer (Gloucestershire) with apprenticeship vacancies on Find an Apprenticeship. Recent roles include: Apprentice Cyber Security Level 6 Analyst; Digital Product Manager Apprentice; Apprentice Software Engineer. Standards/frameworks: Cyber security technical professional (integrated degree), Software development technician, DevOps engineer.",IRESS FS LIMITED Gloucestershire Gloucestershire cyber_digital apprenticeship higher_apprenticeship software cyber data analyst admin finance sales project_coord engineer_ops Apprentice Cyber Security Level 6 Analyst Digital Product Manager Apprentice Apprentice Software Engineer DevOps Technical Consultant Apprentice Cyber security technical professional (integrated degree) Software development technician DevOps engineer apprenticeship school leaver,seed
GLC339,Kestrel Valve & Engineering Services Ltd,Gloucester,GL2,aerospace_manufacturing,apprenticeship,engineer_ops|manufacturing|technician|quality,medium,0,medium,https://kestrelvalve.co.uk,"Gloucestershire employer (Gloucester) with apprenticeship vacancies on Find an Apprenticeship. Recent roles include: Mechanical Engineering Level 3 Apprentice; Mechanical Engineering Level 3 Apprentice; Engineering Apprentice Machining. Standards/frameworks: Engineering technician, Engineering technician, Engineering technician.",KESTREL VALVE & ENGINEERING SERVICES LTD Gloucester Gloucestershire aerospace_manufacturing apprenticeship engineer_ops manufacturing technician quality Mechanical Engineering Level 3 Apprentice Mechanical Engineering Level 3 Apprentice Engineering Apprentice Machining Engineering technician Engineering technician Engineering technician apprenticeship school leaver,seed
GLC340,Kohler Mira Limited,Gloucestershire,GL52,business_professional|aerospace_manufacturing,apprenticeship|higher_apprenticeship,admin|finance|sales|project_coord|software,large,0,medium,https://www.mirashowers.co.uk/about-us/careers,"Gloucestershire employer (Gloucestershire) with apprenticeship vacancies on Find an Apprenticeship. Recent roles include: Engineering Apprentice; Content Creator Apprentice; Data Analyst Apprentice. Standards/frameworks: Junior content producer, Data analyst, Manufacturing manager (integrated degree).",KOHLER MIRA LIMITED Gloucestershire Gloucestershire business_professional aerospace_manufacturing apprenticeship higher_apprenticeship admin finance sales project_coord software design content events cyber data analyst care engineer_ops manufacturing technician quality Engineering Apprentice Content Creator Apprentice Data Analyst Apprentice L6 Manufacturing degree Engineering Apprentice Junior content producer Data analyst Manufacturing manager (integrated degree) apprenticeship school leaver,seed
GLC341,Wise Origin,Cheltenham,GL50,business_professional|cyber_digital,apprenticeship,admin|finance|sales|project_coord|software,medium,0,low,https://wiseorigin.co.uk,Gloucestershire employer (Cheltenham) with apprenticeship vacancies on Find an Apprenticeship. Recent roles include: Multi-Channel Marketing Apprentice; IT Technical Sales Apprentice; Multi Channel Marketing Apprentice. Standards/frameworks: IT technical salesperson.,LEARNING FOR FUTURES LIMITED Cheltenham Gloucestershire business_professional cyber_digital apprenticeship admin finance sales project_coord software cyber data analyst care Multi-Channel Marketing Apprentice IT Technical Sales Apprentice Multi Channel Marketing Apprentice IT technical salesperson apprenticeship school leaver,seed
GLC342,Lifetime Training Group Limited,Bristol,BS1,business_professional,apprenticeship|higher_apprenticeship,admin|finance|sales|project_coord|software,medium,0,medium,https://careers.lifetimegroup.org,"Bristol employer (Bristol) with apprenticeship vacancies on Find an Apprenticeship. Recent roles include: People Experience Lead (Level 5 apprentice ); People Professional Apprentice; People Professional Apprentice. Standards/frameworks: HR consultant partner, HR consultant partner, HR consultant partner.",LIFETIME TRAINING GROUP LIMITED Bristol Bristol business_professional apprenticeship higher_apprenticeship admin finance sales project_coord software People Experience Lead (Level 5 apprentice ) People Professional Apprentice People Professional Apprentice Business Administration Apprentice HR consultant partner HR consultant partner HR consultant partner apprenticeship school leaver,seed
GLC343,Listers Group Limited,Gloucestershire,GL51,hospitality_retail|aerospace_manufacturing,apprenticeship|school_leaver,customer_success|sales|ops|engineer_ops|manufacturing,large,0,medium,https://www.listers.co.uk/careers,"Gloucestershire employer (Gloucestershire) with apprenticeship vacancies on Find an Apprenticeship. Recent roles include: Apprentice Service & Maintenance Technician - Listers Toyota - Bristol South; Apprentice Service & Maintenance Technician - Listers Toyota - Bristol South; Apprentice Service & Maintenance Technician - Listers Toyota - Bristol South. Standards/frameworks: Motor vehicle service and maintenance technician (light vehicle), Motor vehicle service and maintenance technician (light ",LISTERS GROUP LIMITED Gloucestershire Gloucestershire hospitality_retail aerospace_manufacturing apprenticeship school_leaver customer_success sales ops engineer_ops manufacturing software cyber Apprentice Service & Maintenance Technician - Listers Toyota - Bristol South Apprentice Service & Maintenance Technician - Listers Toyota - Bristol South Apprentice Service & Maintenance Technician - Listers Toyota - Bristol South Apprentice Service & Maintenance Technician - Listers Toyota - Bristol North Motor vehicle service and maintenance technician (light vehicle) Motor vehicle service and maintenance technician (light vehicle) Motor vehicle service and maintenance technician (light vehicle) apprenticeship school leaver,seed
GLC344,Law Express,Local Area,GL1,business_professional|hospitality_retail,apprenticeship,admin|finance|sales|project_coord|customer_success,medium,0,medium,https://lawexpress.co.uk,"Gloucestershire employer (Local Area) with apprenticeship vacancies on Find an Apprenticeship. Recent roles include: Legal Assistant Apprenticeship; Lettings Negotiator and Property Management Apprentice; Legal Assistant Apprenticeship. Standards/frameworks: Customer service specialist, Housing and property management, Customer service specialist.",Law Express Local Area Gloucestershire business_professional hospitality_retail apprenticeship admin finance sales project_coord customer_success technician field_ops ops engineer_ops software Legal Assistant Apprenticeship Lettings Negotiator and Property Management Apprentice Legal Assistant Apprenticeship Customer service specialist Housing and property management Customer service specialist apprenticeship school leaver,seed
GLC345,Leonard Curtis,Local Area,BS1,business_professional,apprenticeship,admin|finance|sales|project_coord|software,medium,0,medium,https://www.leonardcurtis.co.uk/careers,"Bristol employer (Local Area) with apprenticeship vacancies on Find an Apprenticeship. Recent roles include: Insolvency Administrator Apprentice (36344); Accounting Administrator Apprentice  (36323); Accounting Administrator Apprentice  (36255). Standards/frameworks: Business administrator, Assistant accountant, Assistant accountant.",Leonard Curtis Local Area Bristol business_professional apprenticeship admin finance sales project_coord software Insolvency Administrator Apprentice (36344) Accounting Administrator Apprentice  (36323) Accounting Administrator Apprentice  (36255) Business administrator Assistant accountant Assistant accountant apprenticeship school leaver,seed
GLC346,Magnus Search Ltd,Bristol,BS32,business_professional,apprenticeship|school_leaver,admin|finance|sales|project_coord|software,large,0,medium,https://magnussearch.com/join-the-team,"Bristol employer (Bristol) with apprenticeship vacancies on Find an Apprenticeship. Recent roles include: Business Administration Apprenticeship - Recruitment; Business Administration Apprenticeship - Recruitment; Business Administration Apprenticeship - Recruitment. Standards/frameworks: Business administrator, Business administrator, Business administrator.",MAGNUS SEARCH LTD Bristol Bristol business_professional apprenticeship school_leaver admin finance sales project_coord software care Business Administration Apprenticeship - Recruitment Business Administration Apprenticeship - Recruitment Business Administration Apprenticeship - Recruitment Business Administration Apprenticeship - Recruitment Business administrator Business administrator Business administrator apprenticeship school leaver,seed
GLC347,Mainstream Digital Ltd,Cirencester,GL7,business_professional|hospitality_retail,apprenticeship|school_leaver,admin|finance|sales|project_coord|software,large,0,medium,https://msdigital.com/category/jobs,"Gloucestershire employer (Cirencester) with apprenticeship vacancies on Find an Apprenticeship. Recent roles include: Telecommunications and Unified Comms Apprentice; IT Support Apprentice; Telecommunications and Unified Comms Apprentice. Standards/frameworks: Information communications technician, IT solutions technician, Information communications technician.",MAINSTREAM DIGITAL LTD Cirencester Gloucestershire business_professional hospitality_retail apprenticeship school_leaver admin finance sales project_coord software customer_success cyber data analyst care Telecommunications and Unified Comms Apprentice IT Support Apprentice Telecommunications and Unified Comms Apprentice Telecoms Customer Support Provisioning Apprentice Information communications technician IT solutions technician Information communications technician apprenticeship school leaver,seed
GLC348,McLaughlin & Harvey Construction Limited,Bristol,BS32,construction_green,apprenticeship|higher_apprenticeship,technician|field_ops|ops|engineer_ops|software,medium,0,low,https://mclaughlinharveyltd.talosats-careers.com,"Bristol employer (Bristol) with apprenticeship vacancies on Find an Apprenticeship. Recent roles include: Trainee Quantity Surveyor Apprenticeship; Trainee Engineer Apprenticeship; Trainee Building Services Manager Apprenticeship. Standards/frameworks: Chartered surveyor (degree), Civil engineer (degree), Building services design engineer (degree).",MCLAUGHLIN & HARVEY CONSTRUCTION  LIMITED Bristol Bristol construction_green apprenticeship higher_apprenticeship technician field_ops ops engineer_ops software manufacturing Trainee Quantity Surveyor Apprenticeship Trainee Engineer Apprenticeship Trainee Building Services Manager Apprenticeship Trainee Building Services Manager Apprenticeship Chartered surveyor (degree) Civil engineer (degree) Building services design engineer (degree) apprenticeship school leaver,seed
GLC349,Messrs Burnett & Hillman,Somerset,BS40,business_professional,apprenticeship,admin|finance|sales|project_coord|software,medium,0,low,https://burnettandhillman.co.uk,Bristol employer (Somerset) with apprenticeship vacancies on Find an Apprenticeship. Recent roles include: Apprentice Engineering Machining Technician; Apprentice Engineering Machining Technician; Apprentice Engineering Machining Technician.,MESSRS BURNETT & HILLMAN Somerset Bristol business_professional apprenticeship admin finance sales project_coord software Apprentice Engineering Machining Technician Apprentice Engineering Machining Technician Apprentice Engineering Machining Technician apprenticeship school leaver,seed
GLC350,Mitie Group PLC,Bristol,BS34,agri_tech_food|business_professional,apprenticeship|school_leaver,software|cyber|data|analyst|field_ops,medium,0,medium,https://careers.mitie.com/jobs/home,"Bristol employer (Bristol) with apprenticeship vacancies on Find an Apprenticeship. Recent roles include: Apprentice IT Technician; Apprentice Grounds Maintenance Operative; Apprentice Grounds Maintenance Operative. Standards/frameworks: IT solutions technician, Horticulture or landscape operative, Horticulture or landscape operative.",MITIE GROUP PLC Bristol Bristol agri_tech_food business_professional apprenticeship school_leaver software cyber data analyst field_ops ops technician admin finance sales project_coord engineer_ops Apprentice IT Technician Apprentice Grounds Maintenance Operative Apprentice Grounds Maintenance Operative Fire & Security Apprentice Engineer IT solutions technician Horticulture or landscape operative Horticulture or landscape operative apprenticeship school leaver,seed
GLC351,NG Bailey Group Limited,Bristol,BS16,construction_green,apprenticeship|higher_apprenticeship,technician|field_ops|ops|engineer_ops|manufacturing,large,0,medium,https://www.ngbailey.com/careers,"Bristol employer (Bristol) with apprenticeship vacancies on Find an Apprenticeship. Recent roles include: Apprentice Project Engineer - Bristol; Apprentice Project Engineer  - Bristol; Apprentice Quantity Surveyor - Bristol. Standards/frameworks: Building services engineering technician, Building services engineering technician, Chartered surveyor (degree).",NG BAILEY GROUP LIMITED Bristol Bristol construction_green apprenticeship higher_apprenticeship technician field_ops ops engineer_ops manufacturing software cyber data analyst quality Apprentice Project Engineer - Bristol Apprentice Project Engineer  - Bristol Apprentice Quantity Surveyor - Bristol Apprentice Network Cable Engineer -  Bristol Building services engineering technician Building services engineering technician Chartered surveyor (degree) apprenticeship school leaver,seed
GLC352,North Tower Consulting Limited,Cheltenham,GL51,cyber_digital,apprenticeship|higher_apprenticeship,admin|finance|sales|project_coord|software,large,0,medium,https://northtowerconsulting.co.uk,"Gloucestershire employer (Cheltenham) with apprenticeship vacancies on Find an Apprenticeship. Recent roles include: Level 3 Business Administration Apprentice; Level 6 Cyber Security Apprentice; Level 6 Digital and Technology Solutions Apprentice. Standards/frameworks: Business administrator, Cyber security technical professional (integrated degree), Digital and technology solutions professional (integrated degree).",North Tower Consulting Cheltenham Gloucestershire cyber_digital apprenticeship higher_apprenticeship admin finance sales project_coord software cyber data analyst engineer_ops care Level 3 Business Administration Apprentice Level 6 Cyber Security Apprentice Level 6 Digital and Technology Solutions Apprentice Level 6 Digital and Technology Solutions Apprentice Business administrator Cyber security technical professional (integrated degree) Digital and technology solutions professional (integrated degree) apprenticeship school leaver,seed
GLC353,Network Rail,Weston Super Mare,BS24,aerospace_manufacturing,apprenticeship|higher_apprenticeship,technician|field_ops|ops|engineer_ops|software,large,0,high,https://www.networkrail.co.uk/careers,"Bristol employer (Weston Super Mare) with apprenticeship vacancies on Find an Apprenticeship. Recent roles include: Electrical and Electronics Engineer Apprentice; Manufacturing Engineer Degree Apprentice; Level 6 Electrical and Electronic Engineer Apprenticeship. Standards/frameworks: Embedded electronic systems design and development engineer (degree), Manufacturing engineer (degree), Electrical or electronic technical support engineer (degree).",Network Rail Weston Super Mare Bristol aerospace_manufacturing apprenticeship higher_apprenticeship technician field_ops ops engineer_ops software manufacturing quality Electrical and Electronics Engineer Apprentice Manufacturing Engineer Degree Apprentice Level 6 Electrical and Electronic Engineer Apprenticeship Level 3 Engineering Apprenticeship scheme Embedded electronic systems design and development engineer (degree) Manufacturing engineer (degree) Electrical or electronic technical support engineer (degree) apprenticeship school leaver,seed
GLC354,Oxford Instruments PLC,Bristol,BS35,aerospace_manufacturing,apprenticeship|school_leaver|higher_apprenticeship,admin|finance|sales|project_coord|engineer_ops,large,0,medium,https://www.oxinst.com/careers,"Bristol employer (Bristol) with apprenticeship vacancies on Find an Apprenticeship. Recent roles include: Mechatronics Production Engineer Apprentice; Apprentice Engineering Operative; Apprentice Production Technician. Standards/frameworks: Engineering operative, Project manager (integrated degree), Manufacturing engineer (degree).",OXFORD INSTRUMENTS PLC Bristol Bristol aerospace_manufacturing apprenticeship school_leaver higher_apprenticeship admin finance sales project_coord engineer_ops manufacturing technician quality care software Mechatronics Production Engineer Apprentice Apprentice Engineering Operative Apprentice Production Technician Project Management Apprentice Engineering operative Project manager (integrated degree) Manufacturing engineer (degree) apprenticeship school leaver,seed
GLC355,Permali Gloucester Limited,Gloucestershire,GL1,business_professional,apprenticeship,admin|finance|sales|project_coord|software,medium,0,low,https://permali.co.uk/careers,"Gloucestershire employer (Gloucestershire) with apprenticeship vacancies on Find an Apprenticeship. Recent roles include: IT Apprentice; IT Apprentice; Marketing Apprentice. Standards/frameworks: Information communications technician, Information communications technician.",PERMALI GLOUCESTER LIMITED Gloucestershire Gloucestershire business_professional apprenticeship admin finance sales project_coord software IT Apprentice IT Apprentice Marketing Apprentice Information communications technician Information communications technician apprenticeship school leaver,seed
GLC356,Ringway Infrastructure Services Limited,Gloucester,GL1,construction_green,apprenticeship|higher_apprenticeship|school_leaver,technician|field_ops|ops|engineer_ops|software,large,0,low,https://www.ringway.co.uk/careers,"Gloucestershire employer (Gloucester) with apprenticeship vacancies on Find an Apprenticeship. Recent roles include: Civil Engineer Level 4 Apprentice  - Ringway - Gloucestershire; Highways Maintenance Apprenticeship - Ringway - Bristol; Health and Safety Apprentice - Bristol - Ringway. Standards/frameworks: Construction site engineering technician, Highways maintenance skilled operative, Safety, health and environment technician.","RINGWAY INFRASTRUCTURE SERVICES LIMITED Gloucester Gloucestershire construction_green apprenticeship higher_apprenticeship school_leaver technician field_ops ops engineer_ops software care admin Civil Engineer Level 4 Apprentice  - Ringway - Gloucestershire Highways Maintenance Apprenticeship - Ringway - Bristol Health and Safety Apprentice - Bristol - Ringway Civil Engineer Level 4 Apprentice  - Ringway - Gloucestershire Construction site engineering technician Highways maintenance skilled operative Safety, health and environment technician apprenticeship school leaver",seed
GLC357,Rappor,Bristol,BS1,aerospace_manufacturing|business_professional,apprenticeship,engineer_ops|manufacturing|technician|quality|admin,medium,0,medium,https://rappor.co.uk/careers,"Bristol employer (Bristol) with apprenticeship vacancies on Find an Apprenticeship. Recent roles include: Apprentice Transport Planning Technician (Level 3) - Autumn 2025 intake; Apprentice Transport Planning Technician (Level 3) - Autumn 2025 intake; Apprentice Transport Planning Technician (Level 3) - September 2025 intake. Standards/frameworks: Transport planning technician, Transport planning technician, Transport planning technician.",Rappor Bristol Bristol aerospace_manufacturing business_professional apprenticeship engineer_ops manufacturing technician quality admin Apprentice Transport Planning Technician (Level 3) - Autumn 2025 intake Apprentice Transport Planning Technician (Level 3) - Autumn 2025 intake Apprentice Transport Planning Technician (Level 3) - September 2025 intake Apprentice Transport Planning Technician (Level 3) - September 2024 intake Transport planning technician Transport planning technician Transport planning technician apprenticeship school leaver,seed
GLC358,The Bristol Port Company,Bristol,BS11,business_professional|aerospace_manufacturing,apprenticeship|school_leaver,engineer_ops|manufacturing|technician|quality|admin,large,0,medium,https://www.bristolport.co.uk/about-us/careers,"Bristol employer (Bristol) with apprenticeship vacancies on Find an Apprenticeship. Recent roles include: Port Operative Apprentice; Business Administration Apprentice; Port Operative Apprentice. Standards/frameworks: Port operative, Business administrator, Port operative.",The Bristol Port Company Bristol Bristol business_professional aerospace_manufacturing apprenticeship school_leaver engineer_ops manufacturing technician quality admin finance sales project_coord care field_ops ops software Port Operative Apprentice Business Administration Apprentice Port Operative Apprentice Port Operations Apprentice Port operative Business administrator Port operative apprenticeship school leaver,seed
GLC359,Symec Technologies Limited,Gloucestershire,BS16,business_professional,apprenticeship|school_leaver,admin|finance|sales|project_coord|software,large,0,high,https://symec.co.uk,"Bristol employer (Gloucestershire) with apprenticeship vacancies on Find an Apprenticeship. Recent roles include: Warehousing / Supply Chain Apprenticeship; Warehousing / Supply Chain Apprenticeship; Apprentice Administrator. Standards/frameworks: Supply chain warehouse operative, Supply chain warehouse operative, Business administrator.",SYMEC TECHNOLOGIES LIMITED Gloucestershire Bristol business_professional apprenticeship school_leaver admin finance sales project_coord software Warehousing / Supply Chain Apprenticeship Warehousing / Supply Chain Apprenticeship Apprentice Administrator IT Support Apprentice Supply chain warehouse operative Supply chain warehouse operative Business administrator apprenticeship school leaver,seed
GLC360,Synoptix Ltd,Bristol,BS16,cyber_digital,apprenticeship|higher_apprenticeship,software|cyber|data|analyst|engineer_ops,medium,0,medium,https://synoptix.co.uk/careers,"Bristol employer (Bristol) with apprenticeship vacancies on Find an Apprenticeship. Recent roles include: Digital Support Technician Apprentice; Digital Support Technician Apprentice; Technical Assistant Level 6 Degree Apprenticeship. Standards/frameworks: Digital support technician, Digital support technician, Digital and technology solutions professional (integrated degree).",SYNOPTIX LTD Bristol Bristol cyber_digital apprenticeship higher_apprenticeship software cyber data analyst engineer_ops care Digital Support Technician Apprentice Digital Support Technician Apprentice Technical Assistant Level 6 Degree Apprenticeship Technical Assistant Level 6 Degree Apprenticeship Digital support technician Digital support technician Digital and technology solutions professional (integrated degree) apprenticeship school leaver,seed
GLC361,Taranis Engineering Ltd,Local Area,BS48,construction_green,apprenticeship,technician|field_ops|ops|engineer_ops|software,medium,0,medium,https://taranis-engineering.co.uk,"Bristol employer (Local Area) with apprenticeship vacancies on Find an Apprenticeship. Recent roles include: Apprentice Building Services Engineer; Apprentice Building Services Engineer; Apprentice Building Services Engineer. Standards/frameworks: Building services design technician, Building services design technician, Building services design technician.",TARANIS ENGINEERING LTD Local Area Bristol construction_green apprenticeship technician field_ops ops engineer_ops software Apprentice Building Services Engineer Apprentice Building Services Engineer Apprentice Building Services Engineer Building services design technician Building services design technician Building services design technician apprenticeship school leaver,seed
GLC362,Taylor Woodrow Infrastructure Limited,Bristol,BS1,business_professional|construction_green,apprenticeship|school_leaver|higher_apprenticeship,technician|field_ops|ops|engineer_ops|admin,medium,0,medium,https://taylorwoodrow.com/careers,"Bristol employer (Bristol) with apprenticeship vacancies on Find an Apprenticeship. Recent roles include: Level 2 Groundwork Apprentice - Taylor Woodrow - South West; Business Admin Apprentice  -Taylor Woodrow - South West; Level 4 Corporate Social Responsibility Apprentice - Taylor Woodrow - Bristol. Standards/frameworks: Groundworker, Business administrator, Corporate responsibility and sustainability practitioner.",TAYLOR WOODROW INFRASTRUCTURE LIMITED Bristol Bristol business_professional construction_green apprenticeship school_leaver higher_apprenticeship technician field_ops ops engineer_ops admin finance sales project_coord software Level 2 Groundwork Apprentice - Taylor Woodrow - South West Business Admin Apprentice  -Taylor Woodrow - South West Level 4 Corporate Social Responsibility Apprentice - Taylor Woodrow - Bristol Degree Civil Engineering Apprentice - Taylor Woodrow - South West Rail Groundworker Business administrator Corporate responsibility and sustainability practitioner apprenticeship school leaver,seed
GLC363,Thames Water Utilities Limited,Local Area,GL7,construction_green|business_professional,apprenticeship|higher_apprenticeship,admin|finance|sales|project_coord|engineer_ops,large,0,medium,https://www.thameswater.co.uk/careers,"Gloucestershire employer (Local Area) with apprenticeship vacancies on Find an Apprenticeship. Recent roles include: Mechanical and Electrical Level 3 Engineer Apprentice; Mechanical and Electrical Level 3 Engineer Apprentice; Apprentice Project Engineer - Cirencester (Latton). Standards/frameworks: Construction site supervisor, Maintenance and operations engineering technician, Construction site supervisor.",THAMES WATER UTILITIES LIMITED Local Area Gloucestershire construction_green business_professional apprenticeship higher_apprenticeship admin finance sales project_coord engineer_ops technician field_ops ops manufacturing quality care Mechanical and Electrical Level 3 Engineer Apprentice Mechanical and Electrical Level 3 Engineer Apprentice Apprentice Project Engineer - Cirencester (Latton) Electrical Engineering Apprentice - Latton Construction site supervisor Maintenance and operations engineering technician Construction site supervisor apprenticeship school leaver,seed
GLC364,The Best Connection Group Limited,Bristol,GL1,business_professional,apprenticeship|school_leaver,admin|finance|sales|project_coord|software,large,0,medium,https://www.thebestconnection.co.uk/jobs,"Gloucestershire employer (Bristol) with apprenticeship vacancies on Find an Apprenticeship. Recent roles include: Apprentice Recruitment Consultant; Apprentice Recruitment Consultant; Apprentice Recruitment Consultant. Standards/frameworks: Recruitment consultant, Recruitment consultant, Customer service practitioner.",THE BEST CONNECTION GROUP LIMITED Bristol Gloucestershire business_professional apprenticeship school_leaver admin finance sales project_coord software customer_success Apprentice Recruitment Consultant Apprentice Recruitment Consultant Apprentice Recruitment Consultant Apprentice Recruitment Consultant Recruitment consultant Recruitment consultant Customer service practitioner apprenticeship school leaver,seed
GLC365,Toyota Material Handling UK Limited,Gloucester,BS11,aerospace_manufacturing,apprenticeship,engineer_ops|manufacturing|technician|quality|software,medium,0,high,https://toyota-forklifts.co.uk/about-toyota/careers,"Bristol employer (Gloucester) with apprenticeship vacancies on Find an Apprenticeship. Recent roles include: Forklift Service Engineer Apprentice (Avonmouth); Forklift Service Engineer Apprentice (Avonmouth); Forklift Service Engineer Apprentice (Field, Bristol). Standards/frameworks: Lift truck and powered access engineering technician, Lift truck and powered access engineering technician, Lift truck and powered access engineering technician.","TOYOTA MATERIAL HANDLING UK LIMITED Gloucester Bristol aerospace_manufacturing apprenticeship engineer_ops manufacturing technician quality software Forklift Service Engineer Apprentice (Avonmouth) Forklift Service Engineer Apprentice (Avonmouth) Forklift Service Engineer Apprentice (Field, Bristol) Forklift Engineering Apprentice (Field Midland Gloucester) Lift truck and powered access engineering technician Lift truck and powered access engineering technician Lift truck and powered access engineering technician apprenticeship school leaver",seed
GLC366,Tricel (Weston) Limited,North Somerset,BS24,business_professional|hospitality_retail,apprenticeship,admin|finance|sales|project_coord|customer_success,medium,0,medium,https://uk.tricel.eu/careers,"Bristol employer (North Somerset) with apprenticeship vacancies on Find an Apprenticeship. Recent roles include: Customer Service Apprentice; Customer Service Apprentice; Customer Service Apprentice. Standards/frameworks: Customer service specialist, Customer service specialist, Customer service specialist.",TRICEL (WESTON) LIMITED North Somerset Bristol business_professional hospitality_retail apprenticeship admin finance sales project_coord customer_success Customer Service Apprentice Customer Service Apprentice Customer Service Apprentice Customer service specialist Customer service specialist Customer service specialist apprenticeship school leaver,seed
GLC367,Tweenhills Farm & Stud Ltd,Gloucester,GL19,agri_tech_food,apprenticeship|school_leaver,field_ops|ops|technician,medium,0,medium,https://tweenhills.com/contact-us,"Gloucestershire employer (Gloucester) with apprenticeship vacancies on Find an Apprenticeship. Recent roles include: EQUINE GROOM APPRENTICESHIP - L2 or L3 - STUD YARD; EQUINE GROOM APPRENTICESHIP - L2 or L3 - STUD YARD; Equine Groom Apprenticeship - Stud Yard. Standards/frameworks: Senior equine groom, Senior equine groom, Equine groom.",Tweenhills Farm & Stud Gloucester Gloucestershire agri_tech_food apprenticeship school_leaver field_ops ops technician EQUINE GROOM APPRENTICESHIP - L2 or L3 - STUD YARD EQUINE GROOM APPRENTICESHIP - L2 or L3 - STUD YARD Equine Groom Apprenticeship - Stud Yard Senior equine groom Senior equine groom Equine groom apprenticeship school leaver,seed
GLC368,Newent Community School & Sixth Form Centre,Newent,GL18,business_professional|education_training,apprenticeship,teaching_support|admin|care|customer_success|ops,medium,0,medium,https://newent.gloucs.sch.uk/vacancies,"Gloucestershire employer (Newent) with apprenticeship vacancies on Find an Apprenticeship. Recent roles include: Teaching Assistant Apprentice; Apprentice Receptionist; IT Apprentice. Standards/frameworks: Teaching assistant, Business administrator, Information communications technician.",NEWENT COMMUNITY SCHOOL & SIXTH FORM CENTRE Newent Gloucestershire business_professional education_training apprenticeship teaching_support admin care customer_success ops events software cyber finance sales project_coord Teaching Assistant Apprentice Apprentice Receptionist IT Apprentice Teaching assistant Business administrator Information communications technician apprenticeship school leaver,seed
GLC369,Planning Inspectorate,Temple Meads,BS1,business_professional|construction_green,apprenticeship|higher_apprenticeship,admin|finance|sales|project_coord|software,medium,0,medium,https://www.gov.uk/government/organisations/planning-inspectorate/about/recruitment,"Bristol employer (Temple Meads) with apprenticeship vacancies on Find an Apprenticeship. Recent roles include: Business Administration Apprentice; Business Administration Apprentice; Chartered Town Planner Apprentice. Standards/frameworks: Business administrator, Business administrator, Chartered town planner (degree).",Planning Inspectorate Temple Meads Bristol business_professional construction_green apprenticeship higher_apprenticeship admin finance sales project_coord software technician field_ops ops engineer_ops Business Administration Apprentice Business Administration Apprentice Chartered Town Planner Apprentice Apprentice Accounting Technician Business administrator Business administrator Chartered town planner (degree) apprenticeship school leaver,seed
GLC370,The National Trust,Winscombe,BS25,hospitality_retail,apprenticeship|school_leaver,customer_success|sales|ops|care,large,0,high,https://www.nationaltrustjobs.org.uk,"Bristol employer (Winscombe) with apprenticeship vacancies on Find an Apprenticeship. Recent roles include: Customer Service Apprentice - Level 2; Assistant Ranger Apprentice - Level 2; Assistant Ranger Apprenticeship - Level 2. Standards/frameworks: Customer service practitioner, Countryside worker, Countryside worker.",THE NATIONAL TRUST FOR PLACES OF HISTORIC INTEREST OR NATURAL BEAUTY Winscombe Bristol hospitality_retail apprenticeship school_leaver customer_success sales ops care Customer Service Apprentice - Level 2 Assistant Ranger Apprentice - Level 2 Assistant Ranger Apprenticeship - Level 2 Horticulture Apprentice - Level 2 Customer service practitioner Countryside worker Countryside worker apprenticeship school leaver,seed
GLC371,Little Garden Day Nurseries Limited,Local Area,BS20,education_training|health_care,apprenticeship,teaching_support|admin|care,medium,0,medium,https://littlegarden.co.uk/careers,"Bristol employer (Local Area) with apprenticeship vacancies on Find an Apprenticeship. Recent roles include: Early Years Educator Apprentice - Level 3; Early Years Educator Apprentice - Level 3; Early Years Educator Apprentice - Level 3. Standards/frameworks: Early years educator, Early years educator, Early years educator.",LITTLE GARDEN DAY NURSERIES LIMITED Local Area Bristol education_training health_care apprenticeship teaching_support admin care Early Years Educator Apprentice - Level 3 Early Years Educator Apprentice - Level 3 Early Years Educator Apprentice - Level 3 Early years educator Early years educator Early years educator apprenticeship school leaver,seed
GLC372,Nursery Village Ltd,Bristol,BS3,education_training|health_care,apprenticeship,teaching_support|admin|care,medium,0,low,https://nurseryvillage.com/careers,"Bristol employer (Bristol) with apprenticeship vacancies on Find an Apprenticeship. Recent roles include: Nursery Assistant Apprentice; Nursery Assistant Apprentice; Nursery Assistant Apprentice. Standards/frameworks: Early years educator, Early years educator, Early years educator.",NURSERY VILLAGE LTD Bristol Bristol education_training health_care apprenticeship teaching_support admin care Nursery Assistant Apprentice Nursery Assistant Apprentice Nursery Assistant Apprentice Nursery Assistant Apprentice Early years educator Early years educator Early years educator apprenticeship school leaver,seed
GLC373,Accxel Limited,Cinderford,GL14,business_professional,apprenticeship,admin|finance|sales|project_coord,sme,0,medium,https://accxel.co.uk/careers-in-construction,Gloucestershire employer (Cinderford) with apprenticeship vacancies on Find an Apprenticeship. Recent roles include: Onsite Trades Foundation Apprentice; Onsite Trades Foundation Apprentice.,ACCXEL LIMITED Cinderford Gloucestershire business_professional apprenticeship admin finance sales project_coord Onsite Trades Foundation Apprentice Onsite Trades Foundation Apprentice apprenticeship school leaver,seed
GLC374,Albright IP Limited,Cheltenham,GL50,business_professional,apprenticeship,admin|finance|sales|project_coord|software,sme,0,medium,https://albright-ip.co.uk/careers,"Gloucestershire employer (Cheltenham) with apprenticeship vacancies on Find an Apprenticeship. Recent roles include: Patents Team Administrator Apprentice; Patents Team Administrator Apprentice. Standards/frameworks: Business administrator, Business administrator.",ALBRIGHT IP LIMITED Cheltenham Gloucestershire business_professional apprenticeship admin finance sales project_coord software Patents Team Administrator Apprentice Patents Team Administrator Apprentice Business administrator Business administrator apprenticeship school leaver,seed
GLC375,Aramark Limited,Bristol,BS34,business_professional|hospitality_tourism,apprenticeship|school_leaver,customer_success|ops|events|care|admin,sme,0,medium,https://careers.aramark.com,Bristol employer (Bristol) with apprenticeship vacancies on Find an Apprenticeship. Recent roles include: Kitchen Porter Apprentice; Food Service Assistant Apprentice. Standards/frameworks: Healthcare cleaning operative.,ARAMARK LIMITED Bristol Bristol business_professional hospitality_tourism apprenticeship school_leaver customer_success ops events care admin finance sales project_coord Kitchen Porter Apprentice Food Service Assistant Apprentice Healthcare cleaning operative apprenticeship school leaver,seed
GLC376,B&Q,Stroud,GL5,business_professional|hospitality_retail,apprenticeship|school_leaver,admin|finance|sales|project_coord|customer_success,sme,0,low,,Gloucestershire employer (Stroud) with apprenticeship vacancies on Find an Apprenticeship. Recent roles include: B&Q Customer Advisor Apprenticeship. Standards/frameworks: Customer service practitioner.,B & Q PLC Stroud Gloucestershire business_professional hospitality_retail apprenticeship school_leaver admin finance sales project_coord customer_success B&Q Customer Advisor Apprenticeship Customer service practitioner apprenticeship school leaver,seed
GLC377,BAM Construct UK Limited,Bristol,BS34,construction_green,apprenticeship|higher_apprenticeship,technician|field_ops|ops|engineer_ops|software,large,0,medium,https://careers.bam.co.uk,"Bristol employer (Bristol) with apprenticeship vacancies on Find an Apprenticeship. Recent roles include: Apprentice Construction Management 2026 - Western; Apprentice Quantity Surveyor 2026 - Western; L4 Construction Management Apprenticeship. Standards/frameworks: Construction site supervisor, Construction quantity surveying technician, Construction site supervisor.",BAM CONSTRUCT UK LIMITED Bristol Bristol construction_green apprenticeship higher_apprenticeship technician field_ops ops engineer_ops software admin finance sales project_coord Apprentice Construction Management 2026 - Western Apprentice Quantity Surveyor 2026 - Western L4 Construction Management Apprenticeship Quantity Surveying Technical Apprenticeship Construction site supervisor Construction quantity surveying technician Construction site supervisor apprenticeship school leaver,seed
GLC378,Bray & Slaughter,Bristol,BS3,construction_green,apprenticeship|higher_apprenticeship,technician|field_ops|ops|engineer_ops|software,sme,0,medium,https://brayandslaughter.co.uk/careers,"Bristol employer (Bristol) with apprenticeship vacancies on Find an Apprenticeship. Recent roles include: Construction Site Supervisor Apprentice; Construction Management Apprentice. Standards/frameworks: Construction site supervisor, Construction site management (degree).",Bray & Slaughter Bristol Bristol construction_green apprenticeship higher_apprenticeship technician field_ops ops engineer_ops software Construction Site Supervisor Apprentice Construction Management Apprentice Construction site supervisor Construction site management (degree) apprenticeship school leaver,seed
GLC379,Broxton Industries Ltd,Cirencester,GL7,business_professional,apprenticeship,admin|finance|sales|project_coord,sme,0,medium,https://broxton.com/careers,Gloucestershire employer (Cirencester) with apprenticeship vacancies on Find an Apprenticeship. Recent roles include: Level 3 Machining Apprenticeship; Level 3 Machining Apprenticeship.,BROXTON INDUSTRIES LTD Cirencester Gloucestershire business_professional apprenticeship admin finance sales project_coord Level 3 Machining Apprenticeship Level 3 Machining Apprenticeship apprenticeship school leaver,seed
GLC380,Bytes Digital Limited,Clevedon,BS21,business_professional,apprenticeship,admin|finance|sales|project_coord|software,medium,0,low,https://bytesdigital.co.uk,Bristol employer (Clevedon) with apprenticeship vacancies on Find an Apprenticeship. Recent roles include: Marketing Executive Apprenticeship; Marketing Executive Apprenticeship; Business Admin Apprentice. Standards/frameworks: Business administrator.,BYTES DIGITAL LIMITED Clevedon Bristol business_professional apprenticeship admin finance sales project_coord software Marketing Executive Apprenticeship Marketing Executive Apprenticeship Business Admin Apprentice Business administrator apprenticeship school leaver,seed
GLC381,Carbase,Avon,BS11,aerospace_manufacturing|hospitality_retail,apprenticeship,customer_success|sales|ops|engineer_ops|manufacturing,sme,0,medium,https://carbase.co.uk/careers,"Bristol employer (Avon) with apprenticeship vacancies on Find an Apprenticeship. Recent roles include: Vehicle Technician Apprentice; Level 3 Vehicle Technician Apprentice. Standards/frameworks: Motor vehicle service and maintenance technician (light vehicle), Motor vehicle service and maintenance technician (light vehicle).",Carbase Avon Bristol aerospace_manufacturing hospitality_retail apprenticeship customer_success sales ops engineer_ops manufacturing Vehicle Technician Apprentice Level 3 Vehicle Technician Apprentice Motor vehicle service and maintenance technician (light vehicle) Motor vehicle service and maintenance technician (light vehicle) apprenticeship school leaver,seed
GLC382,CHEP UK Limited,Bristol,BS35,aerospace_manufacturing,apprenticeship,engineer_ops|manufacturing|technician|quality|care,medium,0,low,https://careers.brambles.com,"Bristol employer (Bristol) with apprenticeship vacancies on Find an Apprenticeship. Recent roles include: CHEP Severnside - Level 3 - Multi-skilled Maintenance Engineering Apprenticeship; CHEP Severnside - Level 3 - Multi-skilled Maintenance Engineering Apprenticeship; CHEP Bristol - Level 3 - Multi-skilled Maintenance Engineering Apprenticeship. Standards/frameworks: Engineering technician, Engineering technician, Engineering technician.",CHEP UK LIMITED Bristol Bristol aerospace_manufacturing apprenticeship engineer_ops manufacturing technician quality care CHEP Severnside - Level 3 - Multi-skilled Maintenance Engineering Apprenticeship CHEP Severnside - Level 3 - Multi-skilled Maintenance Engineering Apprenticeship CHEP Bristol - Level 3 - Multi-skilled Maintenance Engineering Apprenticeship Engineering technician Engineering technician Engineering technician apprenticeship school leaver,seed
GLC383,Cirencester Friendly Society Ltd,Gloucestershire,GL7,business_professional,apprenticeship|higher_apprenticeship,admin|finance|sales|project_coord|software,medium,0,medium,https://cirencester-friendly.co.uk/about-us/careers,"Gloucestershire employer (Gloucestershire) with apprenticeship vacancies on Find an Apprenticeship. Recent roles include: Risk & Compliance Officer - Degree Apprentice; Risk & Compliance Officer - Degree Apprentice; Facilities and HR Administration Apprentice. Standards/frameworks: Senior compliance and risk specialist, Senior compliance and risk specialist, Business administrator.",Cirencester Friendly Society Ltd Gloucestershire Gloucestershire business_professional apprenticeship higher_apprenticeship admin finance sales project_coord software Risk & Compliance Officer - Degree Apprentice Risk & Compliance Officer - Degree Apprentice Facilities and HR Administration Apprentice Customer Service and Business Administration Apprentice Senior compliance and risk specialist Senior compliance and risk specialist Business administrator apprenticeship school leaver,seed
GLC384,Cotswold Collections Ltd,Cheltenham,GL51,business_professional,apprenticeship|school_leaver,admin|finance|sales|project_coord|software,sme,0,medium,https://cotswoldcollections.com/careers,"Gloucestershire employer (Cheltenham) with apprenticeship vacancies on Find an Apprenticeship. Recent roles include: Account Assistant Level 2 Apprenticeship - Cotswold Collections; Account Assistant Level 2 Apprenticeship - Cotswold Collections. Standards/frameworks: Accounts or finance assistant, Accounts or finance assistant.",COTSWOLD COLLECTIONS LTD Cheltenham Gloucestershire business_professional apprenticeship school_leaver admin finance sales project_coord software Account Assistant Level 2 Apprenticeship - Cotswold Collections Account Assistant Level 2 Apprenticeship - Cotswold Collections Accounts or finance assistant Accounts or finance assistant apprenticeship school leaver,seed
GLC385,CT Skills,Local Area,BS7,business_professional|construction_green,apprenticeship,admin|finance|sales|project_coord|software,sme,0,medium,https://ctskills.co.uk/careers,Bristol employer (Local Area) with apprenticeship vacancies on Find an Apprenticeship. Recent roles include: Marketing & Sales Apprentice; Property Management Apprenticeship. Standards/frameworks: Housing and property management.,CT Skills Local Area Bristol business_professional construction_green apprenticeship admin finance sales project_coord software technician field_ops ops engineer_ops Marketing & Sales Apprentice Property Management Apprenticeship Housing and property management apprenticeship school leaver,seed
GLC386,Yeo Valley Farms,Somerset,BS40,agri_tech_food|hospitality_tourism,apprenticeship,field_ops|ops|technician|customer_success|events,medium,0,medium,https://careers.yeovalley.co.uk,"Bristol employer (Somerset) with apprenticeship vacancies on Find an Apprenticeship. Recent roles include: Blagdon - Food and Drink Maintenance Engineer Apprentice; Food and Drink Maintenance Engineer Apprentice; Food and Drink Maintenance Engineer Apprentice. Standards/frameworks: Food and drink maintenance engineer, Food and drink maintenance engineer, Food and drink maintenance engineer.",YEO VALLEY FARMS (PRODUCTION) LIMITED Somerset Bristol agri_tech_food hospitality_tourism apprenticeship field_ops ops technician customer_success events Blagdon - Food and Drink Maintenance Engineer Apprentice Food and Drink Maintenance Engineer Apprentice Food and Drink Maintenance Engineer Apprentice Food and Drink Maintenance Engineer Apprentice Food and drink maintenance engineer Food and drink maintenance engineer Food and drink maintenance engineer apprenticeship school leaver,seed
GLC387,Ashley Manor Preparatory School,Gloucestershire,GL52,education_training|health_care,apprenticeship|school_leaver,teaching_support|admin|care|software|cyber,large,0,medium,https://ashleymanorprep.co.uk,"Gloucestershire employer (Gloucestershire) with apprenticeship vacancies on Find an Apprenticeship. Recent roles include: Apprentice Early Years Practitioner; Apprentice Early Years Practitioner; Early Years Educator Apprenticeship. Standards/frameworks: Early years practitioner, Early years practitioner, Early years educator.",Ashley Manor Preparatory School Gloucestershire Gloucestershire education_training health_care apprenticeship school_leaver teaching_support admin care software cyber Apprentice Early Years Practitioner Apprentice Early Years Practitioner Early Years Educator Apprenticeship Apprentice Early Years Educator Early years practitioner Early years practitioner Early years educator apprenticeship school leaver,seed
GLC388,Aspire Foundation,Cheltenham,GL51,education_training|health_care,apprenticeship|school_leaver,teaching_support|admin|care,medium,0,medium,https://aspirefoundation.org.uk/vacancies,"Gloucestershire employer (Cheltenham) with apprenticeship vacancies on Find an Apprenticeship. Recent roles include: Early Years Practitioner Apprentice; Early Years Educator Apprentice; Early Years Educator Apprentice. Standards/frameworks: Early years practitioner, Early years educator, Early years educator.",Aspire Foundation Cheltenham Gloucestershire education_training health_care apprenticeship school_leaver teaching_support admin care Early Years Practitioner Apprentice Early Years Educator Apprentice Early Years Educator Apprentice Early Years Practitioner Apprentice Early years practitioner Early years educator Early years educator apprenticeship school leaver,seed
GLC389,Bristol Drugs Project Ltd,Bristol,BS2,health_care,apprenticeship,care|admin|software|cyber,medium,0,medium,https://bdp.org.uk/jobs,"Bristol employer (Bristol) with apprenticeship vacancies on Find an Apprenticeship. Recent roles include: Apprentice Trainee Drug and Alcohol Worker; Apprentice Trainee Drug and Alcohol Worker; Drug and Alcohol Adult Care Worker Apprentice. Standards/frameworks: Senior healthcare support worker, Senior healthcare support worker, Lead adult care worker.",BRISTOL DRUGS PROJECT LTD Bristol Bristol health_care apprenticeship care admin software cyber Apprentice Trainee Drug and Alcohol Worker Apprentice Trainee Drug and Alcohol Worker Drug and Alcohol Adult Care Worker Apprentice Drug and Alcohol Adult Care Worker Apprentice Senior healthcare support worker Senior healthcare support worker Lead adult care worker apprenticeship school leaver,seed
GLC390,BS3 Community Development,Bristol,BS3,education_training|health_care,apprenticeship,teaching_support|admin|care|software|cyber,medium,0,medium,https://bs3community.org.uk/work-with-us,"Bristol employer (Bristol) with apprenticeship vacancies on Find an Apprenticeship. Recent roles include: Early Years Practitioner - learning on the job apprentice Early Years Assistant role whilst studying; Early years apprentice; Early years apprentice. Standards/frameworks: Early years educator, Early years educator, Early years educator.",BS3 COMMUNITY DEVELOPMENT Bristol Bristol education_training health_care apprenticeship teaching_support admin care software cyber Early Years Practitioner - learning on the job apprentice Early Years Assistant role whilst studying Early years apprentice Early years apprentice Early years educator Early years educator Early years educator apprenticeship school leaver,seed
GLC391,Battledown Centre for Children and Families,Cheltenham,GL52,education_training,apprenticeship,teaching_support|admin|care,sme,0,low,https://battledown.org.uk,"Gloucestershire employer (Cheltenham) with apprenticeship vacancies on Find an Apprenticeship. Recent roles include: Teaching Assistant Apprenticeship; Teaching Assistant Apprenticeship. Standards/frameworks: Teaching assistant, Teaching assistant.",Battledown Centre for Children and Families Cheltenham Gloucestershire education_training apprenticeship teaching_support admin care Teaching Assistant Apprenticeship Teaching Assistant Apprenticeship Teaching assistant Teaching assistant apprenticeship school leaver,seed
GLC392,Bromford Housing Group Ltd,Tewkesbury,GL20,business_professional|construction_green,apprenticeship|school_leaver,technician|field_ops|ops|engineer_ops|software,medium,0,low,https://careers.bromford.co.uk,"Gloucestershire employer (Tewkesbury) with apprenticeship vacancies on Find an Apprenticeship. Recent roles include: Apprentice Income Management Adviser; Letting Advisor (Business Admin) Apprentice; Tech Support Apprentice. Standards/frameworks: Housing and property management assistant, Housing and property management assistant, Digital support technician.",Bromford Housing Group Ltd Tewkesbury Gloucestershire business_professional construction_green apprenticeship school_leaver technician field_ops ops engineer_ops software cyber data analyst care admin finance sales project_coord Apprentice Income Management Adviser Letting Advisor (Business Admin) Apprentice Tech Support Apprentice Payroll Apprentice Housing and property management assistant Housing and property management assistant Digital support technician apprenticeship school leaver,seed
GLC393,Care Avenues Limited,Local Area,BS1,business_professional|health_care,apprenticeship|school_leaver,admin|finance|sales|project_coord|software,sme,0,medium,https://careavenues.co.uk/careers,"Bristol employer (Local Area) with apprenticeship vacancies on Find an Apprenticeship. Recent roles include: Apprentice Administrator; Apprentice Support Worker - Care. Standards/frameworks: Business administrator, Adult care worker.",CARE AVENUES LIMITED Local Area Bristol business_professional health_care apprenticeship school_leaver admin finance sales project_coord software care Apprentice Administrator Apprentice Support Worker - Care Business administrator Adult care worker apprenticeship school leaver,seed
GLC394,Chosen Hill School,Gloucestershire,GL3,education_training,apprenticeship|school_leaver,teaching_support|admin|care|software|cyber,medium,0,medium,https://chosenhillschool.co.uk/vacancies,"Gloucestershire employer (Gloucestershire) with apprenticeship vacancies on Find an Apprenticeship. Recent roles include: Teaching Assistant Apprenticeship Level 3; Teaching Assistant Apprenticeship Level 3; Property Maintenance Operative Apprenticeship L2. Standards/frameworks: Teaching assistant, Teaching assistant, Property maintenance operative.",CHOSEN HILL SCHOOL Gloucestershire Gloucestershire education_training apprenticeship school_leaver teaching_support admin care software cyber Teaching Assistant Apprenticeship Level 3 Teaching Assistant Apprenticeship Level 3 Property Maintenance Operative Apprenticeship L2 Property Maintenance Operative Apprenticeship L2 Teaching assistant Teaching assistant Property maintenance operative apprenticeship school leaver,seed
GLC395,Clover Health and Homecare Limited,Bristol,BS32,business_professional,apprenticeship,admin|finance|sales|project_coord|software,medium,0,medium,https://cloverhealth.co.uk,"Bristol employer (Bristol) with apprenticeship vacancies on Find an Apprenticeship. Recent roles include: Business Administration Apprentice; Business Administration Apprentice; Administration Assistant Apprentice. Standards/frameworks: Business administrator, Business administrator, Business administrator.",CLOVER HEALTH AND HOMECARE LIMITED Bristol Bristol business_professional apprenticeship admin finance sales project_coord software Business Administration Apprentice Business Administration Apprentice Administration Assistant Apprentice Business administrator Business administrator Business administrator apprenticeship school leaver,seed
GLC396,Wild Oaks Early Learning Center Ltd,Cirencester,GL7,education_training|health_care,apprenticeship|school_leaver,teaching_support|admin|care,medium,0,medium,https://wildoakselc.co.uk,"Gloucestershire employer (Cirencester) with apprenticeship vacancies on Find an Apprenticeship. Recent roles include: Apprentice Early Years Practitioner; Apprentice Early Years Practitioner; Apprentice Early Years Educator. Standards/frameworks: Early years practitioner, Early years practitioner, Early years educator.",WILD OAKS EARLY LEARNING CENTER LTD Cirencester Gloucestershire education_training health_care apprenticeship school_leaver teaching_support admin care Apprentice Early Years Practitioner Apprentice Early Years Practitioner Apprentice Early Years Educator Early years practitioner Early years practitioner Early years educator apprenticeship school leaver,seed
GLC397,Busy Bees Day Nurseries,Bristol,BS16,education_training|health_care,apprenticeship|school_leaver,teaching_support|admin|care|customer_success|ops,large,0,medium,https://busybeeschildcare.co.uk/careers,"Bristol employer (Bristol) with apprenticeship vacancies on Find an Apprenticeship. Recent roles include: Early Years Apprenticeship at Busy Bees Quedgeley (Level 3); Early Years Apprenticeship at Busy Bees Cheltenham Wellington Road (Level 3); Early Years Apprenticeship at Busy Bees Bristol Barrs Court. Standards/frameworks: Early years educator, Early years educator, Early years educator.",BUSY BEES DAY NURSERIES (TRADING) LIMITED Bristol Bristol education_training health_care apprenticeship school_leaver teaching_support admin care customer_success ops events Early Years Apprenticeship at Busy Bees Quedgeley (Level 3) Early Years Apprenticeship at Busy Bees Cheltenham Wellington Road (Level 3) Early Years Apprenticeship at Busy Bees Bristol Barrs Court Early Years Apprenticeship at Busy Bees Bristol Emersons Green Early years educator Early years educator Early years educator apprenticeship school leaver,seed
GLC398,Bright Stars Nurseries,Gloucestershire,BS48,education_training|health_care,apprenticeship,teaching_support|admin|care,sme,0,low,https://brightstarsnurseries.co.uk/careers,"Bristol employer (Gloucestershire) with apprenticeship vacancies on Find an Apprenticeship. Recent roles include: Early Years Educator Apprentice; Early Years Educator Apprentice. Standards/frameworks: Early years educator, Early years educator.",Charlton Nursery Flax Bourton (Bright Stars) Gloucestershire Bristol education_training health_care apprenticeship teaching_support admin care Early Years Educator Apprentice Early Years Educator Apprentice Early years educator Early years educator apprenticeship school leaver,seed
GLC399,Everyone Active,,,,,,,0,,https://everyoneactive.com/careers,Local employer with recent apprenticeship vacancies. Check https://everyoneactive.com/careers for current opportunities.,,seed
GLC400,B&Q,Stroud,GL5,business_professional|hospitality_retail,apprenticeship|school_leaver,admin|finance|sales|project_coord|customer_success,sme,0,low,https://careers.diy.com,Gloucestershire employer (Stroud) with apprenticeship vacancies on Find an Apprenticeship. Recent roles include: B&Q Customer Advisor Apprenticeship. Standards/frameworks: Customer service practitioner.,B & Q PLC Stroud Gloucestershire business_professional hospitality_retail apprenticeship school_leaver admin finance sales project_coord customer_success B&Q Customer Advisor Apprenticeship Customer service practitioner apprenticeship school leaver,seed
GLC401,City West Commercials Limited,Local Area,BS11,business_professional,apprenticeship,admin|finance|sales|project_coord|engineer_ops,medium,0,medium,https://citywestcommercials.co.uk/careers,"Bristol employer (Local Area) with apprenticeship vacancies on Find an Apprenticeship. Recent roles include: Daimler Heavy Vehicle Technician Apprenticeship; Daimler Trucks Heavy Vehicle Technician Apprenticeship; Daimler Trucks Heavy Vehicle Technician Apprenticeship. Standards/frameworks: Heavy vehicle service and maintenance technician, Heavy vehicle service and maintenance technician, Heavy vehicle service and maintenance technician.",CITY WEST COMMERCIALS LIMITED Local Area Bristol business_professional apprenticeship admin finance sales project_coord engineer_ops Daimler Heavy Vehicle Technician Apprenticeship Daimler Trucks Heavy Vehicle Technician Apprenticeship Daimler Trucks Heavy Vehicle Technician Apprenticeship Daimler Trucks Heavy Vehicle Technician Apprenticeship Heavy vehicle service and maintenance technician Heavy vehicle service and maintenance technician Heavy vehicle service and maintenance technician apprenticeship school leaver,seed
GLC402,Cornwall Glass & Glazing Limited,Local Area,BS4,business_professional,apprenticeship,admin|finance|sales|project_coord|software,medium,0,medium,https://cornwallglass.co.uk/about-us/join-us,"Bristol employer (Local Area) with apprenticeship vacancies on Find an Apprenticeship. Recent roles include: Business Administrator Apprentice; Business Administrator Apprentice; Business Administrator Apprentice. Standards/frameworks: Business administrator, Business administrator, Business administrator.",CORNWALL GLASS & GLAZING LIMITED Local Area Bristol business_professional apprenticeship admin finance sales project_coord software Business Administrator Apprentice Business Administrator Apprentice Business Administrator Apprentice Business administrator Business administrator Business administrator apprenticeship school leaver,seed
GLC403,Dalkia Facilities Limited,Gloucester,GL3,cyber_digital,apprenticeship,software|cyber|data|analyst|care,sme,0,low,https://careers.dalkia.co.uk,"Gloucestershire employer (Gloucester) with apprenticeship vacancies on Find an Apprenticeship. Recent roles include: Data Analyst Technician Level 3 Apprenticeship at EDF. September start; Transport Data Technician Apprenticeship at EDF. September start. Standards/frameworks: Data technician, Data technician.",DALKIA FACILITIES LIMITED Gloucester Gloucestershire cyber_digital apprenticeship software cyber data analyst care Data Analyst Technician Level 3 Apprenticeship at EDF. September start Transport Data Technician Apprenticeship at EDF. September start Data technician Data technician apprenticeship school leaver,seed
GLC404,DBpixelhouse Limited,Ashchurch,GL20,business_professional,apprenticeship,admin|finance|sales|project_coord|software,sme,0,low,https://dbpixelhouse.com/careers,"Gloucestershire employer (Ashchurch) with apprenticeship vacancies on Find an Apprenticeship. Recent roles include: IT Technician Apprentice; IT Technician Apprentice. Standards/frameworks: Information communications technician, Information communications technician.",DBPIXELHOUSE LIMITED Ashchurch Gloucestershire business_professional apprenticeship admin finance sales project_coord software IT Technician Apprentice IT Technician Apprentice Information communications technician Information communications technician apprenticeship school leaver,seed
GLC405,Digby Associates,Cheltenham,GL52,business_professional,apprenticeship,admin|finance|sales|project_coord,large,0,medium,https://digby-associates.co.uk,"Gloucestershire employer (Cheltenham) with apprenticeship vacancies on Find an Apprenticeship. Recent roles include: Wealth Management Business Admin Apprenticeship; Wealth Management Business Admin Apprenticeship; Wealth Management Business Admin Apprenticeship. Standards/frameworks: Business administrator, Business administrator, Business administrator.",Digby Associates Cheltenham Gloucestershire business_professional apprenticeship admin finance sales project_coord Wealth Management Business Admin Apprenticeship Wealth Management Business Admin Apprenticeship Wealth Management Business Admin Apprenticeship Wealth Management Business Admin Apprenticeship Business administrator Business administrator Business administrator apprenticeship school leaver,seed
GLC406,Diligenta Ltd,Bristol,BS34,business_professional|hospitality_retail,apprenticeship|higher_apprenticeship,admin|finance|sales|project_coord|customer_success,large,0,low,https://diligentacareers.co.uk,"Bristol employer (Bristol) with apprenticeship vacancies on Find an Apprenticeship. Recent roles include: Customer Service Apprentice; Customer Service Apprentice; Graduate Trainee-Finance Apprentice (Diligenta). Standards/frameworks: Customer service specialist, Customer service specialist, Accountancy or taxation professional.",Diligenta Ltd Bristol Bristol business_professional hospitality_retail apprenticeship higher_apprenticeship admin finance sales project_coord customer_success software cyber data analyst Customer Service Apprentice Customer Service Apprentice Graduate Trainee-Finance Apprentice (Diligenta) Business Administration Apprentice (Diligenta) Customer service specialist Customer service specialist Accountancy or taxation professional apprenticeship school leaver,seed
GLC407,Drive Motor Retail Limited,Bristol,BS22,aerospace_manufacturing,apprenticeship|school_leaver|higher_apprenticeship,customer_success|sales|ops|engineer_ops|manufacturing,large,0,high,https://drivevauxhall.co.uk/careers,"Bristol employer (Bristol) with apprenticeship vacancies on Find an Apprenticeship. Recent roles include: Service Technician Apprenticeship - Drive Vauxhall Weston-super-Mare; Automotive Parts Advisor Apprenticeship - Drive Vauxhall Bristol North; Service Technician Apprenticeship - Drive Vauxhall Bristol East. Standards/frameworks: Motor vehicle service and maintenance technician (light vehicle), Supply chain warehouse operative, Motor vehicle service and maintenance technician (light vehicle).",DRIVE MOTOR RETAIL LIMITED Bristol Bristol aerospace_manufacturing apprenticeship school_leaver higher_apprenticeship customer_success sales ops engineer_ops manufacturing admin finance project_coord software technician quality field_ops Service Technician Apprenticeship - Drive Vauxhall Weston-super-Mare Automotive Parts Advisor Apprenticeship - Drive Vauxhall Bristol North Service Technician Apprenticeship - Drive Vauxhall Bristol East Service Technician Apprenticeship - Drive Vauxhall Weston-super-Mare Motor vehicle service and maintenance technician (light vehicle) Supply chain warehouse operative Motor vehicle service and maintenance technician (light vehicle) apprenticeship school leaver,seed
GLC408,Dutypoint Systems Limited,United Kingdom,GL2,aerospace_manufacturing,apprenticeship|higher_apprenticeship,engineer_ops|manufacturing|technician|quality|software,medium,0,low,https://dutypoint.com/careers,"Gloucestershire employer (United Kingdom) with apprenticeship vacancies on Find an Apprenticeship. Recent roles include: Level 4 Engineering Apprentice; Level 3 Engineering Apprentice; Level 4 Engineering Apprentice. Standards/frameworks: Engineering manufacturing technician, Engineering technician, Engineering manufacturing technician.",DUTYPOINT SYSTEMS LIMITED United Kingdom Gloucestershire aerospace_manufacturing apprenticeship higher_apprenticeship engineer_ops manufacturing technician quality software Level 4 Engineering Apprentice Level 3 Engineering Apprentice Level 4 Engineering Apprentice Engineering manufacturing technician Engineering technician Engineering manufacturing technician apprenticeship school leaver,seed
GLC409,Edison Ford Estate Agency,Bristol,BS37,business_professional,apprenticeship,admin|finance|sales|project_coord|software,medium,0,low,https://edisonfordproperty.co.uk,"Bristol employer (Bristol) with apprenticeship vacancies on Find an Apprenticeship. Recent roles include: Business Administration Apprenticeship - Property; Business Administration Apprenticeship - Property; Business Administration Apprenticeship - Property. Standards/frameworks: Business administrator, Business administrator, Business administrator.",Edison Ford Estate Agency Bristol Bristol business_professional apprenticeship admin finance sales project_coord software care Business Administration Apprenticeship - Property Business Administration Apprenticeship - Property Business Administration Apprenticeship - Property Business Administration Apprentice Business administrator Business administrator Business administrator apprenticeship school leaver,seed
GLC410,Edwards Limited,Clevedon,BS21,business_professional,apprenticeship,admin|finance|sales|project_coord|software,medium,0,low,https://www.edwardsvacuum.com/en-uk/join-us,Bristol employer (Clevedon) with apprenticeship vacancies on Find an Apprenticeship. Recent roles include: Machining Apprentice (Clevedon); Machining Apprentice (Clevedon); Machining Apprentice (Clevedon).,EDWARDS LIMITED Clevedon Bristol business_professional apprenticeship admin finance sales project_coord software Machining Apprentice (Clevedon) Machining Apprentice (Clevedon) Machining Apprentice (Clevedon) Apprentice EngineeringTechnician apprenticeship school leaver,seed
GLC411,eXpd8 Limited,Bristol,BS1,business_professional,apprenticeship,admin|finance|sales|project_coord|software,sme,0,low,https://expd8.co.uk/join-the-family,"Bristol employer (Bristol) with apprenticeship vacancies on Find an Apprenticeship. Recent roles include: Learning and Development Apprentice; Learning and Development Apprentice. Standards/frameworks: Learning and development practitioner, Learning and development practitioner.",EXPD8 LIMITED Bristol Bristol business_professional apprenticeship admin finance sales project_coord software Learning and Development Apprentice Learning and Development Apprentice Learning and development practitioner Learning and development practitioner apprenticeship school leaver,seed
GLC412,Cabotswood & Quayside Ltd,"Long, Ashton Bristol",BS41,business_professional,apprenticeship,admin|finance|sales|project_coord|software,medium,0,low,https://cabotswood.com,"Bristol employer (Long, Ashton Bristol) with apprenticeship vacancies on Find an Apprenticeship. Recent roles include: Business Administration Apprentice - Bristol; Business Administration Apprentice - Bristol; Business Administration Apprentice - Bristol. Standards/frameworks: Business administrator, Business administrator, Business administrator.","CABOTSWOOD & QUAYSIDE LTD Long, Ashton Bristol Bristol business_professional apprenticeship admin finance sales project_coord software Business Administration Apprentice - Bristol Business Administration Apprentice - Bristol Business Administration Apprentice - Bristol Business administrator Business administrator Business administrator apprenticeship school leaver",seed
GLC413,Crown Lettings,Local Area,GL1,business_professional|construction_green,apprenticeship,admin|finance|sales|project_coord|customer_success,sme,0,medium,https://crownlettings.co.uk,"Gloucestershire employer (Local Area) with apprenticeship vacancies on Find an Apprenticeship. Recent roles include: Legal Assistant Apprenticeship; Lettings Negotiator and Property Management Apprentice. Standards/frameworks: Customer service specialist, Housing and property management.",Crown Lettings Local Area Gloucestershire business_professional construction_green apprenticeship admin finance sales project_coord customer_success technician field_ops ops engineer_ops software Legal Assistant Apprenticeship Lettings Negotiator and Property Management Apprentice Customer service specialist Housing and property management apprenticeship school leaver,seed
GLC414,D R Jones Yeovil Ltd,Bristol,BS20,business_professional|hospitality_retail,apprenticeship|school_leaver,admin|finance|sales|project_coord|customer_success,medium,0,low,https://drjonesyeovil.co.uk,"Bristol employer (Bristol) with apprenticeship vacancies on Find an Apprenticeship. Recent roles include: Apprentice Administrator; Customer Service Practitioner Apprentice; Administration Assistant Apprentice. Standards/frameworks: Customer service practitioner, Aviation customer service operative, Customer service practitioner.",D R JONES YEOVIL LTD. Bristol Bristol business_professional hospitality_retail apprenticeship school_leaver admin finance sales project_coord customer_success ops events care Apprentice Administrator Customer Service Practitioner Apprentice Administration Assistant Apprentice Administration Assistant Apprentice Customer service practitioner Aviation customer service operative Customer service practitioner apprenticeship school leaver,seed
GLC415,Donkeywell Forge Ltd,Glos,GL7,aerospace_manufacturing,apprenticeship,engineer_ops|manufacturing|technician|quality|care,sme,0,medium,https://donkeywellforge.co.uk,"Gloucestershire employer (Glos) with apprenticeship vacancies on Find an Apprenticeship. Recent roles include: Heritage Ironworker and Engineer Apprenticeship (Coachbuilding, machining and metalworking); Heritage Ironworker and Engineer Apprenticeship (Coachbuilding, machining and metalworking). Standards/frameworks: Heritage engineering technician, Heritage engineering technician.","DONKEYWELL FORGE LTD Glos Gloucestershire aerospace_manufacturing apprenticeship engineer_ops manufacturing technician quality care Heritage Ironworker and Engineer Apprenticeship (Coachbuilding, machining and metalworking) Heritage Ironworker and Engineer Apprenticeship (Coachbuilding, machining and metalworking) Heritage engineering technician Heritage engineering technician apprenticeship school leaver",seed
GLC416,ABL Health Limited,Local Area,GL1,business_professional,apprenticeship,admin|finance|sales|project_coord|software,medium,0,medium,https://ablhealth.co.uk/join-us,"Gloucestershire employer (Local Area) with apprenticeship vacancies on Find an Apprenticeship. Recent roles include: Business Administration Apprentice; Business Administration Apprentice; Business Administration Apprentice. Standards/frameworks: Business administrator, Business administrator, Business administrator.",ABL HEALTH LIMITED Local Area Gloucestershire business_professional apprenticeship admin finance sales project_coord software Business Administration Apprentice Business Administration Apprentice Business Administration Apprentice Business administrator Business administrator Business administrator apprenticeship school leaver,seed
GLC417,Gloucester City Homes,Gloucestershire,GL1,construction_green,apprenticeship|school_leaver,technician|field_ops|ops|engineer_ops|software,medium,0,high,https://gch.co.uk/jobs,"Gloucestershire employer (Gloucestershire) with apprenticeship vacancies on Find an Apprenticeship. Recent roles include: Electrical Apprentice; Property Maintenance Operative Apprentice; Property Maintenance Operative Apprentice. Standards/frameworks: Installation electrician and maintenance electrician, Property maintenance operative, Property maintenance operative.",Gloucester City Homes Gloucestershire Gloucestershire construction_green apprenticeship school_leaver technician field_ops ops engineer_ops software Electrical Apprentice Property Maintenance Operative Apprentice Property Maintenance Operative Apprentice Installation electrician and maintenance electrician Property maintenance operative Property maintenance operative apprenticeship school leaver,seed
GLC418,Department for Work and Pensions,Local Area,GL1,business_professional|public_sector,apprenticeship|higher_apprenticeship,admin|ops|project_support|finance|sales,sme,0,medium,https://careers.dwp.gov.uk,"Gloucestershire employer (Local Area) with apprenticeship vacancies on Find an Apprenticeship. Recent roles include: Apprentice Compliance Officer; Apprentice Compliance Officer. Standards/frameworks: Counter fraud investigator, Public sector compliance Investigator and officer.",Department for Work and Pensions Local Area Gloucestershire business_professional public_sector apprenticeship higher_apprenticeship admin ops project_support finance sales project_coord software Apprentice Compliance Officer Apprentice Compliance Officer Counter fraud investigator Public sector compliance Investigator and officer apprenticeship school leaver,seed
GLC419,Ecctis Ltd,Cheltenham,GL50,business_professional,apprenticeship|higher_apprenticeship,admin|finance|sales|project_coord|software,medium,0,low,https://ecctis.com/careers,"Gloucestershire employer (Cheltenham) with apprenticeship vacancies on Find an Apprenticeship. Recent roles include: PR and Communications Apprentice; IT apprentice; Audio Visual Technical Apprentice. Standards/frameworks: Public relations and communications assistant, Information communications technician.",ECCTIS LTD Cheltenham Gloucestershire business_professional apprenticeship higher_apprenticeship admin finance sales project_coord software PR and Communications Apprentice IT apprentice Audio Visual Technical Apprentice Audio Visual Technical Apprentice Public relations and communications assistant Information communications technician apprenticeship school leaver,seed
GLC420,First Thought Care Services Ltd,Gloucester,GL3,business_professional|creative_events,apprenticeship,admin|finance|sales|project_coord|software,medium,0,low,https://ftcareservices.co.uk,"Gloucestershire employer (Gloucester) with apprenticeship vacancies on Find an Apprenticeship. Recent roles include: Admin Apprentice (First Thought Care Services); HR Administrator Apprentice (First Thought Care Services); Content Apprenticeship. Standards/frameworks: Business administrator, HR support, Junior content producer.",FIRST THOUGHT CARE SERVICES LTD Gloucester Gloucestershire business_professional creative_events apprenticeship admin finance sales project_coord software care design content events cyber Admin Apprentice (First Thought Care Services) HR Administrator Apprentice (First Thought Care Services) Content Apprenticeship Business Administration Apprentice Business administrator HR support Junior content producer apprenticeship school leaver,seed
GLC421,Claremont and Kingsweston Schools Federation,Local Area,BS11,education_training,apprenticeship,teaching_support|admin|care,sme,0,medium,https://claremontbristol.org.uk,"Bristol employer (Local Area) with apprenticeship vacancies on Find an Apprenticeship. Recent roles include: Teaching Assistant Apprentice; Teaching Assistant Apprentice. Standards/frameworks: Teaching assistant, Teaching assistant.",Claremont and Kingsweston Schools Federation Local Area Bristol education_training apprenticeship teaching_support admin care Teaching Assistant Apprentice Teaching Assistant Apprentice Teaching assistant Teaching assistant apprenticeship school leaver,seed
GLC422,BananaMoon Gloucester,Gloucester,GL1,education_training|health_care,apprenticeship,teaching_support|admin|care|software|cyber,medium,0,medium,https://bananamoon-gloucester.co.uk,"Gloucestershire employer (Gloucester) with apprenticeship vacancies on Find an Apprenticeship. Recent roles include: APPRENTICE EARLY YEARS PRACTITIONER; APPRENTICE EARLY YEARS PRACTITIONER; APPRENTICE EARLY YEARS PRACTITIONER. Standards/frameworks: Early years educator, Early years educator, Early years educator.",BananaMoon-Gloucester Gloucester Gloucestershire education_training health_care apprenticeship teaching_support admin care software cyber APPRENTICE EARLY YEARS PRACTITIONER APPRENTICE EARLY YEARS PRACTITIONER APPRENTICE EARLY YEARS PRACTITIONER Early years educator Early years educator Early years educator apprenticeship school leaver,seed
GLC423,PortmanDentex,Local Area,GL52,business_professional|health_care,apprenticeship,admin|finance|sales|project_coord|care,sme,0,low,https://portmandentex.com/careers,Gloucestershire employer (Local Area) with apprenticeship vacancies on Find an Apprenticeship. Recent roles include: Dental Nurse Apprenticeship; Dental Nurse Apprenticeship. Standards/frameworks: Dental nurse (integrated).,DENTEX CLINICAL  LIMITED Local Area Gloucestershire business_professional health_care apprenticeship admin finance sales project_coord care Dental Nurse Apprenticeship Dental Nurse Apprenticeship Dental nurse (integrated) apprenticeship school leaver,seed
GLC424,Dani Evans Eventing,Pensford,BS39,agri_tech_food,apprenticeship|school_leaver,field_ops|ops|technician,medium,0,low,https://danievanseventing.com,"Bristol employer (Pensford) with apprenticeship vacancies on Find an Apprenticeship. Recent roles include: Equine Groom Apprenticeship; Equine Groom Apprenticeship; Equine Groom Apprenticeship. Standards/frameworks: Equine groom, Equine groom, Equine groom.",Dani Evans Eventing Pensford Bristol agri_tech_food apprenticeship school_leaver field_ops ops technician Equine Groom Apprenticeship Equine Groom Apprenticeship Equine Groom Apprenticeship Equine groom Equine groom Equine groom apprenticeship school leaver,seed
GLC426,Amazon UK Services Ltd,Bristol,BS35,aerospace_manufacturing|business_professional,apprenticeship|higher_apprenticeship,admin|finance|sales|project_coord|software,large,0,medium,https://amazon.jobs/en-gb,"Bristol employer (Bristol) with apprenticeship vacancies on Find an Apprenticeship. Recent roles include: Chartered Management Degree Apprentice; Engineering Mechatronics Apprentice; Chartered Management Degree Apprentice. Standards/frameworks: Chartered manager (degree), Chartered manager (degree), Control technical support engineer.",AMAZON UK SERVICES LTD. Bristol Bristol aerospace_manufacturing business_professional apprenticeship higher_apprenticeship admin finance sales project_coord software engineer_ops manufacturing technician quality cyber data analyst Chartered Management Degree Apprentice Engineering Mechatronics Apprentice Chartered Management Degree Apprentice Automation Engineering Apprentice Chartered manager (degree) Chartered manager (degree) Control technical support engineer apprenticeship school leaver,seed
GLC427,Barnett Waddingham,Bristol,BS1,business_professional,apprenticeship|higher_apprenticeship,admin|finance|sales|project_coord|care,large,0,low,https://barnett-waddingham.co.uk/careers,"Bristol employer (Bristol) with apprenticeship vacancies on Find an Apprenticeship. Recent roles include: Client Support Apprentice; Pension Administration Apprenticeship; Pension Administration Apprenticeship. Standards/frameworks: Business administrator, Workplace pensions (administrator or consultant), Workplace pensions (administrator or consultant).",Barnett Waddingham Bristol Bristol business_professional apprenticeship higher_apprenticeship admin finance sales project_coord care software cyber data analyst engineer_ops Client Support Apprentice Pension Administration Apprenticeship Pension Administration Apprenticeship Pension Administration Apprenticeship Business administrator Workplace pensions (administrator or consultant) Workplace pensions (administrator or consultant) apprenticeship school leaver,seed
GLC428,Cotswold Motor Group Limited,Cheltenham,GL51,business_professional,apprenticeship|school_leaver,admin|finance|sales|project_coord|software,large,0,low,https://cotswoldgroup.com/careers,"Gloucestershire employer (Cheltenham) with apprenticeship vacancies on Find an Apprenticeship. Recent roles include: Group Facilities and Health and Safety Co-ordinator Apprentice; Group Facilities and Health and Safety Co-ordinator Apprentice; Group Facilities and Health and Safety Co-ordinator Apprentice. Standards/frameworks: Business administrator, Business administrator, Business administrator.",COTSWOLD MOTOR GROUP LIMITED Cheltenham Gloucestershire business_professional apprenticeship school_leaver admin finance sales project_coord software customer_success Group Facilities and Health and Safety Co-ordinator Apprentice Group Facilities and Health and Safety Co-ordinator Apprentice Group Facilities and Health and Safety Co-ordinator Apprentice Parts Advisor Apprentice Business administrator Business administrator Business administrator apprenticeship school leaver,seed
GLC429,Defence Equipment & Support,Bristol,BS34,aerospace_manufacturing|business_professional,apprenticeship|higher_apprenticeship,engineer_ops|manufacturing|technician|quality|software,large,0,low,https://des.mod.uk/careers,"Bristol employer (Bristol) with apprenticeship vacancies on Find an Apprenticeship. Recent roles include: DE&S Engineering Advanced Apprenticeship Scheme; DE&S Engineering Degree Apprenticeship Scheme; DE&S Digital Technology Degree Apprenticeship Scheme. Standards/frameworks: Engineering manufacturing technician, Electro-mechanical engineer, Digital and technology solutions professional (integrated degree).",Defence Equipment & Support Bristol Bristol aerospace_manufacturing business_professional apprenticeship higher_apprenticeship engineer_ops manufacturing technician quality software cyber data analyst admin finance sales project_coord DE&S Engineering Advanced Apprenticeship Scheme DE&S Engineering Degree Apprenticeship Scheme DE&S Digital Technology Degree Apprenticeship Scheme DE&S Engineering Advanced Apprenticeship Scheme Engineering manufacturing technician Electro-mechanical engineer Digital and technology solutions professional (integrated degree) apprenticeship school leaver,seed
GLC430,Ford Retail Limited,Bristol,BS3,hospitality_retail|business_professional,apprenticeship|school_leaver,admin|finance|sales|project_coord|customer_success,large,0,low,https://trustford.co.uk/careers,"Bristol employer (Bristol) with apprenticeship vacancies on Find an Apprenticeship. Recent roles include: Ford Vehicle Parts Advisor Apprentice - Ashton; Light Vehicle Apprentice - Ashton; Sales Admin Apprenticeship -  Ashton. Standards/frameworks: Customer service practitioner, Motor vehicle service and maintenance technician (light vehicle), Business administrator.",FORD RETAIL LIMITED Bristol Bristol hospitality_retail business_professional apprenticeship school_leaver admin finance sales project_coord customer_success ops engineer_ops manufacturing software Ford Vehicle Parts Advisor Apprentice - Ashton Light Vehicle Apprentice - Ashton Sales Admin Apprenticeship -  Ashton Sales Admin Apprenticeship -  Ashton Customer service practitioner Motor vehicle service and maintenance technician (light vehicle) Business administrator apprenticeship school leaver,seed
GLC431,Gemini Repairs Limited,Tewkesbury,GL20,aerospace_manufacturing,apprenticeship,engineer_ops|manufacturing|technician|quality|software,large,0,low,https://geminiarc.co.uk/careers,"Gloucestershire employer (Tewkesbury) with apprenticeship vacancies on Find an Apprenticeship. Recent roles include: Multi-Skill Accident Repair Technician Apprentice - Tewkesbury; Multi-Skill Accident Repair Technician Apprentice - Tewkesbury; Multi-Skill Accident Repair Technician Apprentice - Tewkesbury. Standards/frameworks: Accident repair technician, Accident repair technician, Accident repair technician.",GEMINI REPAIRS LIMITED Tewkesbury Gloucestershire aerospace_manufacturing apprenticeship engineer_ops manufacturing technician quality software Multi-Skill Accident Repair Technician Apprentice - Tewkesbury Multi-Skill Accident Repair Technician Apprentice - Tewkesbury Multi-Skill Accident Repair Technician Apprentice - Tewkesbury Multi-Skill Accident Repair Technician Apprentice - Tewkesbury Accident repair technician Accident repair technician Accident repair technician apprenticeship school leaver,seed
GLC432,HAG Limited,Bristol,BS5,business_professional,apprenticeship,admin|finance|sales|project_coord|software,large,0,low,https://hag.co.uk/careers,"Bristol employer (Bristol) with apprenticeship vacancies on Find an Apprenticeship. Recent roles include: Office Administration Apprentice; Office Administration Apprentice; Office Administration Apprentice. Standards/frameworks: Business administrator, Business administrator, Business administrator.",HAG LIMITED Bristol Bristol business_professional apprenticeship admin finance sales project_coord software care Office Administration Apprentice Office Administration Apprentice Office Administration Apprentice Business Administration Apprentice Business administrator Business administrator Business administrator apprenticeship school leaver,seed
GLC433,Hydro Building Systems UK Limited,Gloucestershire,GL20,business_professional|aerospace_manufacturing,apprenticeship|school_leaver,admin|finance|sales|project_coord|engineer_ops,large,0,low,https://www.hydro.com/en-GB/careers,"Gloucestershire employer (Gloucestershire) with apprenticeship vacancies on Find an Apprenticeship. Recent roles include: Supply Chain Warehouse Operative Apprenticeship; Improvement Technician Apprentice; Improvement Technician Apprentice. Standards/frameworks: Supply chain warehouse operative, Improvement technician, Improvement technician.",HYDRO BUILDING SYSTEMS UK LIMITED Gloucestershire Gloucestershire business_professional aerospace_manufacturing apprenticeship school_leaver admin finance sales project_coord engineer_ops manufacturing technician quality software Supply Chain Warehouse Operative Apprenticeship Improvement Technician Apprentice Improvement Technician Apprentice Supply Chain Warehouse Operative Apprenticeship Supply chain warehouse operative Improvement technician Improvement technician apprenticeship school leaver,seed
GLC434,Kuehne+Nagel,Bristol,BS32,business_professional,apprenticeship|higher_apprenticeship,admin|finance|sales|project_coord|customer_success,large,0,high,https://jobs.kuehne-nagel.com,"Bristol employer (Bristol) with apprenticeship vacancies on Find an Apprenticeship. Recent roles include: Road Logistics Customer Service Apprenticeship; Road Logistics Sales Team Apprenticeship; Air Logistics Sales Apprentice. Standards/frameworks: Customer service specialist, Sales executive, Sales executive.",Kuehne+Nagel Bristol Bristol business_professional apprenticeship higher_apprenticeship admin finance sales project_coord customer_success software Road Logistics Customer Service Apprenticeship Road Logistics Sales Team Apprenticeship Air Logistics Sales Apprentice Air Logistics Sales Apprentice Customer service specialist Sales executive Sales executive apprenticeship school leaver,seed
GLC435,Mott MacDonald Limited,Bristol,BS1,construction_green,apprenticeship|higher_apprenticeship,technician|field_ops|ops|engineer_ops|software,large,0,low,https://www.mottmac.com/careers,"Bristol employer (Bristol) with apprenticeship vacancies on Find an Apprenticeship. Recent roles include: Quantity Surveyor Degree Level Apprenticeship; Civil Engineering Degree Level Apprenticeship; Environmental Practitioner Degree Level Apprenticeship. Standards/frameworks: Construction quantity surveyor (degree), Civil engineer (degree), Environmental practitioner (degree).",MOTT MACDONALD LIMITED Bristol Bristol construction_green apprenticeship higher_apprenticeship technician field_ops ops engineer_ops software cyber manufacturing admin finance sales project_coord Quantity Surveyor Degree Level Apprenticeship Civil Engineering Degree Level Apprenticeship Environmental Practitioner Degree Level Apprenticeship Project Manager Degree Level Apprenticeship Construction quantity surveyor (degree) Civil engineer (degree) Environmental practitioner (degree) apprenticeship school leaver,seed
GLC436,Motus Group (UK) Limited,Avonmouth,BS11,business_professional,apprenticeship,admin|finance|sales|project_coord|care,large,0,medium,https://motusgroup.co.uk/careers,"Bristol employer (Avonmouth) with apprenticeship vacancies on Find an Apprenticeship. Recent roles include: DAF Heavy Vehicle Maintenance Apprenticeship - Gloucester; DAF Heavy Vehicle Maintenance Apprenticeship - Avonmouth; DAF Heavy Vehicle Maintenance and Repair Technician Apprenticeship - Gloucester. Standards/frameworks: Heavy vehicle service and maintenance technician, Heavy vehicle service and maintenance technician, Heavy vehicle service and maintenance technician.",MOTUS GROUP (UK) LIMITED Avonmouth Bristol business_professional apprenticeship admin finance sales project_coord care software customer_success DAF Heavy Vehicle Maintenance Apprenticeship - Gloucester DAF Heavy Vehicle Maintenance Apprenticeship - Avonmouth DAF Heavy Vehicle Maintenance and Repair Technician Apprenticeship - Gloucester DAF Heavy Vehicle Maintenance and Repair Technician Apprenticeship - Avonmouth Heavy vehicle service and maintenance technician Heavy vehicle service and maintenance technician Heavy vehicle service and maintenance technician apprenticeship school leaver,seed
GLC437,Osborne Clarke Services,Bristol,BS1,business_professional|hospitality_retail,apprenticeship|higher_apprenticeship|school_leaver,admin|finance|sales|project_coord|software,large,0,medium,https://www.osborneclarke.com/careers,"Bristol employer (Bristol) with apprenticeship vacancies on Find an Apprenticeship. Recent roles include: IT Service Desk Apprentice; Legal Technology Apprentice (Osborne Clarke); Legal Technology Apprentice (Osborne Clarke). Standards/frameworks: Information communications technician, Digital and technology solutions professional (integrated degree), Digital and technology solutions professional (integrated degree).",OSBORNE CLARKE SERVICES Bristol Bristol business_professional hospitality_retail apprenticeship higher_apprenticeship school_leaver admin finance sales project_coord software cyber data analyst care customer_success IT Service Desk Apprentice Legal Technology Apprentice (Osborne Clarke) Legal Technology Apprentice (Osborne Clarke) L7 Solicitor Apprentice (Osborne Clarke) Bristol Information communications technician Digital and technology solutions professional (integrated degree) Digital and technology solutions professional (integrated degree) apprenticeship school leaver,seed
GLC438,Schlumberger Oilfield UK Plc,Gloucester,GL10,aerospace_manufacturing,apprenticeship,engineer_ops|manufacturing|technician|quality|field_ops,large,0,low,https://careers.slb.com,"Gloucestershire employer (Gloucester) with apprenticeship vacancies on Find an Apprenticeship. Recent roles include: Apprentice Electrical Assembler; Apprentice Mechanical Assembler; Apprentice Mechanical CAD. Standards/frameworks: Engineering technician, Engineering technician, Engineering technician.",SCHLUMBERGER OILFIELD UK PLC Gloucester Gloucestershire aerospace_manufacturing apprenticeship engineer_ops manufacturing technician quality field_ops software Apprentice Electrical Assembler Apprentice Mechanical Assembler Apprentice Mechanical CAD Apprentice Quality Inspector Engineering technician Engineering technician Engineering technician apprenticeship school leaver,seed
GLC439,Vertu Motors Plc,Gloucester,GL2,hospitality_retail|aerospace_manufacturing,apprenticeship|school_leaver,customer_success|sales|ops|engineer_ops|manufacturing,large,0,low,https://vertumotors.com/careers,"Gloucestershire employer (Gloucester) with apprenticeship vacancies on Find an Apprenticeship. Recent roles include: Ford Light Vehicle Apprentice - Gloucester; Ford Light Vehicle Apprentice - Gloucester; Ford Light Vehicle Apprentice - Gloucester. Standards/frameworks: Motor vehicle service and maintenance technician (light vehicle), Motor vehicle service and maintenance technician (light vehicle), Motor vehicle service and maintenance technician (light vehicle).",VERTU MOTORS PLC Gloucester Gloucestershire hospitality_retail aerospace_manufacturing apprenticeship school_leaver customer_success sales ops engineer_ops manufacturing technician quality software care admin finance project_coord Ford Light Vehicle Apprentice - Gloucester Ford Light Vehicle Apprentice - Gloucester Ford Light Vehicle Apprentice - Gloucester Ford Light Vehicle Apprentice - Cheltenham Motor vehicle service and maintenance technician (light vehicle) Motor vehicle service and maintenance technician (light vehicle) Motor vehicle service and maintenance technician (light vehicle) apprenticeship school leaver,seed
GLC440,WSP UK Limited,Bristol,BS2,construction_green,apprenticeship|higher_apprenticeship,technician|field_ops|ops|engineer_ops|software,large,0,medium,https://www.wsp.com/en-gb/careers,"Bristol employer (Bristol) with apprenticeship vacancies on Find an Apprenticeship. Recent roles include: Civil Engineering Technician Apprenticeship (Advanced) - Bristol (Structures); Civil Engineering Degree Apprenticeship - Bristol (Roads); Civil Engineering Degree Apprenticeship - Bristol (Water). Standards/frameworks: Civil engineering technician, Civil engineer (degree), Civil engineer (degree).",WSP UK LIMITED Bristol Bristol construction_green apprenticeship higher_apprenticeship technician field_ops ops engineer_ops software Civil Engineering Technician Apprenticeship (Advanced) - Bristol (Structures) Civil Engineering Degree Apprenticeship - Bristol (Roads) Civil Engineering Degree Apprenticeship - Bristol (Water) Civil Engineering Degree Apprenticeship - Bristol (Water) Civil engineering technician Civil engineer (degree) Civil engineer (degree) apprenticeship school leaver,seed
GLC441,The Apprenticeship Training Agency Ltd,Cirencester,GL7,hospitality_tourism,apprenticeship|school_leaver,customer_success|ops|events|care|admin,large,0,medium,https://theatateam.co.uk,"Gloucestershire employer (Cirencester) with apprenticeship vacancies on Find an Apprenticeship. Recent roles include: Apprentice Commis Chef; Apprentice Chef de Partie; Chef Apprentice - Cirencester GL7. Standards/frameworks: Commis chef, Chef de partie, Production chef.",THE APPRENTICESHIP TRAINING AGENCY LTD Cirencester Gloucestershire hospitality_tourism apprenticeship school_leaver customer_success ops events care admin finance sales project_coord Apprentice Commis Chef Apprentice Chef de Partie Chef Apprentice - Cirencester GL7 Chef Apprentice - Cirencester GL7 Commis chef Chef de partie Production chef apprenticeship school leaver,seed
GLC442,First Military Recruitment,10 Park Street,GL7,business_professional|hospitality_retail,apprenticeship|school_leaver,admin|finance|sales|project_coord|customer_success,large,0,low,https://firstmilitaryrecruitment.com,"Gloucestershire employer (10 Park Street) with apprenticeship vacancies on Find an Apprenticeship. Recent roles include: Apprentice Recruitment Consultant; Apprentice Recruitment Consultant; Apprentice Recruitment Consultant. Standards/frameworks: Customer service practitioner, Customer service practitioner, Customer service practitioner.",First Military Recruitment 10 Park Street Gloucestershire business_professional hospitality_retail apprenticeship school_leaver admin finance sales project_coord customer_success Apprentice Recruitment Consultant Apprentice Recruitment Consultant Apprentice Recruitment Consultant Apprentice Recruitment Consultant Customer service practitioner Customer service practitioner Customer service practitioner apprenticeship school leaver,seed
GLC443,Handy Brand UK Ltd,Bristol,BS20,aerospace_manufacturing|business_professional,apprenticeship|school_leaver,admin|finance|sales|project_coord|customer_success,large,0,low,https://handylabels.co.uk,"Bristol employer (Bristol) with apprenticeship vacancies on Find an Apprenticeship. Recent roles include: Customer Service Apprenticeship; Apprentice Post-Press Print Technician (Level 3); Customer Service Representative - Apprentice. Standards/frameworks: Customer service practitioner, Print technician, Customer service specialist.",HANDY BRAND UK LTD Bristol Bristol aerospace_manufacturing business_professional apprenticeship school_leaver admin finance sales project_coord customer_success engineer_ops manufacturing technician quality software cyber data analyst care Customer Service Apprenticeship Apprentice Post-Press Print Technician (Level 3) Customer Service Representative - Apprentice Digital Print Operator - Apprentice Customer service practitioner Print technician Customer service specialist apprenticeship school leaver,seed
GLC444,Humphreys & Co Solicitors,Bristol,BS1,business_professional,apprenticeship,admin|finance|sales|project_coord|software,large,0,low,https://humphreys.co.uk,"Bristol employer (Bristol) with apprenticeship vacancies on Find an Apprenticeship. Recent roles include: Solicitor Office Junior- Business Administration Apprenticeship; Solicitor Office Junior- Business Administration Apprenticeship; Solicitors Admin Apprenticeship. Standards/frameworks: Business administrator, Business administrator, Business administrator.",HUMPHREYS & CO SOLICITORS Bristol Bristol business_professional apprenticeship admin finance sales project_coord software Solicitor Office Junior- Business Administration Apprenticeship Solicitor Office Junior- Business Administration Apprenticeship Solicitors Admin Apprenticeship Solicitors Admin Apprenticeship Business administrator Business administrator Business administrator apprenticeship school leaver,seed
GLC445,Lifting Gear & Safety Ltd,Bristol,BS2,aerospace_manufacturing,apprenticeship,engineer_ops|manufacturing|technician|quality|care,large,0,low,https://liftinggearsafety.co.uk,"Bristol employer (Bristol) with apprenticeship vacancies on Find an Apprenticeship. Recent roles include: Lifting Equipment Technician Apprentice; Lifting Equipment Technician Apprentice; Lifting Equipment Technician Apprentice. Standards/frameworks: Lifting equipment technician, Lifting equipment technician, Lifting equipment technician.",LIFTING GEAR & SAFETY LTD Bristol Bristol aerospace_manufacturing apprenticeship engineer_ops manufacturing technician quality care Lifting Equipment Technician Apprentice Lifting Equipment Technician Apprentice Lifting Equipment Technician Apprentice Lifting Equipment Technician Apprentice Lifting equipment technician Lifting equipment technician Lifting equipment technician apprenticeship school leaver,seed
GLC446,PIC Public Relations Ltd,Gloucestershire,GL20,business_professional|cyber_digital,apprenticeship|higher_apprenticeship,admin|finance|sales|project_coord|software,large,0,low,https://picpr.com,"Gloucestershire employer (Gloucestershire) with apprenticeship vacancies on Find an Apprenticeship. Recent roles include: PR Assistant Apprentice; Marketing Assistant Apprentice; Marketing Assistant Apprentice. Standards/frameworks: Public relations and communications assistant, Digital marketer, Digital marketer.",PIC PUBLIC RELATIONS LTD Gloucestershire Gloucestershire business_professional cyber_digital apprenticeship higher_apprenticeship admin finance sales project_coord software cyber data analyst care design content events PR Assistant Apprentice Marketing Assistant Apprentice Marketing Assistant Apprentice Copywriter Assistant Apprentice Public relations and communications assistant Digital marketer Digital marketer apprenticeship school leaver,seed
GLC447,Royal Air Force,Gloucestershire,BS1,business_professional,apprenticeship|higher_apprenticeship|school_leaver,admin|ops|project_support|software|cyber,large,0,high,https://recruitment.raf.mod.uk,"Bristol employer (Gloucestershire) with apprenticeship vacancies on Find an Apprenticeship. Recent roles include: RAF Intelligence Analyst- Full Time Career with Apprenticeship; RAF Intelligence Analyst- Full Time Career with Apprenticeship; RAF Sports/Physical and Training Instructor (PTI) - Full Time Career with Apprenticeship. Standards/frameworks: Intelligence analyst, Intelligence analyst, Personal trainer.",Royal Air Force Gloucestershire Bristol business_professional apprenticeship higher_apprenticeship school_leaver admin ops project_support software cyber care finance sales project_coord engineer_ops manufacturing technician quality customer_success events RAF Intelligence Analyst- Full Time Career with Apprenticeship RAF Intelligence Analyst- Full Time Career with Apprenticeship RAF Sports/Physical and Training Instructor (PTI) - Full Time Career with Apprenticeship RAF Sports/Physical and Training Instructor (PTI) - Full Time Career with Apprenticeship Intelligence analyst Intelligence analyst Personal trainer apprenticeship school leaver,seed
GLC448,Weston College,Weston-Super-Mare,BS23,education_training,apprenticeship|school_leaver|higher_apprenticeship,teaching_support|admin|care|software|cyber,large,0,high,https://www.weston.ac.uk/working-for-us,"Bristol employer (Weston-Super-Mare) with apprenticeship vacancies on Find an Apprenticeship. Recent roles include: Learning Support Apprentice; Teaching Assistant Apprentice; Apprentice Finance Assistant Level 2. Standards/frameworks: Teaching assistant, Teaching assistant, Accounts or finance assistant.",Weston College Weston-Super-Mare Bristol education_training apprenticeship school_leaver higher_apprenticeship teaching_support admin care software cyber finance sales project_coord Learning Support Apprentice Teaching Assistant Apprentice Apprentice Finance Assistant Level 2 Customer Service Apprentice Teaching assistant Teaching assistant Accounts or finance assistant apprenticeship school leaver,seed
GLC449,Avon Fire Authority,Portishead,BS20,business_professional,apprenticeship|higher_apprenticeship,admin|finance|sales|project_coord|software,large,0,low,https://www.avonfire.gov.uk/careers,"Bristol employer (Portishead) with apprenticeship vacancies on Find an Apprenticeship. Recent roles include: Apprentice Transformation Team Digital Support Administrator; Apprentice Vulnerable Adults Team Administrator; Apprentice Transformation Team Digital Support Administrator. Standards/frameworks: Business administrator, Business administrator, Business administrator.",Avon Fire Authority Portishead Bristol business_professional apprenticeship higher_apprenticeship admin finance sales project_coord software care Apprentice Transformation Team Digital Support Administrator Apprentice Vulnerable Adults Team Administrator Apprentice Transformation Team Digital Support Administrator Apprentice Vulnerable Adults Team Administrator Business administrator Business administrator Business administrator apprenticeship school leaver,seed
GLC450,The Orders of St John Care Trust,Cheltenham,GL7,health_care,apprenticeship|school_leaver,care|admin,large,0,low,https://osjct.co.uk/careers,"Gloucestershire employer (Cheltenham) with apprenticeship vacancies on Find an Apprenticeship. Recent roles include: Level 2 Adult Care Worker Apprentice; Level 2 Adult Care Worker Apprentice; Level 2 Adult Care Worker Apprentice. Standards/frameworks: Adult care worker, Adult care worker, Adult care worker.",THE ORDERS OF ST. JOHN CARE TRUST Cheltenham Gloucestershire health_care apprenticeship school_leaver care admin Level 2 Adult Care Worker Apprentice Level 2 Adult Care Worker Apprentice Level 2 Adult Care Worker Apprentice Level 2 Adult Care Worker Apprentice Adult care worker Adult care worker Adult care worker apprenticeship school leaver,seed
GLC451,Sirona Care & Health C.I.C.,Bristol,BS30,health_care|business_professional,apprenticeship|school_leaver,software|cyber|data|analyst|care,large,0,low,https://www.sirona-cic.org.uk/work-with-us,"Bristol employer (Bristol) with apprenticeship vacancies on Find an Apprenticeship. Recent roles include: Workforce Assistant Apprentice; Customer Service Apprenticeship; Community Support Worker - Senior Support Worker Apprentice. Standards/frameworks: Data technician, Customer service practitioner, Senior healthcare support worker.",SIRONA CARE & HEALTH C.I.C. Bristol Bristol health_care business_professional apprenticeship school_leaver software cyber data analyst care admin finance sales project_coord customer_success Workforce Assistant Apprentice Customer Service Apprenticeship Community Support Worker - Senior Support Worker Apprentice Community Support Worker - Senior Support Worker Apprentice Data technician Customer service practitioner Senior healthcare support worker apprenticeship school leaver,seed
GLC452,Windmill Hill City Farm Ltd,Bristol,BS3,business_professional|education_training,apprenticeship|school_leaver,teaching_support|admin|care|finance|sales,large,0,low,https://www.windmillhillcityfarm.org.uk/about-us/jobs,"Bristol employer (Bristol) with apprenticeship vacancies on Find an Apprenticeship. Recent roles include: Early Years Educator Level 3 Apprenticeship; Early Years Educator Level 3 Apprenticeship; Early Years Educator Level 3 Apprenticeship. Standards/frameworks: Early years educator, Early years educator, Early years educator.",WINDMILL HILL CITY FARM LTD Bristol Bristol business_professional education_training apprenticeship school_leaver teaching_support admin care finance sales project_coord software Early Years Educator Level 3 Apprenticeship Early Years Educator Level 3 Apprenticeship Early Years Educator Level 3 Apprenticeship Early Years Educator Level 3 Apprenticeship Early years educator Early years educator Early years educator apprenticeship school leaver,seed
GLC453,Briarwood Special School,Bristol,BS16,education_training,apprenticeship|school_leaver,teaching_support|admin|care|software|cyber,large,0,high,https://www.briarwood.bristol.sch.uk,"Bristol employer (Bristol) with apprenticeship vacancies on Find an Apprenticeship. Recent roles include: Apprentice Teaching Assistant Level 3; Apprentice Teaching Assistant Level 3; Apprentice Teaching Assistant Level 3. Standards/frameworks: Teaching assistant, Teaching assistant, Teaching assistant.",Briarwood Special School Bristol Bristol education_training apprenticeship school_leaver teaching_support admin care software cyber Apprentice Teaching Assistant Level 3 Apprentice Teaching Assistant Level 3 Apprentice Teaching Assistant Level 3 Early Years Apprenticeship Teaching assistant Teaching assistant Teaching assistant apprenticeship school leaver,seed
GLC454,SAND Academies Trust,Gloucester,GL2,education_training,apprenticeship,admin|finance|sales|project_coord|software,large,0,low,https://sandmat.uk/vacancies,"Gloucestershire employer (Gloucester) with apprenticeship vacancies on Find an Apprenticeship. Recent roles include: Business Admin Apprentice at SAND Academies Trust; Apprentice ICT Technician at Milestone School; Teaching Assistant Apprentice. Standards/frameworks: Business administrator, Information communications technician, Teaching assistant.",SAND ACADEMIES TRUST Gloucester Gloucestershire education_training apprenticeship admin finance sales project_coord software teaching_support care cyber Business Admin Apprentice at SAND Academies Trust Apprentice ICT Technician at Milestone School Teaching Assistant Apprentice Teaching Assistant Apprentice Business administrator Information communications technician Teaching assistant apprenticeship school leaver,seed
GLC455,Wessex Learning Trust,Cheddar,BS27,education_training|health_care,apprenticeship|school_leaver,admin|finance|sales|project_coord|teaching_support,large,0,low,https://wessexlearningtrust.co.uk/vacancies,"Bristol employer (Cheddar) with apprenticeship vacancies on Find an Apprenticeship. Recent roles include: Finance Apprentice; Level 3 Teaching Assistant Apprenticeship at Cheddar First School; Level 2 Early Years Practitioner Apprenticeship at Cheddar First School. Standards/frameworks: Accounts or finance assistant, Teaching assistant, Early years practitioner.",WESSEX LEARNING TRUST Cheddar Bristol education_training health_care apprenticeship school_leaver admin finance sales project_coord teaching_support care software cyber Finance Apprentice Level 3 Teaching Assistant Apprenticeship at Cheddar First School Level 2 Early Years Practitioner Apprenticeship at Cheddar First School Level 3 Early Years Educator Apprenticeship at Cheddar First School Accounts or finance assistant Teaching assistant Early years practitioner apprenticeship school leaver,seed
GLC456,Cirencester College,Cirencester,GL7,education_training,apprenticeship,teaching_support|admin|care|software|cyber,large,0,medium,https://www.cirencester.ac.uk/about-us/jobs,"Gloucestershire employer (Cirencester) with apprenticeship vacancies on Find an Apprenticeship. Recent roles include: Software Development Apprentice; IT Support Apprentice; MIS Business Administration Apprentice. Standards/frameworks: Software development technician, Digital support technician, Business administrator.",Cirencester College Cirencester Gloucestershire education_training apprenticeship teaching_support admin care software cyber finance sales project_coord Software Development Apprentice IT Support Apprentice MIS Business Administration Apprentice Business Administration Apprentice Software development technician Digital support technician Business administrator apprenticeship school leaver,seed
GLC457,Nurseline Healthcare Ltd,Bristol,BS32,business_professional,apprenticeship,admin|finance|sales|project_coord|software,large,0,low,https://nurselinehealthcare.com/join-us,"Bristol employer (Bristol) with apprenticeship vacancies on Find an Apprenticeship. Recent roles include: Business Admin Apprentice - BS32; Business Admin Apprentice - BS32; Business & Payroll Administration Assistant - L3 Business Apprenticeship. Standards/frameworks: Business administrator, Business administrator, Business administrator.",NURSELINE HEALTHCARE LTD Bristol Bristol business_professional apprenticeship admin finance sales project_coord software Business Admin Apprentice - BS32 Business Admin Apprentice - BS32 Business & Payroll Administration Assistant - L3 Business Apprenticeship Team Co-ordinator Business Apprenticeship Business administrator Business administrator Business administrator apprenticeship school leaver,seed
GLC458,Mendip Vale Medical Practice,Bristol,BS21,business_professional,apprenticeship,admin|finance|sales|project_coord|software,large,0,low,https://mendipvale.nhs.uk/about-us/join-the-team,"Bristol employer (Bristol) with apprenticeship vacancies on Find an Apprenticeship. Recent roles include: Patient  Administration Co-ordinator Apprentice; Patient Co-ordinator Apprentice; Prescription Clerk Apprentice. Standards/frameworks: Business administrator, Business administrator, Business administrator.",MENDIP VALE MEDICAL PRACTICE Bristol Bristol business_professional apprenticeship admin finance sales project_coord software Patient  Administration Co-ordinator Apprentice Patient Co-ordinator Apprentice Prescription Clerk Apprentice Medical Secretary Apprentice Business administrator Business administrator Business administrator apprenticeship school leaver,seed
GLC459,Happy Days South West Limited,Bristol,BS16,education_training|health_care,apprenticeship,teaching_support|admin|care,large,0,low,https://happydaysnurseries.com/careers,"Bristol employer (Bristol) with apprenticeship vacancies on Find an Apprenticeship. Recent roles include: Apprentice Early Years Educator Level 3 at Happy Day Nurseries; Apprentice Early Years Educator Level 3 at Happy Days Nurseries; Apprentice Early Years Educator Level 3 at Happy Day Nurseries. Standards/frameworks: Early years educator, Early years educator, Early years educator.",HAPPY DAYS SOUTH WEST LIMITED Bristol Bristol education_training health_care apprenticeship teaching_support admin care Apprentice Early Years Educator Level 3 at Happy Day Nurseries Apprentice Early Years Educator Level 3 at Happy Days Nurseries Apprentice Early Years Educator Level 3 at Happy Day Nurseries Apprentice Early Years Educator Level 3 at Happy Days Nurseries Early years educator Early years educator Early years educator apprenticeship school leaver,seed
GLC460,Acorns Nurseries Limited,United Kingdom,BS10,education_training|health_care,apprenticeship|school_leaver|higher_apprenticeship,teaching_support|admin|care,large,0,low,https://acornsnurseries.co.uk/careers,"Bristol employer (United Kingdom) with apprenticeship vacancies on Find an Apprenticeship. Recent roles include: Childcare Apprenticeship – Level 2 – Acorns Nursery; Childcare Apprenticeship – Level 3 – Acorns Nurseries; Childcare Apprenticeship – Level 2 – Aviva Acorns. Standards/frameworks: Early years practitioner, Early years educator, Early years practitioner.",ACORNS NURSERIES LIMITED United Kingdom Bristol education_training health_care apprenticeship school_leaver higher_apprenticeship teaching_support admin care Childcare Apprenticeship – Level 2 – Acorns Nursery Childcare Apprenticeship – Level 3 – Acorns Nurseries Childcare Apprenticeship – Level 2 – Aviva Acorns Childcare Apprenticeship – Level 2 – Acorns Nursery Early years practitioner Early years educator Early years practitioner apprenticeship school leaver,seed
GLC461,Pizza Hut (U.K.) Limited,Bristol,BS15,hospitality_tourism,apprenticeship|school_leaver,customer_success|ops|events|care,large,0,low,https://careers.pizzahut.co.uk,"Bristol employer (Bristol) with apprenticeship vacancies on Find an Apprenticeship. Recent roles include: Apprentice Kitchen Team Member - Bristol [Longwell Green]; Apprentice Guest Server - Bristol [Longwell Green]; Apprentice Guest Server - Bristol [Longwell Green]. Standards/frameworks: Production chef, Hospitality team member, Hospitality team member.",PIZZA HUT (U.K.) LIMITED Bristol Bristol hospitality_tourism apprenticeship school_leaver customer_success ops events care Apprentice Kitchen Team Member - Bristol [Longwell Green] Apprentice Guest Server - Bristol [Longwell Green] Apprentice Guest Server - Bristol [Longwell Green] Apprentice Kitchen Team Member - Bristol [Longwell Green] Production chef Hospitality team member Hospitality team member apprenticeship school leaver,seed
GLC462,Hays Travel Limited,Bristol,BS3,hospitality_tourism,apprenticeship,customer_success|ops|events|care,large,0,low,https://careers.haystravel.co.uk,"Bristol employer (Bristol) with apprenticeship vacancies on Find an Apprenticeship. Recent roles include: Apprentice Travel Consultant - Bedminster; Apprentice Travel Consultant - Bedminster; Apprentice Travel Consultant - Bristol Kingswood. Standards/frameworks: Travel consultant, Travel consultant, Travel consultant.",HAYS TRAVEL LIMITED Bristol Bristol hospitality_tourism apprenticeship customer_success ops events care Apprentice Travel Consultant - Bedminster Apprentice Travel Consultant - Bedminster Apprentice Travel Consultant - Bristol Kingswood Apprentice Travel Consultant - Keynsham Travel consultant Travel consultant Travel consultant apprenticeship school leaver,seed
GLC463,ASK Italian,Gloucestershire,GL56,hospitality_tourism,apprenticeship,customer_success|ops|events|care,large,0,low,https://careers.askitalian.co.uk,"Gloucestershire employer (Gloucestershire) with apprenticeship vacancies on Find an Apprenticeship. Recent roles include: ASK Italian Moreton-in-Marsh, Level 3 Apprenticeship – Senior Production Chef; ASK Italian Moreton-in-Marsh, Level 3 Apprenticeship - Hospitality Supervisor; ASK Italian Moreton-in-Marsh, Level 3 Apprenticeship – Senior Production Chef. Standards/frameworks: Senior production chef, Hospitality supervisor, Senior production chef.","ASK Italian Gloucestershire Gloucestershire hospitality_tourism apprenticeship customer_success ops events care ASK Italian Moreton-in-Marsh, Level 3 Apprenticeship – Senior Production Chef ASK Italian Moreton-in-Marsh, Level 3 Apprenticeship - Hospitality Supervisor ASK Italian Moreton-in-Marsh, Level 3 Apprenticeship – Senior Production Chef ASK Italian Moreton-in-Marsh, Level 3 Apprenticeship - Hospitality Supervisor Senior production chef Hospitality supervisor Senior production chef apprenticeship school leaver",seed
GLC464,Padel4All Limited,Lockleaze,BS7,health_care,apprenticeship|higher_apprenticeship|school_leaver,care|admin|software|cyber,large,0,low,https://padel4all.com,"Bristol employer (Lockleaze) with apprenticeship vacancies on Find an Apprenticeship. Recent roles include: Sports Coach Apprentice; Sports Coach Apprentice; Sports Coach Apprentice. Standards/frameworks: Sports coach, Sports coach, Sports coach.",PADEL4ALL LIMITED Lockleaze Bristol health_care apprenticeship higher_apprenticeship school_leaver care admin software cyber Sports Coach Apprentice Sports Coach Apprentice Sports Coach Apprentice Community Activator Apprentice Sports coach Sports coach Sports coach apprenticeship school leaver,seed
GLC465,Abatec Limited,North Somerset,BS24,business_professional,apprenticeship|school_leaver,admin|finance|sales|project_coord,medium,0,low,https://abatec.co.uk,"Bristol employer (North Somerset) with apprenticeship vacancies on Find an Apprenticeship. Recent roles include: Recruitment Resource Apprentice; Recruitment Resource Apprentice; Recruitment Resource Apprentice. Standards/frameworks: Recruitment resourcer, Recruitment resourcer, Recruitment resourcer.",ABATEC LIMITED North Somerset Bristol business_professional apprenticeship school_leaver admin finance sales project_coord Recruitment Resource Apprentice Recruitment Resource Apprentice Recruitment Resource Apprentice Recruitment Resource Apprentice Recruitment resourcer Recruitment resourcer Recruitment resourcer apprenticeship school leaver,seed
GLC466,Aggregate Industries UK Limited,Somerset,BS27,aerospace_manufacturing,apprenticeship|higher_apprenticeship,technician|field_ops|ops|engineer_ops|manufacturing,large,0,low,https://www.aggregate.com/careers,"Bristol employer (Somerset) with apprenticeship vacancies on Find an Apprenticeship. Recent roles include: Aggregate Industries (Callow Quarry) - Level 3 Multi-skilled Maintenance Engineering Apprenticeship; Aggregate Industries (Callow Quarry) - Level 3 Multi-skilled Maintenance Engineering Apprenticeship; Operations Manager (Construction) – Higher Apprenticeship. Standards/frameworks: Maintenance and operations engineering technician, Maintenance and operations engineering technician, Mineral ",AGGREGATE INDUSTRIES UK LIMITED Somerset Bristol aerospace_manufacturing apprenticeship higher_apprenticeship technician field_ops ops engineer_ops manufacturing quality software care admin finance sales project_coord Aggregate Industries (Callow Quarry) - Level 3 Multi-skilled Maintenance Engineering Apprenticeship Aggregate Industries (Callow Quarry) - Level 3 Multi-skilled Maintenance Engineering Apprenticeship Operations Manager (Construction) – Higher Apprenticeship Aggregate Industries (Callow Quarry) - Level 3 Mechanical Maintenance Engineering Apprenticeship Maintenance and operations engineering technician Maintenance and operations engineering technician Mineral products technician apprenticeship school leaver,seed
GLC467,Amey Services Limited,Bristol,BS35,construction_green,apprenticeship|higher_apprenticeship,admin|finance|sales|project_coord|software,medium,0,low,https://www.amey.co.uk/careers,"Bristol employer (Bristol) with apprenticeship vacancies on Find an Apprenticeship. Recent roles include: Quality Assurance Apprentice; Mechanical Maintenance and Operations Engineering Technician Apprentice; Apprentice Engineering Fitter. Standards/frameworks: Quality practitioner, Maintenance and operations engineering technician, Maintenance and operations engineering technician.",AMEY SERVICES LIMITED Bristol Bristol construction_green apprenticeship higher_apprenticeship admin finance sales project_coord software technician field_ops ops engineer_ops manufacturing Quality Assurance Apprentice Mechanical Maintenance and Operations Engineering Technician Apprentice Apprentice Engineering Fitter Electrical Operative Apprentice Quality practitioner Maintenance and operations engineering technician Maintenance and operations engineering technician apprenticeship school leaver,seed
GLC468,Asbestos Consultants Europe Limited,Bristol,BS7,business_professional|hospitality_retail,apprenticeship|school_leaver,admin|finance|sales|project_coord|customer_success,large,0,low,https://aceuk.com,"Bristol employer (Bristol) with apprenticeship vacancies on Find an Apprenticeship. Recent roles include: AFM Analyst/Surveyor Apprenticeship; Project Administrator Apprenticeship; Bulk Analysis Apprenticeship. Standards/frameworks: Customer service practitioner, Customer service practitioner, Customer service practitioner.",ASBESTOS CONSULTANTS EUROPE LIMITED Bristol Bristol business_professional hospitality_retail apprenticeship school_leaver admin finance sales project_coord customer_success AFM Analyst/Surveyor Apprenticeship Project Administrator Apprenticeship Bulk Analysis Apprenticeship Report Production Administrator Apprenticeship Customer service practitioner Customer service practitioner Customer service practitioner apprenticeship school leaver,seed
GLC469,Avonmouth Engineering Services Ltd,Bristol,BS11,construction_green|business_professional,apprenticeship,admin|finance|sales|project_coord|technician,medium,0,low,https://aes-ltd.com,"Bristol employer (Bristol) with apprenticeship vacancies on Find an Apprenticeship. Recent roles include: Apprentice Machinist; Apprentice Machinist; Electrical Maintenance and Operations Technician Apprentice. Standards/frameworks: Maintenance and operations engineering technician, Maintenance and operations engineering technician, Maintenance and operations engineering technician.",AVONMOUTH ENGINEERING SERVICES LTD Bristol Bristol construction_green business_professional apprenticeship admin finance sales project_coord technician field_ops ops engineer_ops manufacturing Apprentice Machinist Apprentice Machinist Electrical Maintenance and Operations Technician Apprentice Mechanical Maintenance and Operations Technician Apprentice Maintenance and operations engineering technician Maintenance and operations engineering technician Maintenance and operations engineering technician apprenticeship school leaver,seed
GLC470,Breedon Group Services Limited,Wotton-Under-Edge,GL12,aerospace_manufacturing,apprenticeship|school_leaver,engineer_ops|manufacturing|technician|quality|admin,large,0,low,https://www.breedongroup.com/careers,"Gloucestershire employer (Wotton-Under-Edge) with apprenticeship vacancies on Find an Apprenticeship. Recent roles include: Apprentice Operative; Apprentice Operative; Apprentice Operative. Standards/frameworks: Mineral processing mobile and static plant operator, Mineral processing mobile and static plant operator, Mineral processing mobile and static plant operator.",BREEDON GROUP SERVICES LIMITED Wotton-Under-Edge Gloucestershire aerospace_manufacturing apprenticeship school_leaver engineer_ops manufacturing technician quality admin finance sales project_coord software field_ops ops Apprentice Operative Apprentice Operative Apprentice Operative Apprentice Materials Testing Technician Mineral processing mobile and static plant operator Mineral processing mobile and static plant operator Mineral processing mobile and static plant operator apprenticeship school leaver,seed
GLC471,Chandlers (Farm Equipment) Limited,Bristol,GL7,aerospace_manufacturing,apprenticeship|school_leaver,engineer_ops|manufacturing|technician|quality|software,large,0,low,https://chandlers.co.uk/careers,"Gloucestershire employer (Bristol) with apprenticeship vacancies on Find an Apprenticeship. Recent roles include: Land Based Service Technician Apprenticeship (Cirencester); Land Based Service Technician Apprenticeship (Bristol); JCB Land Based Service Technician Apprenticeship. Standards/frameworks: Land-based service engineering technician, Land-based service engineering technician, Land-based service engineering technician.",CHANDLERS (FARM EQUIPMENT) LIMITED Bristol Gloucestershire aerospace_manufacturing apprenticeship school_leaver engineer_ops manufacturing technician quality software care admin finance sales project_coord Land Based Service Technician Apprenticeship (Cirencester) Land Based Service Technician Apprenticeship (Bristol) JCB Land Based Service Technician Apprenticeship Apprentice Agricultural Parts Advisor Land-based service engineering technician Land-based service engineering technician Land-based service engineering technician apprenticeship school leaver,seed
GLC472,Howden Joinery Limited,Bristol,BS2,business_professional,apprenticeship|school_leaver,admin|finance|sales|project_coord|care,large,0,low,https://careers.howdens.com,"Bristol employer (Bristol) with apprenticeship vacancies on Find an Apprenticeship. Recent roles include: Apprentice Warehouse Person; Apprentice Warehouse Person; Apprentice Warehouse Person. Standards/frameworks: Supply chain warehouse operative, Supply chain warehouse operative, Supply chain warehouse operative.",HOWDEN JOINERY LIMITED Bristol Bristol business_professional apprenticeship school_leaver admin finance sales project_coord care customer_success ops events Apprentice Warehouse Person Apprentice Warehouse Person Apprentice Warehouse Person Apprentice Warehouse Person Supply chain warehouse operative Supply chain warehouse operative Supply chain warehouse operative apprenticeship school leaver,seed
GLC473,Invista Textiles (U.K.) Limited,Gloucester,GL3,construction_green|business_professional,apprenticeship,admin|finance|sales|project_coord|technician,large,0,low,https://careers.kochind.com,"Gloucestershire employer (Gloucester) with apprenticeship vacancies on Find an Apprenticeship. Recent roles include: Polymer Process Apprentice; Polymer Process Apprentice; Multi-Skilled Engineering Apprenticeship. Standards/frameworks: Maintenance and operations engineering technician, Maintenance and operations engineering technician, Maintenance and operations engineering technician.",INVISTA TEXTILES (U.K.) LIMITED Gloucester Gloucestershire construction_green business_professional apprenticeship admin finance sales project_coord technician field_ops ops engineer_ops manufacturing Polymer Process Apprentice Polymer Process Apprentice Multi-Skilled Engineering Apprenticeship Polymer Process Apprentice Maintenance and operations engineering technician Maintenance and operations engineering technician Maintenance and operations engineering technician apprenticeship school leaver,seed
GLC474,ISG Ltd,"Stoke Gifford, Bristol,",BS34,construction_green,apprenticeship|higher_apprenticeship,technician|field_ops|ops|engineer_ops|admin,large,0,low,https://isgltd.com/careers,"Bristol employer (Stoke Gifford, Bristol,) with apprenticeship vacancies on Find an Apprenticeship. Recent roles include: Apprentice Quantity Surveyor; Estimating Apprentice; Apprentice Quantity Surveyor. Standards/frameworks: Construction quantity surveyor (degree), Construction quantity surveying technician, Construction quantity surveyor (degree).","ISG Ltd Stoke Gifford, Bristol, Bristol construction_green apprenticeship higher_apprenticeship technician field_ops ops engineer_ops admin finance sales project_coord software Apprentice Quantity Surveyor Estimating Apprentice Apprentice Quantity Surveyor Construction Management Site Apprenticeship Construction quantity surveyor (degree) Construction quantity surveying technician Construction quantity surveyor (degree) apprenticeship school leaver",seed
GLC475,Kier Group,Gloucester,GL2,construction_green,apprenticeship|higher_apprenticeship,technician|field_ops|ops|engineer_ops|software,large,0,low,https://www.kier.co.uk/careers,"Gloucestershire employer (Gloucester) with apprenticeship vacancies on Find an Apprenticeship. Recent roles include: Construction Management Degree Apprentice; Civil Engineering Degree Apprentice; Construction Management Degree Apprentice. Standards/frameworks: Design and construction management (degree), Civil engineer (degree), Design and construction management (degree).",Kier Group Gloucester Gloucestershire construction_green apprenticeship higher_apprenticeship technician field_ops ops engineer_ops software Construction Management Degree Apprentice Civil Engineering Degree Apprentice Construction Management Degree Apprentice Construction Management Degree Apprentice Design and construction management (degree) Civil engineer (degree) Design and construction management (degree) apprenticeship school leaver,seed
GLC476,Nijhuis H2OK Ltd,Bristol,BS32,business_professional,apprenticeship,admin|finance|sales|project_coord|software,large,0,low,https://www.nijhuisindustries.com/careers,"Bristol employer (Bristol) with apprenticeship vacancies on Find an Apprenticeship. Recent roles include: Business Administration Apprentice; Business Administration Apprentice; Business Administration Apprentice. Standards/frameworks: Business administrator, Business administrator, Business administrator.",NIJHUIS H20K LTD Bristol Bristol business_professional apprenticeship admin finance sales project_coord software Business Administration Apprentice Business Administration Apprentice Business Administration Apprentice Business Administration Apprentice Business administrator Business administrator Business administrator apprenticeship school leaver,seed
GLC477,Petit Forestier UK Limited,Bristol,BS11,business_professional,apprenticeship,admin|finance|sales|project_coord|engineer_ops,large,0,high,https://www.petitforestier.com/en-gb/careers,"Bristol employer (Bristol) with apprenticeship vacancies on Find an Apprenticeship. Recent roles include: Mechanical HGV Engineer Apprentice - Bristol; Heavy Vehicle Service and Maintenance Technician Apprentice; Apprentice Refrigeration, Air Conditioning and Heat Pump Engineer (Transport Refrigeration). Standards/frameworks: Heavy vehicle service and maintenance technician, Heavy vehicle service and maintenance technician, Refrigeration air conditioning and heat pump engineering technician.","PETIT FORESTIER UK LIMITED Bristol Bristol business_professional apprenticeship admin finance sales project_coord engineer_ops software Mechanical HGV Engineer Apprentice - Bristol Heavy Vehicle Service and Maintenance Technician Apprentice Apprentice Refrigeration, Air Conditioning and Heat Pump Engineer (Transport Refrigeration) Heavy Vehicle Service and Maintenance Technician Apprentice Heavy vehicle service and maintenance technician Heavy vehicle service and maintenance technician Refrigeration air conditioning and heat pump engineering technician apprenticeship school leaver",seed
GLC478,Rolls-Royce Plc,Bristol,BS34,business_professional,apprenticeship|higher_apprenticeship,engineer_ops|manufacturing|technician|quality|admin,large,0,low,https://careers.rolls-royce.com,"Bristol employer (Bristol) with apprenticeship vacancies on Find an Apprenticeship. Recent roles include: Rolls-Royce Advanced Engineering Apprenticeship - Bristol, UK; Rolls-Royce Project Management Degree Apprenticeship - Bristol, UK; Rolls-Royce Supply Chain Management Degree Apprenticeship - Bristol, UK. Standards/frameworks: Engineering technician, Project manager (integrated degree), Supply chain leadership professional (integrated degree).","ROLLS-ROYCE PLC Bristol Bristol business_professional apprenticeship higher_apprenticeship engineer_ops manufacturing technician quality admin finance sales project_coord software Rolls-Royce Advanced Engineering Apprenticeship - Bristol, UK Rolls-Royce Project Management Degree Apprenticeship - Bristol, UK Rolls-Royce Supply Chain Management Degree Apprenticeship - Bristol, UK Rolls-Royce Non-Destructive Testing (NDT) Degree Apprenticeship - Bristol, UK Engineering technician Project manager (integrated degree) Supply chain leadership professional (integrated degree) apprenticeship school leaver",seed
GLC479,Rotamec Ltd,Cheddar,BS27,business_professional|aerospace_manufacturing,apprenticeship|school_leaver,admin|finance|sales|project_coord|software,large,0,low,https://rotamec.com/careers,"Bristol employer (Cheddar) with apprenticeship vacancies on Find an Apprenticeship. Recent roles include: Office Administrator Apprenticeship; Office Administrator Apprenticeship; HR & Payroll Apprentice. Standards/frameworks: Business administrator, Business administrator, Business administrator.",ROTAMEC LTD Cheddar Bristol business_professional aerospace_manufacturing apprenticeship school_leaver admin finance sales project_coord software engineer_ops manufacturing technician quality Office Administrator Apprenticeship Office Administrator Apprenticeship HR & Payroll Apprentice HR and Payroll Apprentice Business administrator Business administrator Business administrator apprenticeship school leaver,seed
GLC480,Severn Trent Plc,Gloucester,GL2,construction_green|business_professional,apprenticeship|school_leaver,technician|field_ops|ops|engineer_ops|manufacturing,large,0,low,https://www.severntrent.com/careers,"Gloucestershire employer (Gloucester) with apprenticeship vacancies on Find an Apprenticeship. Recent roles include: Maintenance Technician Apprentice - Mechanical (Level 3); Maintenance Technician Apprentice - Mechanical (Level 3); Maintenance Technician Apprentice - Mechanical (Level 3). Standards/frameworks: Utilities engineering technician, Utilities engineering technician, Utilities engineering technician.",SEVERN TRENT PLC Gloucester Gloucestershire construction_green business_professional apprenticeship school_leaver technician field_ops ops engineer_ops manufacturing admin finance sales project_coord care customer_success Maintenance Technician Apprentice - Mechanical (Level 3) Maintenance Technician Apprentice - Mechanical (Level 3) Maintenance Technician Apprentice - Mechanical (Level 3) Maintenance Technician Apprentice - Mechanical (Level 3) Utilities engineering technician Utilities engineering technician Utilities engineering technician apprenticeship school leaver,seed
GLC481,Smurfit Kappa UK Ltd,Bristol,BS37,aerospace_manufacturing|construction_green,apprenticeship|school_leaver,engineer_ops|manufacturing|technician|quality|software,large,0,low,https://www.smurfitkappa.com/careers,"Bristol employer (Bristol) with apprenticeship vacancies on Find an Apprenticeship. Recent roles include: Engineering Apprentice; Multiskilled Engineering Apprentice; Engineering Apprentice. Standards/frameworks: Engineering technician, Installation electrician and maintenance electrician, Engineering technician.",SMURFIT KAPPA UK LTD Bristol Bristol aerospace_manufacturing construction_green apprenticeship school_leaver engineer_ops manufacturing technician quality software field_ops ops care Engineering Apprentice Multiskilled Engineering Apprentice Engineering Apprentice Engineering Apprentice Engineering technician Installation electrician and maintenance electrician Engineering technician apprenticeship school leaver,seed
GLC482,Suez Recycling and Recovery UK Ltd,Bristol,BS10,business_professional,apprenticeship,technician|field_ops|ops|engineer_ops|manufacturing,large,0,low,https://www.suez.co.uk/en-gb/careers,"Bristol employer (Bristol) with apprenticeship vacancies on Find an Apprenticeship. Recent roles include: Apprentice Maintenance Engineer; Apprentice Maintenance Engineer; Heavy Vehicle Service & Maintenance Technician Apprenticeship. Standards/frameworks: Maintenance and operations engineering technician, Maintenance and operations engineering technician, Heavy vehicle service and maintenance technician.",SUEZ RECYCLING AND RECOVERY UK LTD Bristol Bristol business_professional apprenticeship technician field_ops ops engineer_ops manufacturing admin finance sales project_coord software Apprentice Maintenance Engineer Apprentice Maintenance Engineer Heavy Vehicle Service & Maintenance Technician Apprenticeship Heavy Vehicle Service & Maintenance Technician Apprenticeship Maintenance and operations engineering technician Maintenance and operations engineering technician Heavy vehicle service and maintenance technician apprenticeship school leaver,seed
GLC483,Tetra Tech Limited,Bristol,BS1,business_professional|construction_green,apprenticeship|higher_apprenticeship,engineer_ops|manufacturing|technician|quality|software,large,0,low,https://www.tetratech.com/careers,"Bristol employer (Bristol) with apprenticeship vacancies on Find an Apprenticeship. Recent roles include: Apprentice Project Controller; Apprentice Project Manager; Apprentice Quantity Surveyor. Standards/frameworks: Project controls professional, Project manager (integrated degree), Chartered surveyor (degree).",TETRA TECH LIMITED Bristol Bristol business_professional construction_green apprenticeship higher_apprenticeship engineer_ops manufacturing technician quality software admin finance sales project_coord field_ops ops cyber Apprentice Project Controller Apprentice Project Manager Apprentice Quantity Surveyor Apprentice Ecologist Project controls professional Project manager (integrated degree) Chartered surveyor (degree) apprenticeship school leaver,seed
GLC484,Tony Gee and Partners LLP,Gloucestershire,GL10,construction_green,apprenticeship,technician|field_ops|ops|engineer_ops|manufacturing,large,0,low,https://tonygee.com/careers,"Gloucestershire employer (Gloucestershire) with apprenticeship vacancies on Find an Apprenticeship. Recent roles include: Civil Engineering Technician Apprenticeship Level 3; Civil Engineering Technician Apprenticeship Level 3; Civil Engineering Technician Apprenticeship Level 3. Standards/frameworks: Civil engineering technician, Civil engineering technician, Civil engineering technician.",TONY GEE AND PARTNERS LLP Gloucestershire Gloucestershire construction_green apprenticeship technician field_ops ops engineer_ops manufacturing software Civil Engineering Technician Apprenticeship Level 3 Civil Engineering Technician Apprenticeship Level 3 Civil Engineering Technician Apprenticeship Level 3 Civil Engineering Apprentice Civil engineering technician Civil engineering technician Civil engineering technician apprenticeship school leaver,seed
GLC485,VINCI Plc,Bristol,BS16,construction_green,apprenticeship|higher_apprenticeship,technician|field_ops|ops|engineer_ops|software,large,0,low,https://careers.vinci.com,"Bristol employer (Bristol) with apprenticeship vacancies on Find an Apprenticeship. Recent roles include: Construction site Technical Apprentice (SW&W); Quantity Surveyor Apprentice (SW&Wales); Construction site Technical Apprentice (SW&W). Standards/frameworks: Construction site supervisor, Chartered surveyor (degree), Construction site supervisor.",VINCI PLC Bristol Bristol construction_green apprenticeship higher_apprenticeship technician field_ops ops engineer_ops software Construction site Technical Apprentice (SW&W) Quantity Surveyor Apprentice (SW&Wales) Construction site Technical Apprentice (SW&W) Quantity Surveyor Apprentice (SW&Wales) Construction site supervisor Chartered surveyor (degree) Construction site supervisor apprenticeship school leaver,seed
GLC486,Agilisys Limited,Weston-Super-Mare,BS23,business_professional|hospitality_retail,apprenticeship|school_leaver,admin|finance|sales|project_coord|software,large,0,low,https://agilisys.co.uk/careers,"Bristol employer (Weston-Super-Mare) with apprenticeship vacancies on Find an Apprenticeship. Recent roles include: Business Admin Apprentice; Apprentice Carelink Installer; Apprentice Carelink Installer. Standards/frameworks: Business administrator, Customer service practitioner, Customer service practitioner.",AGILISYS LIMITED Weston-Super-Mare Bristol business_professional hospitality_retail apprenticeship school_leaver admin finance sales project_coord software customer_success Business Admin Apprentice Apprentice Carelink Installer Apprentice Carelink Installer Business Support and Customer Service Advisor Apprentice Business administrator Customer service practitioner Customer service practitioner apprenticeship school leaver,seed
GLC487,Balloon Letting Company Limited,Bristol,BS9,business_professional,apprenticeship|school_leaver,admin|finance|sales|project_coord|software,medium,0,low,https://balloonlettings.co.uk,"Bristol employer (Bristol) with apprenticeship vacancies on Find an Apprenticeship. Recent roles include: Business Admin and Negotiator Apprentice; Lettings Service  Administrator  Apprentice; Lettings Service  Administrator  Apprentice. Standards/frameworks: Business administrator, Business administrator, Business administrator.",BALLOON LETTING COMPANY LIMITED Bristol Bristol business_professional apprenticeship school_leaver admin finance sales project_coord software customer_success Business Admin and Negotiator Apprentice Lettings Service  Administrator  Apprentice Lettings Service  Administrator  Apprentice Lettings Service  Administrator  Apprentice Business administrator Business administrator Business administrator apprenticeship school leaver,seed
GLC488,Blackstar Solutions Limited,Bristol,BS1,business_professional,apprenticeship,admin|finance|sales|project_coord|software,medium,0,low,https://blackstarsolutions.co.uk,"Bristol employer (Bristol) with apprenticeship vacancies on Find an Apprenticeship. Recent roles include: Business Operations Administrator Apprentice; Business Operations Administrator Apprentice; Business Operations Administration Apprentice. Standards/frameworks: Business administrator, Business administrator, Business administrator.",BLACKSTAR SOLUTIONS LIMITED Bristol Bristol business_professional apprenticeship admin finance sales project_coord software care Business Operations Administrator Apprentice Business Operations Administrator Apprentice Business Operations Administration Apprentice Business Operations Administrator Apprentice Business administrator Business administrator Business administrator apprenticeship school leaver,seed
GLC489,Cameron Balloons Ltd,Bristol,BS3,creative_events|aerospace_manufacturing,apprenticeship|school_leaver,engineer_ops|manufacturing|technician|quality|care,medium,0,medium,https://cameronballoons.co.uk,"Bristol employer (Bristol) with apprenticeship vacancies on Find an Apprenticeship. Recent roles include: Sewing Machinist Apprentice; Leather Craftsperson Apprenticeship; Leather Craftsperson Apprenticeship. Standards/frameworks: Sewing machinist, Leather craftsperson, Leather craftsperson.",CAMERON BALLOONS LTD Bristol Bristol creative_events aerospace_manufacturing apprenticeship school_leaver engineer_ops manufacturing technician quality care design content events Sewing Machinist Apprentice Leather Craftsperson Apprenticeship Leather Craftsperson Apprenticeship Leather Craftsperson Apprenticeship Sewing machinist Leather craftsperson Leather craftsperson apprenticeship school leaver,seed
GLC490,Castelan Group,Somerset,BS23,business_professional,apprenticeship|school_leaver,admin|finance|sales|project_coord|customer_success,medium,0,low,https://castelangroup.com/careers,"Bristol employer (Somerset) with apprenticeship vacancies on Find an Apprenticeship. Recent roles include: Customer Solutions Apprentice; Apprentice IT Technician; Apprentice Upholstery Service Technician. Standards/frameworks: Customer service practitioner, IT solutions technician, Furniture manufacturer.",Castelan Group Somerset Bristol business_professional apprenticeship school_leaver admin finance sales project_coord customer_success software cyber data analyst care Customer Solutions Apprentice Apprentice IT Technician Apprentice Upholstery Service Technician IT Apprentice Customer service practitioner IT solutions technician Furniture manufacturer apprenticeship school leaver,seed
GLC491,CitySprint (UK) Limited,Bristol,BS5,business_professional|hospitality_retail,apprenticeship|school_leaver,admin|finance|sales|project_coord|software,large,0,low,https://citysprint.co.uk/careers,"Bristol employer (Bristol) with apprenticeship vacancies on Find an Apprenticeship. Recent roles include: Business Administrator Apprentice; Business Administrator Apprentice; Business Administrator Apprentice. Standards/frameworks: Business administrator, Business administrator, Business administrator.",CITYSPRINT (UK) LIMITED Bristol Bristol business_professional hospitality_retail apprenticeship school_leaver admin finance sales project_coord software customer_success Business Administrator Apprentice Business Administrator Apprentice Business Administrator Apprentice Customer Service Apprenticeship Business administrator Business administrator Business administrator apprenticeship school leaver,seed
GLC492,Claranet Limited,"Barnwood, Gloucester",GL4,business_professional,apprenticeship|school_leaver,admin|finance|sales|project_coord|software,large,0,medium,https://www.claranet.co.uk/about-us/careers,"Gloucestershire employer (Barnwood, Gloucester) with apprenticeship vacancies on Find an Apprenticeship. Recent roles include: Service Desk Analyst Apprentice (Claranet); Finance Assurance Apprentice (Claranet); Accounts Receivable Apprentice (Claranet). Standards/frameworks: Digital support technician, Assistant accountant, Assistant accountant.","CLARANET LIMITED Barnwood, Gloucester Gloucestershire business_professional apprenticeship school_leaver admin finance sales project_coord software customer_success care Service Desk Analyst Apprentice (Claranet) Finance Assurance Apprentice (Claranet) Accounts Receivable Apprentice (Claranet) Service Desk Analyst Apprentice Digital support technician Assistant accountant Assistant accountant apprenticeship school leaver",seed
GLC493,Compass Group UK and Ireland,Local Area,BS45,hospitality_retail|business_professional,apprenticeship|school_leaver,customer_success|sales|ops|care|admin,large,0,low,https://www.compass-group.co.uk/careers,"Bristol employer (Local Area) with apprenticeship vacancies on Find an Apprenticeship. Recent roles include: Apprentice Retail Team Member - Bristol; Apprentice Supervisor - Bristol; Apprentice Retail Team Member - Bristol. Standards/frameworks: Retailer, Team leader or supervisor, Retailer.","COMPASS GROUP, UK AND IRELAND LIMITED Local Area Bristol hospitality_retail business_professional apprenticeship school_leaver customer_success sales ops care admin finance project_coord events Apprentice Retail Team Member - Bristol Apprentice Supervisor - Bristol Apprentice Retail Team Member - Bristol Apprentice Commis Chef - Cheltenham Racecourse Retailer Team leader or supervisor Retailer apprenticeship school leaver",seed
GLC494,Lakes Bathrooms Ltd,Gloucestershire,GL20,business_professional|hospitality_retail,apprenticeship|school_leaver,admin|finance|sales|project_coord|software,large,0,low,https://lakesshoweringspaces.com,"Gloucestershire employer (Gloucestershire) with apprenticeship vacancies on Find an Apprenticeship. Recent roles include: Sales Administrator Apprentice; Sales Administrator Apprentice; Sales Administrator Apprentice. Standards/frameworks: Business administrator, Business administrator, Business administrator.",LAKES BATHROOMS LTD Gloucestershire Gloucestershire business_professional hospitality_retail apprenticeship school_leaver admin finance sales project_coord software customer_success engineer_ops Sales Administrator Apprentice Sales Administrator Apprentice Sales Administrator Apprentice Customer Service Apprentice Business administrator Business administrator Business administrator apprenticeship school leaver,seed
GLC495,Markerstudy Limited,Bristol,BS4,aerospace_manufacturing,apprenticeship,engineer_ops|manufacturing|technician|quality|care,large,0,medium,https://markerstudygroup.com/careers,"Bristol employer (Bristol) with apprenticeship vacancies on Find an Apprenticeship. Recent roles include: Automotive Glazing Apprentice - Bristol; Automotive Glazing Apprentice - Bristol; Automotive Glazing Apprentice - Bristol. Standards/frameworks: Automotive glazing technician, Automotive glazing technician, Automotive glazing technician.",MARKERSTUDY LIMITED Bristol Bristol aerospace_manufacturing apprenticeship engineer_ops manufacturing technician quality care Automotive Glazing Apprentice - Bristol Automotive Glazing Apprentice - Bristol Automotive Glazing Apprentice - Bristol Automotive Glazing Apprentice - Tewkesbury Automotive glazing technician Automotive glazing technician Automotive glazing technician apprenticeship school leaver,seed
GLC496,Motability Operations Limited,Bristol,BS16,business_professional|hospitality_retail,apprenticeship|school_leaver,engineer_ops|manufacturing|technician|quality|software,large,0,low,https://careers.motabilityoperations.co.uk,"Bristol employer (Bristol) with apprenticeship vacancies on Find an Apprenticeship. Recent roles include: Bodyshop Panel Technician Apprentice; Apprenticeship Vehicle Accident Repair Technician; Customer Service Apprenticeship. Standards/frameworks: Vehicle damage panel technician, Accident repair technician, Customer service practitioner.",MOTABILITY OPERATIONS LIMITED Bristol Bristol business_professional hospitality_retail apprenticeship school_leaver engineer_ops manufacturing technician quality software admin finance sales project_coord customer_success field_ops ops Bodyshop Panel Technician Apprentice Apprenticeship Vehicle Accident Repair Technician Customer Service Apprenticeship Customer Service Apprenticeship Vehicle damage panel technician Accident repair technician Customer service practitioner apprenticeship school leaver,seed
GLC497,NASA Umbrella Ltd,Bristol,BS1,business_professional,apprenticeship,admin|finance|sales|project_coord|software,large,0,low,https://nasaumbrella.com,"Bristol employer (Bristol) with apprenticeship vacancies on Find an Apprenticeship. Recent roles include: Business Administration/ Sales Apprentice; Business Administration/ Sales Apprentice; Payroll Business Administration Apprentice. Standards/frameworks: Business administrator, Business administrator, Business administrator.",NASA UMBRELLA LTD Bristol Bristol business_professional apprenticeship admin finance sales project_coord software care Business Administration/ Sales Apprentice Business Administration/ Sales Apprentice Payroll Business Administration Apprentice Payroll Business Administration Apprentice Business administrator Business administrator Business administrator apprenticeship school leaver,seed
GLC498,Nokia UK Limited,Bristol,BS32,business_professional|cyber_digital,apprenticeship|higher_apprenticeship,software|cyber|data|analyst|engineer_ops,large,0,low,https://careers.nokia.com,"Bristol employer (Bristol) with apprenticeship vacancies on Find an Apprenticeship. Recent roles include: Apprentice Network Engineer; Apprentice Customer Project Manager; Apprentice Network Engineer. Standards/frameworks: Network engineer, Associate project manager, Network engineer.",Nokia UK Limited Bristol Bristol business_professional cyber_digital apprenticeship higher_apprenticeship software cyber data analyst engineer_ops admin finance sales project_coord Apprentice Network Engineer Apprentice Customer Project Manager Apprentice Network Engineer Apprentice Customer Project Manager Network engineer Associate project manager Network engineer apprenticeship school leaver,seed
GLC499,O'Connells Property Agents,Gloucestershire,GL20,business_professional|hospitality_retail,apprenticeship|school_leaver,admin|finance|sales|project_coord|customer_success,large,0,low,https://oconnellsproperty.co.uk,"Gloucestershire employer (Gloucestershire) with apprenticeship vacancies on Find an Apprenticeship. Recent roles include: Property Administrator Apprentice; Property Administrator Apprentice; Property Administrator Apprentice. Standards/frameworks: Customer service practitioner, Customer service practitioner, Customer service practitioner.",O'Connells Property Agents Gloucestershire Gloucestershire business_professional hospitality_retail apprenticeship school_leaver admin finance sales project_coord customer_success technician field_ops ops engineer_ops care software Property Administrator Apprentice Property Administrator Apprentice Property Administrator Apprentice Property Administrator Apprentice Customer service practitioner Customer service practitioner Customer service practitioner apprenticeship school leaver,seed
GLC500,Park Insurance Services,Bristol,BS5,business_professional,apprenticeship|school_leaver,admin|finance|sales|project_coord|software,large,0,low,https://parkinsurance.co.uk,"Bristol employer (Bristol) with apprenticeship vacancies on Find an Apprenticeship. Recent roles include: Insurance Practitioner Apprentice; Accounts or Finance Assistant Apprentice; Marketing Apprentice. Standards/frameworks: Insurance practitioner, Accounts or finance assistant, Insurance practitioner.",Park Insurance Services Bristol Bristol business_professional apprenticeship school_leaver admin finance sales project_coord software Insurance Practitioner Apprentice Accounts or Finance Assistant Apprentice Marketing Apprentice Insurance Practitioner Apprentice Insurance practitioner Accounts or finance assistant Insurance practitioner apprenticeship school leaver,seed
GLC501,Portland Brown Ltd,Bristol,BS1,business_professional,apprenticeship|higher_apprenticeship,admin|finance|sales|project_coord|software,large,0,low,https://portlandbrown.com/careers,"Bristol employer (Bristol) with apprenticeship vacancies on Find an Apprenticeship. Recent roles include: Accounts Payable Apprentice level 3; Accounts Payable Assistant Level 4 Apprenticeship; Accounts Payable Apprentice (L3). Standards/frameworks: Assistant accountant, Professional accounting or taxation technician, Assistant accountant.",PORTLAND BROWN LTD Bristol Bristol business_professional apprenticeship higher_apprenticeship admin finance sales project_coord software Accounts Payable Apprentice level 3 Accounts Payable Assistant Level 4 Apprenticeship Accounts Payable Apprentice (L3) Accounts Payable Apprentice (L3) Assistant accountant Professional accounting or taxation technician Assistant accountant apprenticeship school leaver,seed
GLC502,RAC Motoring Services,Bristol,BS4,aerospace_manufacturing,apprenticeship|higher_apprenticeship|school_leaver,software|cyber|data|analyst|engineer_ops,large,0,low,https://careers.rac.co.uk,"Bristol employer (Bristol) with apprenticeship vacancies on Find an Apprenticeship. Recent roles include: L4 Cyber Security Apprentice – RAC – Bristol, BS32 4QN – £22k-£23k; RAC Patrol Apprentice (Light Vehicle Technician) Avonmouth and Surrounding Areas; RAC Patrol Apprentice (Light Vehicle Technician) Bristol and Surrounding Areas. Standards/frameworks: Cyber security technologist (2021), Autocare technician, Autocare technician.","RAC MOTORING SERVICES Bristol Bristol aerospace_manufacturing apprenticeship higher_apprenticeship school_leaver software cyber data analyst engineer_ops manufacturing technician quality care L4 Cyber Security Apprentice – RAC – Bristol, BS32 4QN – £22k-£23k RAC Patrol Apprentice (Light Vehicle Technician) Avonmouth and Surrounding Areas RAC Patrol Apprentice (Light Vehicle Technician) Bristol and Surrounding Areas RAC Patrol Apprentice (Light Vehicle Technician) Cheltenham and surrounding areas Cyber security technologist (2021) Autocare technician Autocare technician apprenticeship school leaver",seed
GLC503,Red Rhino Resourcing Limited,Avonmouth,BS11,business_professional,apprenticeship|school_leaver,admin|finance|sales|project_coord|care,large,0,low,https://redrhinoresourcing.co.uk,"Bristol employer (Avonmouth) with apprenticeship vacancies on Find an Apprenticeship. Recent roles include: Recruitment Resourcer Apprenticeship; Business & Recruitment Administrator Apprenticeship; Recruitment Resourcer Apprenticeship. Standards/frameworks: Recruitment resourcer, Business administrator, Recruitment resourcer.",RED RHINO RESOURCING LIMITED Avonmouth Bristol business_professional apprenticeship school_leaver admin finance sales project_coord care software Recruitment Resourcer Apprenticeship Business & Recruitment Administrator Apprenticeship Recruitment Resourcer Apprenticeship Business & Recruitment Administrator Apprenticeship Recruitment resourcer Business administrator Recruitment resourcer apprenticeship school leaver,seed
GLC504,Southwest Upholstery Limited,Bristol,BS3,business_professional,apprenticeship|school_leaver,admin|finance|sales|project_coord|software,large,0,low,https://southwestupholstery.co.uk,"Bristol employer (Bristol) with apprenticeship vacancies on Find an Apprenticeship. Recent roles include: Apprentice Upholsterer; Apprentice Upholsterer; Apprentice Upholsterer. Standards/frameworks: Furniture manufacturer, Furniture manufacturer, Furniture manufacturer.",SOUTHWEST UPHOLSTERY LIMITED Bristol Bristol business_professional apprenticeship school_leaver admin finance sales project_coord software Apprentice Upholsterer Apprentice Upholsterer Apprentice Upholsterer Apprentice Upholsterer Furniture manufacturer Furniture manufacturer Furniture manufacturer apprenticeship school leaver,seed
GLC505,Sovereign Fire & Security Ltd,Bristol,BS11,business_professional,apprenticeship,admin|finance|sales|project_coord|engineer_ops,large,0,low,https://sovereignfireandsecurity.co.uk,"Bristol employer (Bristol) with apprenticeship vacancies on Find an Apprenticeship. Recent roles include: Fire and Security Engineer Apprentice; Business Administration Apprentice – Operations; Business Administration Apprentice – Service & Maintenance Department. Standards/frameworks: Fire emergency and security systems technician, Business administrator, Business administrator.",SOVEREIGN FIRE & SECURITY LTD Bristol Bristol business_professional apprenticeship admin finance sales project_coord engineer_ops software Fire and Security Engineer Apprentice Business Administration Apprentice – Operations Business Administration Apprentice – Service & Maintenance Department Fire and Security Engineer Apprentice Fire emergency and security systems technician Business administrator Business administrator apprenticeship school leaver,seed
GLC506,Steer Automotive Group Limited,Gloucester,GL52,business_professional|hospitality_retail,apprenticeship|school_leaver|higher_apprenticeship,engineer_ops|manufacturing|technician|quality|admin,large,0,low,https://steer.co.uk/careers,"Gloucestershire employer (Gloucester) with apprenticeship vacancies on Find an Apprenticeship. Recent roles include: Bodyshop Paint Technician Apprenticeship - Weston-Super-Mare; Bodyshop Panel Technician Apprenticeship -  Bristol; Customer Service Parts Advisor Apprentice -  Cheltenham. Standards/frameworks: Vehicle damage paint technician, Vehicle damage panel technician, Customer service practitioner.",STEER AUTOMOTIVE GROUP LIMITED Gloucester Gloucestershire business_professional hospitality_retail apprenticeship school_leaver higher_apprenticeship engineer_ops manufacturing technician quality admin finance sales project_coord customer_success software Bodyshop Paint Technician Apprenticeship - Weston-Super-Mare Bodyshop Panel Technician Apprenticeship -  Bristol Customer Service Parts Advisor Apprentice -  Cheltenham Customer Service Parts Advisor Apprentice -  Cheltenham Vehicle damage paint technician Vehicle damage panel technician Customer service practitioner apprenticeship school leaver,seed
GLC507,Sytner Group Limited,Bristol,BS10,aerospace_manufacturing,apprenticeship,customer_success|sales|ops|engineer_ops|manufacturing,large,0,low,https://www.sytner.co.uk/careers,"Bristol employer (Bristol) with apprenticeship vacancies on Find an Apprenticeship. Recent roles include: Sytner Jaguar Land Rover Bristol Service Technician Apprenticeship; Bodyshop Paint Technician Apprenticeship -  Mercedes - Western - Super-mare; Bodyshop Paint Technician Apprenticeship -  Mercedes - Bristol. Standards/frameworks: Motor vehicle service and maintenance technician (light vehicle), Vehicle damage paint technician, Vehicle damage paint technician.",SYTNER GROUP LIMITED Bristol Bristol aerospace_manufacturing apprenticeship customer_success sales ops engineer_ops manufacturing technician quality care Sytner Jaguar Land Rover Bristol Service Technician Apprenticeship Bodyshop Paint Technician Apprenticeship -  Mercedes - Western - Super-mare Bodyshop Paint Technician Apprenticeship -  Mercedes - Bristol Bodyshop Paint Technician Apprenticeship -  Mercedes - Western - Super-mare Motor vehicle service and maintenance technician (light vehicle) Vehicle damage paint technician Vehicle damage paint technician apprenticeship school leaver,seed
GLC508,Unilever U.K. Central Resources Limited,Gloucester,GL4,aerospace_manufacturing,apprenticeship,engineer_ops|manufacturing|technician|quality|field_ops,large,0,low,https://careers.unilever.com/uk,"Gloucestershire employer (Gloucester) with apprenticeship vacancies on Find an Apprenticeship. Recent roles include: Engineering Technician Apprentice 57-1338; Engineering Technician Apprentice; Engineering Technician Apprentice 57-1338. Standards/frameworks: Engineering technician, Engineering technician, Engineering technician.","UNILEVER U.K. CENTRAL RESOURCES LIMITED Gloucester Gloucestershire aerospace_manufacturing apprenticeship engineer_ops manufacturing technician quality field_ops ops customer_success events software Engineering Technician Apprentice 57-1338 Engineering Technician Apprentice Engineering Technician Apprentice 57-1338 Level 3 Food and Drink Technical Operator Apprenticeship Programme, Gloucester Engineering technician Engineering technician Engineering technician apprenticeship school leaver",seed
GLC509,Vodafone Limited,Bristol,BS1,cyber_digital|business_professional,apprenticeship|higher_apprenticeship,software|cyber|data|analyst|engineer_ops,large,0,low,https://careers.vodafone.com,"Bristol employer (Bristol) with apprenticeship vacancies on Find an Apprenticeship. Recent roles include: UK 2025 Managed Engineering Services Field Engineering Apprenticeship; UK 2025 Field Engineering Apprenticeship; UK 2025 MES Network Engineer Apprenticeship. Standards/frameworks: Network cable installer, Information communications technician, Digital and technology solutions professional (integrated degree).",VODAFONE LIMITED Bristol Bristol cyber_digital business_professional apprenticeship higher_apprenticeship software cyber data analyst engineer_ops admin finance sales project_coord UK 2025 Managed Engineering Services Field Engineering Apprenticeship UK 2025 Field Engineering Apprenticeship UK 2025 MES Network Engineer Apprenticeship UK 2025 MES Network Engineer Apprenticeship Network cable installer Information communications technician Digital and technology solutions professional (integrated degree) apprenticeship school leaver,seed
GLC510,Warners Motors Ltd,Gloucester,GL20,hospitality_retail|business_professional,apprenticeship|school_leaver,admin|finance|sales|project_coord|customer_success,large,0,low,https://warnerscars.co.uk,"Gloucestershire employer (Gloucester) with apprenticeship vacancies on Find an Apprenticeship. Recent roles include: Service Advisor Apprenticeship - Warners Peugeot Gloucester; Customer Service Advisor Apprenticeship - Warners Citroën Tewkesbury; Customer Service Advisor Apprenticeship - Warners Peugeot Gloucester. Standards/frameworks: Customer service practitioner, Customer service practitioner, Customer service practitioner.",WARNERS MOTORS LTD Gloucester Gloucestershire hospitality_retail business_professional apprenticeship school_leaver admin finance sales project_coord customer_success ops engineer_ops manufacturing Service Advisor Apprenticeship - Warners Peugeot Gloucester Customer Service Advisor Apprenticeship - Warners Citroën Tewkesbury Customer Service Advisor Apprenticeship - Warners Peugeot Gloucester Customer Service Advisor Apprenticeship - Warners Citroën Tewkesbury Customer service practitioner Customer service practitioner Customer service practitioner apprenticeship school leaver,seed
GLC511,Weston ARC,Weston-Super-Mare,BS23,aerospace_manufacturing,apprenticeship,engineer_ops|manufacturing|technician|quality|care,large,0,low,https://westonarc.co.uk,"Bristol employer (Weston-Super-Mare) with apprenticeship vacancies on Find an Apprenticeship. Recent roles include: Apprentice Accident Repair Technician; Apprentice Accident Repair Technician; Apprentice MET Technician. Standards/frameworks: Accident repair technician, Accident repair technician, Vehicle damage mechanical, electrical and trim (MET) technician.","Weston ARC Weston-Super-Mare Bristol aerospace_manufacturing apprenticeship engineer_ops manufacturing technician quality care Apprentice Accident Repair Technician Apprentice Accident Repair Technician Apprentice MET Technician Apprentice Panel Technician Accident repair technician Accident repair technician Vehicle damage mechanical, electrical and trim (MET) technician apprenticeship school leaver",seed
GLC512,Westspring IT Limited,Bristol,BS14,business_professional,apprenticeship,admin|finance|sales|project_coord|software,large,0,low,https://westspring-it.co.uk/careers,"Bristol employer (Bristol) with apprenticeship vacancies on Find an Apprenticeship. Recent roles include: Business Administration Apprentice; Helpdesk/1st Line IT Support Apprentice; Business Administration Apprentice. Standards/frameworks: Business administrator, Information communications technician, Business administrator.",WESTSPRING IT LIMITED Bristol Bristol business_professional apprenticeship admin finance sales project_coord software Business Administration Apprentice Helpdesk/1st Line IT Support Apprentice Business Administration Apprentice Helpdesk/1st Line IT Support Apprentice Business administrator Information communications technician Business administrator apprenticeship school leaver,seed
GLC513,YMCA,Bristol,BS40,education_training|health_care,apprenticeship,teaching_support|admin|care,large,0,low,https://www.ymca.org.uk/work-for-us,"Bristol employer (Bristol) with apprenticeship vacancies on Find an Apprenticeship. Recent roles include: Early Years Educator Apprenticeship; Early Years Educator Apprenticeship; Early Years Educator Apprenticeship. Standards/frameworks: Early years educator, Early years educator, Early years educator.",Y M C A Bristol Bristol education_training health_care apprenticeship teaching_support admin care Early Years Educator Apprenticeship Early Years Educator Apprenticeship Early Years Educator Apprenticeship Early Years Educator Apprenticeship Early years educator Early years educator Early years educator apprenticeship school leaver,seed
GLC514,Yate Town Council,Bristol,BS37,business_professional|hospitality_retail,apprenticeship|school_leaver,admin|finance|sales|project_coord|software,large,0,low,https://yatetowncouncil.gov.uk,"Bristol employer (Bristol) with apprenticeship vacancies on Find an Apprenticeship. Recent roles include: Community Projects Apprentice (Business Administrator Level 3); Estates Apprentice (Property Maintenance Operative Level 2); Estates Apprentice (Parks, open spaces & venue building  maintenance). Standards/frameworks: Business administrator, Property maintenance operative, Horticulture or landscape operative.","YATE TOWN COUNCIL Bristol Bristol business_professional hospitality_retail apprenticeship school_leaver admin finance sales project_coord software technician field_ops ops engineer_ops care customer_success Community Projects Apprentice (Business Administrator Level 3) Estates Apprentice (Property Maintenance Operative Level 2) Estates Apprentice (Parks, open spaces & venue building  maintenance) Estates Apprentice (Parks, open spaces & venue building  maintenance) Business administrator Property maintenance operative Horticulture or landscape operative apprenticeship school leaver",seed
GLC515,Castle School Education Trust,Bristol,BS16,education_training,apprenticeship|higher_apprenticeship,teaching_support|admin|care|software|cyber,large,0,low,https://cset.co.uk/vacancies,"Bristol employer (Bristol) with apprenticeship vacancies on Find an Apprenticeship. Recent roles include: Teaching Assistant Apprentice; Teaching Assistant Apprentice; SEND Education Support apprentice. Standards/frameworks: Teaching assistant, Teaching assistant, Teaching assistant.",CASTLE SCHOOL EDUCATION TRUST Bristol Bristol education_training apprenticeship higher_apprenticeship teaching_support admin care software cyber Teaching Assistant Apprentice Teaching Assistant Apprentice SEND Education Support apprentice SEND Education Support apprentice Teaching assistant Teaching assistant Teaching assistant apprenticeship school leaver,seed
GLC516,Energus,Gloucestershire,GL13,business_professional,apprenticeship|school_leaver|higher_apprenticeship,admin|finance|sales|project_coord|care,large,0,low,https://energus.co.uk,"Gloucestershire employer (Gloucestershire) with apprenticeship vacancies on Find an Apprenticeship. Recent roles include: NRS - Level 2 Nuclear Decommissioning Operative apprenticeship - Berkeley; NRS - Level 2 Nuclear Health Physics Monitor apprenticeship - Berkeley; NRS - Level 2 Nuclear Health Physics Monitor apprenticeship - Oldbury. Standards/frameworks: Nuclear operative, Nuclear health physics monitor, Nuclear health physics monitor.",Energus on behalf of NRS Gloucestershire Gloucestershire business_professional apprenticeship school_leaver higher_apprenticeship admin finance sales project_coord care technician field_ops ops engineer_ops software NRS - Level 2 Nuclear Decommissioning Operative apprenticeship - Berkeley NRS - Level 2 Nuclear Health Physics Monitor apprenticeship - Berkeley NRS - Level 2 Nuclear Health Physics Monitor apprenticeship - Oldbury NRS - Level 3 Assistant Accountant apprenticeship - Bristol Nuclear operative Nuclear health physics monitor Nuclear health physics monitor apprenticeship school leaver,seed
GLC517,Department for Education,Bristol,BS1,business_professional,apprenticeship|higher_apprenticeship,admin|finance|sales|project_coord|software,large,0,low,https://www.civil-service-careers.gov.uk/dfe,"Bristol employer (Bristol) with apprenticeship vacancies on Find an Apprenticeship. Recent roles include: Performance and Improvement Support Apprenticeship; Operational Delivery Officer - L3 Business Administrator Apprenticeship; Personal Assistant – Apprenticeship. Standards/frameworks: Business administrator, Business administrator, Business administrator.",DEPARTMENT FOR EDUCATION Bristol Bristol business_professional apprenticeship higher_apprenticeship admin finance sales project_coord software cyber data analyst Performance and Improvement Support Apprenticeship Operational Delivery Officer - L3 Business Administrator Apprenticeship Personal Assistant – Apprenticeship Apprenticeship -Directorate Support - Personal Assistant (PA) Business administrator Business administrator Business administrator apprenticeship school leaver,seed
GLC518,Gloucestershire Learning Alliance,Cheltenham,GL51,business_professional,apprenticeship,admin|finance|sales|project_coord|care,large,0,medium,https://glatrust.org.uk/vacancies,"Gloucestershire employer (Cheltenham) with apprenticeship vacancies on Find an Apprenticeship. Recent roles include: Business Admin Level 3 Apprenticeship - Rowanfield Infant and Junior; Business Admin Apprenticeship; Level 3 Business Administration Apprenticeship - Bishops Cleeve Primary Academy. Standards/frameworks: Business administrator, Business administrator, Business administrator.",GLOUCESTERSHIRE LEARNING ALLIANCE Cheltenham Gloucestershire business_professional apprenticeship admin finance sales project_coord care software Business Admin Level 3 Apprenticeship - Rowanfield Infant and Junior Business Admin Apprenticeship Level 3 Business Administration Apprenticeship - Bishops Cleeve Primary Academy Level 3 Business Administration Apprenticeship - Rowanfield Junior School Business administrator Business administrator Business administrator apprenticeship school leaver,seed
GLC519,The Olympus Academy Trust,Bristol,BS32,education_training,apprenticeship,teaching_support|admin|care|software|cyber,large,0,low,https://olympustrust.co.uk/vacancies,"Bristol employer (Bristol) with apprenticeship vacancies on Find an Apprenticeship. Recent roles include: Apprentice Teaching Assistant; Apprentice Teaching Assistant Level 3; Teaching Assistant Apprentice. Standards/frameworks: Teaching assistant, Teaching assistant, Teaching assistant.",THE OLYMPUS ACADEMY TRUST Bristol Bristol education_training apprenticeship teaching_support admin care software cyber Apprentice Teaching Assistant Apprentice Teaching Assistant Level 3 Teaching Assistant Apprentice Apprentice Teaching Assistant Teaching assistant Teaching assistant Teaching assistant apprenticeship school leaver,seed
GLC520,Paulton Infant School,Paulton,BS39,education_training,apprenticeship,teaching_support|admin|care,large,0,low,https://paultoninfantschool.co.uk,"Bristol employer (Paulton) with apprenticeship vacancies on Find an Apprenticeship. Recent roles include: Apprentice Teaching Assistant; Apprentice Teaching Assistant; Apprentice Teaching Assistant. Standards/frameworks: Teaching assistant, Teaching assistant, Teaching assistant.",Paulton Infant School Paulton Bristol education_training apprenticeship teaching_support admin care Apprentice Teaching Assistant Apprentice Teaching Assistant Apprentice Teaching Assistant Apprentice Teaching Assistant Teaching assistant Teaching assistant Teaching assistant apprenticeship school leaver,seed
GLC521,Torwood House School Ltd,Bristol,BS6,education_training|health_care,apprenticeship|school_leaver,teaching_support|admin|care,large,0,low,https://torwoodhouseschool.co.uk,"Bristol employer (Bristol) with apprenticeship vacancies on Find an Apprenticeship. Recent roles include: Early Years Level 3 Apprenticeship - Torwood House Nursery School; Early Years Level 3 Apprenticeship - Torwood House Nursery School; Early Years Level 3 Apprenticeship - Torwood House Nursery School. Standards/frameworks: Early years educator, Early years educator, Early years educator.",TORWOOD HOUSE SCHOOL LTD Bristol Bristol education_training health_care apprenticeship school_leaver teaching_support admin care Early Years Level 3 Apprenticeship - Torwood House Nursery School Early Years Level 3 Apprenticeship - Torwood House Nursery School Early Years Level 3 Apprenticeship - Torwood House Nursery School Early Years Level 2 Apprenticeship - Torwood House Nursery School Early years educator Early years educator Early years educator apprenticeship school leaver,seed
GLC522,Two Rivers Housing,Glos,GL18,construction_green|business_professional,apprenticeship|higher_apprenticeship|school_leaver,software|cyber|data|analyst|admin,large,0,low,https://trh.current-vacancies.com,"Gloucestershire employer (Glos) with apprenticeship vacancies on Find an Apprenticeship. Recent roles include: Data Analyst Apprentice (L4) - Two Rivers Housing - Newent, GL18 1DS - £24kp/a - 37hrs/w; Business Administration Apprentice; Housing and Property management Apprentice. Standards/frameworks: Data analyst, Business administrator, Housing and property management assistant.","TWO RIVERS HOUSING Glos Gloucestershire construction_green business_professional apprenticeship higher_apprenticeship school_leaver software cyber data analyst admin finance sales project_coord care technician field_ops ops engineer_ops Data Analyst Apprentice (L4) - Two Rivers Housing - Newent, GL18 1DS - £24kp/a - 37hrs/w Business Administration Apprentice Housing and Property management Apprentice Surveying Technician Apprentice Data analyst Business administrator Housing and property management assistant apprenticeship school leaver",seed
GLC523,Valuation Office Agency,Bristol,BS2,construction_green,apprenticeship|higher_apprenticeship,technician|field_ops|ops|engineer_ops,large,0,low,https://www.gov.uk/government/organisations/voa,"Bristol employer (Bristol) with apprenticeship vacancies on Find an Apprenticeship. Recent roles include: Level 3 Surveying Technician Apprentice; Level 3 Surveying Technician Apprentice; BSc Level 6 Chartered Surveyor Apprentice. Standards/frameworks: Surveying technician, Surveying technician, Chartered surveyor (degree).",Valuation Office Agency Bristol Bristol construction_green apprenticeship higher_apprenticeship technician field_ops ops engineer_ops Level 3 Surveying Technician Apprentice Level 3 Surveying Technician Apprentice BSc Level 6 Chartered Surveyor Apprentice MSc Level 6 Chartered Surveyor Apprentice Surveying technician Surveying technician Chartered surveyor (degree) apprenticeship school leaver,seed
GLC524,Blue Coat Church of England School,Glos,GL12,education_training,apprenticeship,teaching_support|admin|care|software|cyber,medium,0,high,https://bluecoatschool.co.uk,"Gloucestershire employer (Glos) with apprenticeship vacancies on Find an Apprenticeship. Recent roles include: School Administration Apprentice; School Administration Apprentice; Teacher Degree Apprenticeship (Primary). Standards/frameworks: Business administrator, Business administrator, Teaching assistant.",BLUE COAT CHURCH OF ENGLAND SCHOOL Glos Gloucestershire education_training apprenticeship teaching_support admin care software cyber School Administration Apprentice School Administration Apprentice Teacher Degree Apprenticeship (Primary) Apprentice Teaching Assistant Business administrator Business administrator Teaching assistant apprenticeship school leaver,seed
GLC525,BBC Public Service,Gloucester,BS8,creative_events|business_professional,apprenticeship|higher_apprenticeship,design|content|events|software|cyber,medium,0,medium,https://careers.bbc.co.uk,"Bristol employer (Gloucester) with apprenticeship vacancies on Find an Apprenticeship. Recent roles include: Junior Journalist Apprenticeship - Level 5 - Gloucester; Post Production Technical Operator Apprenticeship - L4 - BBC Studios -  NHU Edit Assistant - Bristol; Post Production Technical Operator Apprenticeship - Level 4 - BBC Studios - NHU Archives - Bristol. Standards/frameworks: Journalist, Post production technical operator, Post production technical operator.",BBC Public Service Gloucester Bristol creative_events business_professional apprenticeship higher_apprenticeship design content events software cyber admin finance sales project_coord engineer_ops Junior Journalist Apprenticeship - Level 5 - Gloucester Post Production Technical Operator Apprenticeship - L4 - BBC Studios -  NHU Edit Assistant - Bristol Post Production Technical Operator Apprenticeship - Level 4 - BBC Studios - NHU Archives - Bristol Broadcast and Media Systems Engineer Apprentice (L6) Journalist Post production technical operator Post production technical operator apprenticeship school leaver,seed
GLC526,Monks Park Surgery,Bristol,BS7,business_professional,apprenticeship,admin|finance|sales|project_coord|software,large,0,low,https://monksparksurgery.nhs.uk,"Bristol employer (Bristol) with apprenticeship vacancies on Find an Apprenticeship. Recent roles include: Patient Co-ordinator Apprentice; Patient Co-ordinator Apprentice; Patient Co-ordinator Apprentice. Standards/frameworks: Business administrator, Business administrator, Business administrator.",Monks Park Surgery Bristol Bristol business_professional apprenticeship admin finance sales project_coord software Patient Co-ordinator Apprentice Patient Co-ordinator Apprentice Patient Co-ordinator Apprentice Patient Co-ordinator Apprentice Business administrator Business administrator Business administrator apprenticeship school leaver,seed
GLC527,Armada Family Practice,Bristol,BS14,business_professional,apprenticeship|school_leaver,admin|finance|sales|project_coord|customer_success,large,0,low,https://armadapractice.co.uk,"Bristol employer (Bristol) with apprenticeship vacancies on Find an Apprenticeship. Recent roles include: Patient Services Apprentice; Business Administration Apprentice; Patient Services Apprentice. Standards/frameworks: Customer service practitioner, Business administrator, Customer service practitioner.",Armada Family Practice Bristol Bristol business_professional apprenticeship school_leaver admin finance sales project_coord customer_success software Patient Services Apprentice Business Administration Apprentice Patient Services Apprentice Business Administrator Apprentice Customer service practitioner Business administrator Customer service practitioner apprenticeship school leaver,seed
GLC528,St Georges Surgery,Weston-Super-Mare,BS22,business_professional,apprenticeship,admin|finance|sales|project_coord|software,large,0,low,https://stgeorges-surgery.co.uk,"Bristol employer (Weston-Super-Mare) with apprenticeship vacancies on Find an Apprenticeship. Recent roles include: Patient Co-ordinator Apprentice; Patient Co-ordinator Apprentice; Patient Co-ordinator Apprentice. Standards/frameworks: Business administrator, Business administrator, Business administrator.",St Georges Surgery Weston-Super-Mare Bristol business_professional apprenticeship admin finance sales project_coord software Patient Co-ordinator Apprentice Patient Co-ordinator Apprentice Patient Co-ordinator Apprentice Prescription Clerk Apprentice Business administrator Business administrator Business administrator apprenticeship school leaver,seed
GLC529,Gensmile Dental Care Limited,Cheltenham,GL50,health_care,apprenticeship,admin|finance|sales|project_coord|care,large,0,low,https://gensmile.co.uk/careers,"Gloucestershire employer (Cheltenham) with apprenticeship vacancies on Find an Apprenticeship. Recent roles include: Apprentice Dental Nurse; Apprentice Dental Nurse; Apprentice Dental Nurse. Standards/frameworks: Dental nurse (integrated), Dental nurse (integrated), Dental nurse (integrated).",GENSMILE DENTAL CARE LIMITED Cheltenham Gloucestershire health_care apprenticeship admin finance sales project_coord care Apprentice Dental Nurse Apprentice Dental Nurse Apprentice Dental Nurse Apprentice Dental Nurse Dental nurse (integrated) Dental nurse (integrated) Dental nurse (integrated) apprenticeship school leaver,seed
GLC530,We Care and Repair Ltd,Bristol,BS2,business_professional|hospitality_retail,apprenticeship|school_leaver,technician|field_ops|ops|engineer_ops|care,large,0,low,https://wecareandrepair.org.uk,"Bristol employer (Bristol) with apprenticeship vacancies on Find an Apprenticeship. Recent roles include: Property Maintenance  Apprentice; Customer Service Apprentice; Customer Service Apprentice. Standards/frameworks: Property maintenance operative, Customer service practitioner, Customer service practitioner.",WE CARE AND REPAIR LTD Bristol Bristol business_professional hospitality_retail apprenticeship school_leaver technician field_ops ops engineer_ops care admin finance sales project_coord customer_success software Property Maintenance  Apprentice Customer Service Apprentice Customer Service Apprentice Customer Service Apprentice Property maintenance operative Customer service practitioner Customer service practitioner apprenticeship school leaver,seed
GLC531,Beckett Hall Day Nursery Ltd,Bristol,BS1,education_training|health_care,apprenticeship|school_leaver,teaching_support|admin|care,large,0,low,https://becketthall.co.uk,"Bristol employer (Bristol) with apprenticeship vacancies on Find an Apprenticeship. Recent roles include: Nursery Apprenticeship; Nursery Apprentice; Nursery Apprentice. Standards/frameworks: Early years practitioner, Early years practitioner, Early years practitioner.",BECKETT HALL DAY NURSERY LTD Bristol Bristol education_training health_care apprenticeship school_leaver teaching_support admin care Nursery Apprenticeship Nursery Apprentice Nursery Apprentice Nursery Apprentice Early years practitioner Early years practitioner Early years practitioner apprenticeship school leaver,seed
GLC532,Beech House Nursery School Limited,Newent,GL18,education_training|health_care,apprenticeship|school_leaver,teaching_support|admin|care,large,0,low,https://beechhousenursery.co.uk,"Gloucestershire employer (Newent) with apprenticeship vacancies on Find an Apprenticeship. Recent roles include: Early Years Practitioner Apprentice; Early Years Practitioner Apprentice; Early Years Practitioner Apprentice. Standards/frameworks: Early years practitioner, Early years practitioner, Early years practitioner.",BEECH HOUSE NURSERY SCHOOL LIMITED Newent Gloucestershire education_training health_care apprenticeship school_leaver teaching_support admin care Early Years Practitioner Apprentice Early Years Practitioner Apprentice Early Years Practitioner Apprentice Early Years Practitioner Apprentice Early years practitioner Early years practitioner Early years practitioner apprenticeship school leaver,seed
GLC533,Jack and Jill Preschool Ltd,Bristol,BS9,education_training|health_care,apprenticeship,teaching_support|admin|care|software|cyber,large,0,medium,https://jackandjillpreschool.co.uk,"Bristol employer (Bristol) with apprenticeship vacancies on Find an Apprenticeship. Recent roles include: Early Years Apprentice; Early Years Apprentice; Early Years Apprenticeship – Level 3 – Jack and Jill Pre-School, Bristol. Standards/frameworks: Early years educator, Early years educator, Early years educator.","JACK AND JILL PRESCHOOL LTD Bristol Bristol education_training health_care apprenticeship teaching_support admin care software cyber Early Years Apprentice Early Years Apprentice Early Years Apprenticeship – Level 3 – Jack and Jill Pre-School, Bristol Early Years Apprenticeship – Level 3 – Jack and Jill Pre-School, Bristol Early years educator Early years educator Early years educator apprenticeship school leaver",seed
GLC534,Wrigglypeeps LLP,Bristol,BS16,education_training|health_care,apprenticeship,teaching_support|admin|care|software|cyber,large,0,low,https://wrigglypeeps.co.uk,"Bristol employer (Bristol) with apprenticeship vacancies on Find an Apprenticeship. Recent roles include: Level 3 Early Years Educator  Apprentice; Level 3 Early Years Educator  Apprentice; Level 3 Early Years Educator  Apprentice. Standards/frameworks: Early years educator, Early years educator, Early years educator.",WRIGGLYPEEPS LLP Bristol Bristol education_training health_care apprenticeship teaching_support admin care software cyber Level 3 Early Years Educator  Apprentice Level 3 Early Years Educator  Apprentice Level 3 Early Years Educator  Apprentice Level 3 Early Years Educator  Apprentice Early years educator Early years educator Early years educator apprenticeship school leaver,seed
GLC535,St George Preschool,Bristol,BS5,education_training|health_care,apprenticeship|school_leaver,teaching_support|admin|care,large,0,low,https://stgeorgepreschool.co.uk,"Bristol employer (Bristol) with apprenticeship vacancies on Find an Apprenticeship. Recent roles include: Early Years Educator Level 3 Apprentice; Early Years Educator Level 3 Apprentice; Early Years Educator Level 3 Apprentice. Standards/frameworks: Early years educator, Early years educator, Early years educator.",ST GEORGE PRESCHOOL Bristol Bristol education_training health_care apprenticeship school_leaver teaching_support admin care Early Years Educator Level 3 Apprentice Early Years Educator Level 3 Apprentice Early Years Educator Level 3 Apprentice Early Years Educator Level 3 Apprentice Early years educator Early years educator Early years educator apprenticeship school leaver,seed
GLC536,Toybox Day Nursery (Bristol) Limited,Bristol,BS9,education_training|health_care,apprenticeship,teaching_support|admin|care|software|cyber,large,0,low,https://toyboxdaynursery.co.uk,"Bristol employer (Bristol) with apprenticeship vacancies on Find an Apprenticeship. Recent roles include: Early Years Educator Level 3 Apprentice; Early Years Educator Level 3 Apprentice; Early Years Educator Level 3 Apprentice. Standards/frameworks: Early years educator, Early years educator, Early years educator.",TOYBOX DAY NURSERY (BRISTOL) LIMITED Bristol Bristol education_training health_care apprenticeship teaching_support admin care software cyber Early Years Educator Level 3 Apprentice Early Years Educator Level 3 Apprentice Early Years Educator Level 3 Apprentice Early Years Educator Level 3 Apprentice Early years educator Early years educator Early years educator apprenticeship school leaver,seed
GLC537,Aspens-Services Limited,Bristol,BS48,hospitality_tourism,apprenticeship|higher_apprenticeship,customer_success|ops|events|software|cyber,large,0,low,https://aspens-services.co.uk/careers,"Bristol employer (Bristol) with apprenticeship vacancies on Find an Apprenticeship. Recent roles include: Apprentice Chef Manager; Apprentice Chef Manager; Apprentice Chef Manager. Standards/frameworks: Hospitality manager, Hospitality manager, Hospitality manager.",ASPENS-SERVICES LIMITED Bristol Bristol hospitality_tourism apprenticeship higher_apprenticeship customer_success ops events software cyber care Apprentice Chef Manager Apprentice Chef Manager Apprentice Chef Manager Apprentice Chef Manager Hospitality manager Hospitality manager Hospitality manager apprenticeship school leaver,seed
GLC538,Walton Park Hotel,Clevedon,BS21,hospitality_tourism,apprenticeship|school_leaver,customer_success|ops|events,large,0,low,https://waltonparkhotel.co.uk,"Bristol employer (Clevedon) with apprenticeship vacancies on Find an Apprenticeship. Recent roles include: Commis Chef Apprentice; Commis Chef Apprentice; Hospitality Team Member Apprentice. Standards/frameworks: Commis chef, Commis chef, Hospitality team member.",Walton Park Hotel Clevedon Bristol hospitality_tourism apprenticeship school_leaver customer_success ops events Commis Chef Apprentice Commis Chef Apprentice Hospitality Team Member Apprentice Commis Chef Apprentice Commis chef Commis chef Hospitality team member apprenticeship school leaver,seed
GLC539,The Manor by the Lake Cheltenham Ltd,Gloucestershire,GL51,business_professional,apprenticeship,admin|finance|sales|project_coord|care,large,0,low,https://manorbythelake.co.uk,"Gloucestershire employer (Gloucestershire) with apprenticeship vacancies on Find an Apprenticeship. Recent roles include: Business Admin Apprentice; Marketing Assistant Apprentice; Business Administrator Apprentice. Standards/frameworks: Business administrator, Business administrator, Business administrator.",THE MANOR BY THE LAKE CHELTENHAM LTD Gloucestershire Gloucestershire business_professional apprenticeship admin finance sales project_coord care software Business Admin Apprentice Marketing Assistant Apprentice Business Administrator Apprentice Business Administrator Apprentice Business administrator Business administrator Business administrator apprenticeship school leaver,seed
GLC540,Welcome Break Group Limited,Local Area,BS20,business_professional|hospitality_retail,apprenticeship|school_leaver,customer_success|ops|events|admin|finance,large,0,low,https://careers.welcomebreak.co.uk,"Bristol employer (Local Area) with apprenticeship vacancies on Find an Apprenticeship. Recent roles include: Supervisor Apprentice; Customer Service Team Member Apprenticeship; Customer Service Team Member Apprenticeship. Standards/frameworks: Hospitality supervisor, Customer service practitioner, Customer service practitioner.",WELCOME BREAK GROUP LIMITED Local Area Bristol business_professional hospitality_retail apprenticeship school_leaver customer_success ops events admin finance sales project_coord Supervisor Apprentice Customer Service Team Member Apprenticeship Customer Service Team Member Apprenticeship Customer Service Team Member Apprenticeship Hospitality supervisor Customer service practitioner Customer service practitioner apprenticeship school leaver,seed
GLC541,Berwick Lodge Limited,Bristol,BS10,hospitality_tourism,apprenticeship|school_leaver,customer_success|ops|events,medium,0,low,https://berwicklodge.co.uk/careers,"Bristol employer (Bristol) with apprenticeship vacancies on Find an Apprenticeship. Recent roles include: Apprentice Commis Chef; Hospitality Team Member Apprentice; Commis Chef Apprentice. Standards/frameworks: Commis chef, Hospitality team member, Commis chef.",BERWICK LODGE LIMITED Bristol Bristol hospitality_tourism apprenticeship school_leaver customer_success ops events Apprentice Commis Chef Hospitality Team Member Apprentice Commis Chef Apprentice Commis Chef Apprentice Commis chef Hospitality team member Commis chef apprenticeship school leaver,seed
GLC542,Lets Play Bristol Ltd,Bristol,BS16,health_care|business_professional,apprenticeship|school_leaver|higher_apprenticeship,admin|finance|sales|project_coord|care,large,0,low,https://letsplaybristol.co.uk,"Bristol employer (Bristol) with apprenticeship vacancies on Find an Apprenticeship. Recent roles include: Playworker Apprentice; Playworker Apprentice; Playworker Apprentice. Standards/frameworks: Sports coach, Sports coach, Sports coach.",Lets Play Bristol Ltd Bristol Bristol health_care business_professional apprenticeship school_leaver higher_apprenticeship admin finance sales project_coord care Playworker Apprentice Playworker Apprentice Playworker Apprentice Playworker Apprentice Sports coach Sports coach Sports coach apprenticeship school leaver,seed
GLC543,JamesB Hair,Bristol,BS3,hospitality_retail,apprenticeship|school_leaver,customer_success|sales|ops|care|software,large,0,low,https://jamesbhair.co.uk,"Bristol employer (Bristol) with apprenticeship vacancies on Find an Apprenticeship. Recent roles include: Hair Professional Apprentice; Marketing Apprenticeship; Marketing Apprenticeship. Standards/frameworks: Hair professional, Marketing assistant, Marketing assistant.",JamesB Hair Bristol Bristol hospitality_retail apprenticeship school_leaver customer_success sales ops care software cyber Hair Professional Apprentice Marketing Apprenticeship Marketing Apprenticeship Level 2 Hair Apprentice Hair professional Marketing assistant Marketing assistant apprenticeship school leaver,seed
GLC544,Celly's Unisex Hair Salon,Weston Super Mare,BS23,hospitality_retail,apprenticeship|school_leaver,customer_success|sales|ops|care,large,0,low,https://cellys.co.uk,"Bristol employer (Weston Super Mare) with apprenticeship vacancies on Find an Apprenticeship. Recent roles include: Hair Apprentice; Hair Apprentice; Hair Apprentice. Standards/frameworks: Advanced and creative hair professional, Advanced and creative hair professional, Advanced and creative hair professional.",Celly's Unisex Hair Salon Weston Super Mare Bristol hospitality_retail apprenticeship school_leaver customer_success sales ops care Hair Apprentice Hair Apprentice Hair Apprentice Hair Apprentice Advanced and creative hair professional Advanced and creative hair professional Advanced and creative hair professional apprenticeship school leaver,seed
GLC545,Reflections Training Academy,Bristol,BS1,hospitality_tourism|business_professional,apprenticeship,customer_success|sales|ops|software|cyber,large,0,low,https://reflectionstraining.co.uk,"Bristol employer (Bristol) with apprenticeship vacancies on Find an Apprenticeship. Recent roles include: Advanced and creative hair professional apprenticeship; Audit Administration Apprenticeship; Audit Administration Apprenticeship. Standards/frameworks: Advanced and creative hair professional, Business administrator, Business administrator.",Reflections Training Academy Bristol Bristol hospitality_tourism business_professional apprenticeship customer_success sales ops software cyber admin finance project_coord events care Advanced and creative hair professional apprenticeship Audit Administration Apprenticeship Audit Administration Apprenticeship Audit Administrator Apprentice Advanced and creative hair professional Business administrator Business administrator apprenticeship school leaver,seed
GLC546,Excellect,Bristol,BS14,business_professional,apprenticeship,admin|finance|sales|project_coord|software,large,0,low,https://excellect.co.uk,"Bristol employer (Bristol) with apprenticeship vacancies on Find an Apprenticeship. Recent roles include: Business Administration Apprentice - Insurance; Office Administration Apprentice; Office Administration Apprentice. Standards/frameworks: Business administrator, Business administrator, Business administrator.",Excellect Bristol Bristol business_professional apprenticeship admin finance sales project_coord software Business Administration Apprentice - Insurance Office Administration Apprentice Office Administration Apprentice Office Administration Apprentice Business administrator Business administrator Business administrator apprenticeship school leaver,seed
GLC547,Clarkson Evans Limited,Gloucester,GL2,business_professional,apprenticeship|school_leaver,admin|finance|sales|project_coord|software,medium,0,medium,https://clarksonevans.co.uk/careers-with-clarkson-evans,"Gloucestershire employer (Gloucester) with apprenticeship vacancies on Find an Apprenticeship. Recent roles include: IT Support Apprentice; Business Administration Apprentice; Apprentice Electrician. Standards/frameworks: Information communications technician, Business administrator, Installation electrician and maintenance electrician.",CLARKSON EVANS LIMITED Gloucester Gloucestershire business_professional apprenticeship school_leaver admin finance sales project_coord software technician field_ops ops engineer_ops care IT Support Apprentice Business Administration Apprentice Apprentice Electrician Business Administrator Apprentice Information communications technician Business administrator Installation electrician and maintenance electrician apprenticeship school leaver,seed
GLC548,Colas Rail Limited,Bristol,BS34,aerospace_manufacturing,apprenticeship,technician|field_ops|ops|engineer_ops|manufacturing,medium,0,medium,https://colasrail.co.uk/careers,"Bristol employer (Bristol) with apprenticeship vacancies on Find an Apprenticeship. Recent roles include: Rail Engineering Surveying Technician Apprentice; Rail Engineering Technician Apprentice  - Signalling; Rail Engineering Technician Apprentice  - Track. Standards/frameworks: Surveying technician, Rail engineering technician, Rail engineering technician.",Colas Rail Limited Bristol Bristol aerospace_manufacturing apprenticeship technician field_ops ops engineer_ops manufacturing quality Rail Engineering Surveying Technician Apprentice Rail Engineering Technician Apprentice  - Signalling Rail Engineering Technician Apprentice  - Track Rail Engineering Technician Apprentice  -Signalling Surveying technician Rail engineering technician Rail engineering technician apprenticeship school leaver,seed
GLC549,Concrete Repairs Limited,Keynsham,BS31,construction_green,apprenticeship|higher_apprenticeship,technician|field_ops|ops|engineer_ops|software,medium,0,medium,https://crl-uk.com/join-the-team.php,"Bristol employer (Keynsham) with apprenticeship vacancies on Find an Apprenticeship. Recent roles include: Civil Engineering Apprenticeship; Civil Engineering Apprenticeship; Civil Engineering Apprenticeship. Standards/frameworks: Civil engineer (degree), Civil engineer (degree), Civil engineer (degree).",CONCRETE REPAIRS LIMITED Keynsham Bristol construction_green apprenticeship higher_apprenticeship technician field_ops ops engineer_ops software Civil Engineering Apprenticeship Civil Engineering Apprenticeship Civil Engineering Apprenticeship Civil Engineering Apprenticeship Civil engineer (degree) Civil engineer (degree) Civil engineer (degree) apprenticeship school leaver,seed
GLC550,Crew & Concierge Limited,Local Area,BS31,business_professional,apprenticeship,admin|finance|sales|project_coord|software,medium,0,low,https://crewandconcierge.com,"Bristol employer (Local Area) with apprenticeship vacancies on Find an Apprenticeship. Recent roles include: Apprentice Office Administrator; Apprentice Office Administrator; Apprentice Office Administrator. Standards/frameworks: Business administrator, Business administrator, Business administrator.",CREW & CONCIERGE LIMITED Local Area Bristol business_professional apprenticeship admin finance sales project_coord software Apprentice Office Administrator Apprentice Office Administrator Apprentice Office Administrator Apprentice Office Administrator Business administrator Business administrator Business administrator apprenticeship school leaver,seed
GLC551,Hargreaves Lansdown,Bristol,BS1,cyber_digital|business_professional,apprenticeship|higher_apprenticeship,software|cyber|data|analyst|engineer_ops,medium,0,low,https://www.hl.co.uk/careers,"Bristol employer (Bristol) with apprenticeship vacancies on Find an Apprenticeship. Recent roles include: Client Operations Apprenticeship; Software Engineering Apprenticeship; Client Contact Administration Apprentice. Standards/frameworks: Data technician, Software developer, Data technician.",Hargreaves Lansdown Bristol Bristol cyber_digital business_professional apprenticeship higher_apprenticeship software cyber data analyst engineer_ops admin finance sales project_coord Client Operations Apprenticeship Software Engineering Apprenticeship Client Contact Administration Apprentice End User Support Apprentice Data technician Software developer Data technician apprenticeship school leaver,seed
GLC552,Hayes Parsons Ltd,Bristol,BS1,business_professional,apprenticeship,admin|finance|sales|project_coord|software,medium,0,medium,https://hayesparsons.co.uk/vacancies,"Bristol employer (Bristol) with apprenticeship vacancies on Find an Apprenticeship. Recent roles include: Insurance Broker Apprenticeship; Insurance Broker Apprenticeship; Insurance Broker Apprenticeship. Standards/frameworks: Insurance practitioner, Insurance practitioner, Insurance practitioner.",HAYES PARSONS LTD Bristol Bristol business_professional apprenticeship admin finance sales project_coord software care Insurance Broker Apprenticeship Insurance Broker Apprenticeship Insurance Broker Apprenticeship Insurance Broker Apprenticeship Insurance practitioner Insurance practitioner Insurance practitioner apprenticeship school leaver,seed
GLC553,Hoare Lea LLP,Bristol,BS32,construction_green,apprenticeship|higher_apprenticeship,technician|field_ops|ops|engineer_ops|software,medium,0,medium,https://hoarelea.com/careers,"Bristol employer (Bristol) with apprenticeship vacancies on Find an Apprenticeship. Recent roles include: Building Services Design Engineer Apprentice - Bristol; Project Controls Apprentice - Bristol; Building Services Design Engineer Apprentice - Bristol. Standards/frameworks: Building services design engineer (degree), Project controls technician, Building services design engineer (degree).",HOARE LEA LLP Bristol Bristol construction_green apprenticeship higher_apprenticeship technician field_ops ops engineer_ops software manufacturing quality Building Services Design Engineer Apprentice - Bristol Project Controls Apprentice - Bristol Building Services Design Engineer Apprentice - Bristol Building Services Design Engineer Apprentice - Bristol Building services design engineer (degree) Project controls technician Building services design engineer (degree) apprenticeship school leaver,seed
GLC554,Hub8,Cheltenham,GL50,business_professional,apprenticeship,admin|finance|sales|project_coord|care,medium,0,low,https://hub8and.co,"Gloucestershire employer (Cheltenham) with apprenticeship vacancies on Find an Apprenticeship. Recent roles include: Business Administrator Apprentice at Growth Hub Cheltenham – Advanced Level 3; Business Admin Apprentice at Hub8; Business Administrator Apprentice at Growth Hub Cheltenham – Advanced Level 3. Standards/frameworks: Business administrator, Business administrator, Business administrator.",Hub8 Cheltenham Gloucestershire business_professional apprenticeship admin finance sales project_coord care Business Administrator Apprentice at Growth Hub Cheltenham – Advanced Level 3 Business Admin Apprentice at Hub8 Business Administrator Apprentice at Growth Hub Cheltenham – Advanced Level 3 Business Administrator Apprentice at Growth Hub Cheltenham – Advanced Level 3 Business administrator Business administrator Business administrator apprenticeship school leaver,seed
GLC555,OCS Group,Bristol,BS34,business_professional|hospitality_retail,apprenticeship|school_leaver,admin|finance|sales|project_coord|customer_success,medium,0,low,https://www.ocs.com/uk/careers,"Bristol employer (Bristol) with apprenticeship vacancies on Find an Apprenticeship. Recent roles include: Guest Services Host customer service apprentice at The Mall Cribbs Causeway; Guest Services Host customer service apprentice at The Mall Cribbs Causeway; Guest Services Host customer service apprentice. Standards/frameworks: Customer service practitioner, Customer service practitioner, Customer service practitioner.",INCENTIVE FM LIMITED Bristol Bristol business_professional hospitality_retail apprenticeship school_leaver admin finance sales project_coord customer_success Guest Services Host customer service apprentice at The Mall Cribbs Causeway Guest Services Host customer service apprentice at The Mall Cribbs Causeway Guest Services Host customer service apprentice Guest Services Host customer service apprentice Customer service practitioner Customer service practitioner Customer service practitioner apprenticeship school leaver,seed
GLC556,Keltruck Limited,Local Area,GL51,business_professional,apprenticeship,admin|finance|sales|project_coord|engineer_ops,medium,0,medium,https://keltruck.com/careers,"Gloucestershire employer (Local Area) with apprenticeship vacancies on Find an Apprenticeship. Recent roles include: Scania Heavy Vehicle Technician Apprenticeship; Scania Heavy Vehicle Technician Apprenticeship - SUMMER START; Scania Heavy Vehicle Technician Apprenticeship. Standards/frameworks: Heavy vehicle service and maintenance technician, Heavy vehicle service and maintenance technician, Heavy vehicle service and maintenance technician.",KELTRUCK LIMITED Local Area Gloucestershire business_professional apprenticeship admin finance sales project_coord engineer_ops Scania Heavy Vehicle Technician Apprenticeship Scania Heavy Vehicle Technician Apprenticeship - SUMMER START Scania Heavy Vehicle Technician Apprenticeship Scania Heavy Vehicle Technician Apprenticeship Heavy vehicle service and maintenance technician Heavy vehicle service and maintenance technician Heavy vehicle service and maintenance technician apprenticeship school leaver,seed
GLC557,Kings Court Trust Limited,Bristol,BS1,business_professional,apprenticeship|higher_apprenticeship,admin|finance|sales|project_coord|software,medium,0,low,https://kctrust.co.uk/careers,"Bristol employer (Bristol) with apprenticeship vacancies on Find an Apprenticeship. Recent roles include: Business Support Apprentice (Salary £21,000); Case Manager Apprentice; Case Manager Apprentice. Standards/frameworks: Business administrator, Business administrator, Business administrator.","KINGS COURT TRUST LIMITED Bristol Bristol business_professional apprenticeship higher_apprenticeship admin finance sales project_coord software cyber data analyst Business Support Apprentice (Salary £21,000) Case Manager Apprentice Case Manager Apprentice Data Analyst Apprentice Business administrator Business administrator Business administrator apprenticeship school leaver",seed
GLC558,LC Vehicle Hire,Bristol,BS11,business_professional,apprenticeship,admin|finance|sales|project_coord|care,medium,0,low,https://lcvehiclehire.com/vacancies,"Bristol employer (Bristol) with apprenticeship vacancies on Find an Apprenticeship. Recent roles include: Apprentice HGV Technician; Apprentice HGV Technician; Apprentice HGV Technician. Standards/frameworks: Heavy vehicle service and maintenance technician, Heavy vehicle service and maintenance technician, Heavy vehicle service and maintenance technician.",LC Vehicle Hire Bristol Bristol business_professional apprenticeship admin finance sales project_coord care Apprentice HGV Technician Apprentice HGV Technician Apprentice HGV Technician Apprentice HGV Technician Heavy vehicle service and maintenance technician Heavy vehicle service and maintenance technician Heavy vehicle service and maintenance technician apprenticeship school leaver,seed
GLC559,Marsh & McLennan Companies,Bristol,BS1,business_professional,apprenticeship,admin|finance|sales|project_coord|software,medium,0,low,https://careers.marshmclennan.com,"Bristol employer (Bristol) with apprenticeship vacancies on Find an Apprenticeship. Recent roles include: Financial Service Administrator Apprentice; Financial Service Administrator Apprentice; Mercer Insurance Apprenticeship Programme. Standards/frameworks: Insurance practitioner, Insurance practitioner, Insurance practitioner.",Marsh & McLennan Companies Bristol Bristol business_professional apprenticeship admin finance sales project_coord software care Financial Service Administrator Apprentice Financial Service Administrator Apprentice Mercer Insurance Apprenticeship Programme Financial Service Administrator Apprentice Insurance practitioner Insurance practitioner Insurance practitioner apprenticeship school leaver,seed
GLC560,Motofix Accident Repair Centres Limited,Gloucestershire.,GL7,aerospace_manufacturing,apprenticeship,engineer_ops|manufacturing|technician|quality|software,medium,0,medium,https://motofix-arc.co.uk/careers,"Gloucestershire employer (Gloucestershire.) with apprenticeship vacancies on Find an Apprenticeship. Recent roles include: Vehicle Painter / Prepper Technician Apprentice; Vehicle MET Technician Apprentice; Accident Repair Technician Apprentice Level 3. Standards/frameworks: Vehicle damage paint technician, Vehicle damage mechanical, electrical and trim (MET) technician, Accident repair technician.","MOTOFIX ACCIDENT REPAIR CENTRES LIMITED Gloucestershire. Gloucestershire aerospace_manufacturing apprenticeship engineer_ops manufacturing technician quality software Vehicle Painter / Prepper Technician Apprentice Vehicle MET Technician Apprentice Accident Repair Technician Apprentice Level 3 Accident Repair Technician Apprentice Level 3 Vehicle damage paint technician Vehicle damage mechanical, electrical and trim (MET) technician Accident repair technician apprenticeship school leaver",seed
GLC561,PIB Group Services,Gloucester,GL1,business_professional,apprenticeship|school_leaver,admin|finance|sales|project_coord|software,medium,0,low,https://pibgroup.co.uk/careers,"Gloucestershire employer (Gloucester) with apprenticeship vacancies on Find an Apprenticeship. Recent roles include: Assistant Client Handler (Specialisms) Apprentice; Customer Service Representative Apprentice; Operations Assistant Apprentice. Standards/frameworks: Insurance practitioner, Customer service practitioner, Business administrator.",PIB Group Services Gloucester Gloucestershire business_professional apprenticeship school_leaver admin finance sales project_coord software customer_success Assistant Client Handler (Specialisms) Apprentice Customer Service Representative Apprentice Operations Assistant Apprentice Customer Service Representative Apprentice Insurance practitioner Customer service practitioner Business administrator apprenticeship school leaver,seed
GLC562,Poeton Industries Limited,Gloucester,GL4,business_professional|aerospace_manufacturing,apprenticeship,admin|finance|sales|project_coord|software,medium,0,medium,https://poeton.co.uk/careers,"Gloucestershire employer (Gloucester) with apprenticeship vacancies on Find an Apprenticeship. Recent roles include: Apprentice Operator Inspector; Apprentice Operator Inspector; Chemical Technician Apprentice. Standards/frameworks: Laboratory technician, Engineering technician, Business administrator.",POETON INDUSTRIES LIMITED Gloucester Gloucestershire business_professional aerospace_manufacturing apprenticeship admin finance sales project_coord software care engineer_ops manufacturing technician quality Apprentice Operator Inspector Apprentice Operator Inspector Chemical Technician Apprentice Engineering Apprentice Laboratory technician Engineering technician Business administrator apprenticeship school leaver,seed
GLC563,Röchling Engineering Plastics,Gloucestershire,GL2,business_professional,apprenticeship,admin|finance|sales|project_coord|care,medium,0,high,https://www.roechling.com/careers,"Gloucestershire employer (Gloucestershire) with apprenticeship vacancies on Find an Apprenticeship. Recent roles include: Apprentice Machine Operator; Apprentice Machine Operator; Apprentice Machine Operator. Standards/frameworks: Business administrator, Information communications technician.",Rochling Engineering Plastics Gloucestershire Gloucestershire business_professional apprenticeship admin finance sales project_coord care software Apprentice Machine Operator Apprentice Machine Operator Apprentice Machine Operator Apprentice Machine Operator Business administrator Information communications technician apprenticeship school leaver,seed
GLC564,RSK Group Limited,Bristol,BS3,construction_green|business_professional,apprenticeship|school_leaver,technician|field_ops|ops|engineer_ops|admin,medium,0,low,https://rskgroup.com/careers,"Bristol employer (Bristol) with apprenticeship vacancies on Find an Apprenticeship. Recent roles include: Apprentice SHEQ Co-ordinator; Apprentice SHEQ Co-ordinator; Scaffold Apprentice. Standards/frameworks: Safety, health and environment technician, Safety, health and environment technician, Scaffolder.","RSK Group Limited Bristol Bristol construction_green business_professional apprenticeship school_leaver technician field_ops ops engineer_ops admin finance sales project_coord Apprentice SHEQ Co-ordinator Apprentice SHEQ Co-ordinator Scaffold Apprentice Scaffold Apprentice Safety, health and environment technician Safety, health and environment technician Scaffolder apprenticeship school leaver",seed
GLC565,Simpson Associates Consulting Ltd,Gloucester,GL3,construction_green,apprenticeship|higher_apprenticeship,technician|field_ops|ops|engineer_ops|software,medium,0,high,https://simpson-associates.co.uk/careers,"Gloucestershire employer (Gloucester) with apprenticeship vacancies on Find an Apprenticeship. Recent roles include: Structural Engineering Degree Apprenticeship position in Gloucester available; Structural Engineering Degree Apprenticeship position in Gloucester available; Civil Engineering Degree Apprenticeship positions in Gloucester available. Standards/frameworks: Civil engineer (degree), Civil engineer (degree), Civil engineer (degree).",SIMPSON ASSOCIATES CONSULTING LTD Gloucester Gloucestershire construction_green apprenticeship higher_apprenticeship technician field_ops ops engineer_ops software Structural Engineering Degree Apprenticeship position in Gloucester available Structural Engineering Degree Apprenticeship position in Gloucester available Civil Engineering Degree Apprenticeship positions in Gloucester available Civil Engineering Degree Apprenticeship positions in Gloucester available Civil engineer (degree) Civil engineer (degree) Civil engineer (degree) apprenticeship school leaver,seed
GLC566,Skanska UK Plc,Tewkesbury,GL20,construction_green,apprenticeship|higher_apprenticeship,technician|field_ops|ops|engineer_ops|software,medium,0,low,https://www.skanska.co.uk/about-skanska/careers,"Gloucestershire employer (Tewkesbury) with apprenticeship vacancies on Find an Apprenticeship. Recent roles include: Degree Apprentice M&E Project Engineer – 2025 - Bristol; Apprentice Mechanical & Electrical Building Maintenance Technician - 2024 - Bristol; Apprentice Quantity Surveyor - 2024 - Gloucester. Standards/frameworks: Building services design technician, Building services engineering service and maintenance engineer, Construction quantity surveying technician.",SKANSKA UK PLC Tewkesbury Gloucestershire construction_green apprenticeship higher_apprenticeship technician field_ops ops engineer_ops software Degree Apprentice M&E Project Engineer – 2025 - Bristol Apprentice Mechanical & Electrical Building Maintenance Technician - 2024 - Bristol Apprentice Quantity Surveyor - 2024 - Gloucester Construction Management - Apprenticeship 2023 - Gloucestershire Building services design technician Building services engineering service and maintenance engineer Construction quantity surveying technician apprenticeship school leaver,seed
GLC567,Space Engineering Services Limited,Bristol,BS16,business_professional,apprenticeship|higher_apprenticeship,admin|finance|sales|project_coord|software,medium,0,low,https://space-engineering.co.uk/work-with-us,"Bristol employer (Bristol) with apprenticeship vacancies on Find an Apprenticeship. Recent roles include: IT Helpdesk Engineer Apprentice; Logistical Office Administrator Apprentice; Logistical Office Administrator Apprentice. Standards/frameworks: Information communications technician, Business administrator, Business administrator.","SPACE ENGINEERING SERVICES LIMITED Bristol Bristol business_professional apprenticeship higher_apprenticeship admin finance sales project_coord software engineer_ops manufacturing technician quality IT Helpdesk Engineer Apprentice Logistical Office Administrator Apprentice Logistical Office Administrator Apprentice Apprentice Refrigeration, Air Conditioning and Heat Pump Engineer Information communications technician Business administrator Business administrator apprenticeship school leaver",seed
GLC568,Sunbelt Rentals UK,Bristol,BS11,aerospace_manufacturing,apprenticeship|school_leaver,admin|finance|sales|project_coord|software,medium,0,medium,https://www.sunbeltrentals.co.uk/careers,"Bristol employer (Bristol) with apprenticeship vacancies on Find an Apprenticeship. Recent roles include: Apprentice Construction Plant Maintenance Technician; Apprentice Construction Machinery Mechanic; Apprentice Construction Machinery Mechanic. Standards/frameworks: Land-based service engineer, Land-based service engineer, Land-based service engineer.",Sunbelt Rentals UK Bristol Bristol aerospace_manufacturing apprenticeship school_leaver admin finance sales project_coord software engineer_ops manufacturing technician quality Apprentice Construction Plant Maintenance Technician Apprentice Construction Machinery Mechanic Apprentice Construction Machinery Mechanic Apprentice Construction Machinery Mechanic Land-based service engineer Land-based service engineer Land-based service engineer apprenticeship school leaver,seed
GLC569,TBS Engineering Ltd,Brockworth,GL3,aerospace_manufacturing|business_professional,apprenticeship,engineer_ops|manufacturing|technician|quality|software,medium,0,low,https://tbseng.co.uk/careers,"Gloucestershire employer (Brockworth) with apprenticeship vacancies on Find an Apprenticeship. Recent roles include: Dual Skilled Engineering Apprentice; Engineering Machinist Apprentice; Engineering Technical Apprentice. Standards/frameworks: Engineering technician, Engineering technician, Engineering technician.",TBS Engineering Ltd Brockworth Gloucestershire aerospace_manufacturing business_professional apprenticeship engineer_ops manufacturing technician quality software admin finance sales project_coord Dual Skilled Engineering Apprentice Engineering Machinist Apprentice Engineering Technical Apprentice Dual Skilled Engineering Apprentice Engineering technician Engineering technician Engineering technician apprenticeship school leaver,seed
GLC570,T H White Ltd,Gloucestershire,GL54,business_professional,apprenticeship|school_leaver,admin|finance|sales|project_coord|care,medium,0,low,https://thwhite.co.uk/careers,"Gloucestershire employer (Gloucestershire) with apprenticeship vacancies on Find an Apprenticeship. Recent roles include: Apprentice Part Sales Specialist - Knockdown; Apprentice Parts Sales Specialist - Toddington; Apprentice Part Sales Specialist - Knockdown. Standards/frameworks: Supply chain operator, Supply chain operator, Supply chain operator.",T H White Ltd Gloucestershire Gloucestershire business_professional apprenticeship school_leaver admin finance sales project_coord care Apprentice Part Sales Specialist - Knockdown Apprentice Parts Sales Specialist - Toddington Apprentice Part Sales Specialist - Knockdown Apprentice Parts Sales Specialist - Toddington Supply chain operator Supply chain operator Supply chain operator apprenticeship school leaver,seed
GLC571,The Building Safety Group Ltd,Rudgeway,BS35,business_professional|construction_green,apprenticeship,technician|field_ops|ops|engineer_ops|admin,medium,0,low,https://bsgltd.co.uk/about/work-with-us,"Bristol employer (Rudgeway) with apprenticeship vacancies on Find an Apprenticeship. Recent roles include: Safety, Health and Environment Technician Apprentice; Safety, Health and Environment Technician Apprentice; Safety, Health and Environment Technician Apprentice. Standards/frameworks: Safety, health and environment technician, Safety, health and environment technician, Safety, health and environment technician.","THE BUILDING SAFETY GROUP LTD Rudgeway Bristol business_professional construction_green apprenticeship technician field_ops ops engineer_ops admin Safety, Health and Environment Technician Apprentice Safety, Health and Environment Technician Apprentice Safety, Health and Environment Technician Apprentice Safety, Health and Environment Technician Apprentice Safety, health and environment technician Safety, health and environment technician Safety, health and environment technician apprenticeship school leaver",seed
GLC572,The Great British Card Company,Haresfield,GL10,business_professional|hospitality_retail,apprenticeship|school_leaver,admin|finance|sales|project_coord|customer_success,medium,0,low,https://greatbritishcards.co.uk,"Gloucestershire employer (Haresfield) with apprenticeship vacancies on Find an Apprenticeship. Recent roles include: Customer Service L2 Apprenticeship; Customer Service L2 Apprenticeship; Customer Service L2 Apprenticeship. Standards/frameworks: Customer service practitioner, Customer service practitioner, Customer service practitioner.",THE GREAT BRITISH CARD COMPANY (GBCC) LIMITED Haresfield Gloucestershire business_professional hospitality_retail apprenticeship school_leaver admin finance sales project_coord customer_success Customer Service L2 Apprenticeship Customer Service L2 Apprenticeship Customer Service L2 Apprenticeship Customer Service L2 Apprenticeship Customer service practitioner Customer service practitioner Customer service practitioner apprenticeship school leaver,seed
GLC573,Virgin Media Limited,Bristol,BS4,construction_green,apprenticeship|school_leaver|higher_apprenticeship,technician|field_ops|ops|engineer_ops|manufacturing,medium,0,medium,https://careers.virginmediao2.co.uk,"Bristol employer (Bristol) with apprenticeship vacancies on Find an Apprenticeship. Recent roles include: Field Engineer Apprenticeship; Field Technician Apprentice; Field Technician Apprentice. Standards/frameworks: Telecoms field operative, Telecoms field operative, Telecoms field operative.",VIRGIN MEDIA LIMITED Bristol Bristol construction_green apprenticeship school_leaver higher_apprenticeship technician field_ops ops engineer_ops manufacturing care software cyber data analyst admin finance sales project_coord Field Engineer Apprenticeship Field Technician Apprentice Field Technician Apprentice Network Engineer Apprentice Telecoms field operative Telecoms field operative Telecoms field operative apprenticeship school leaver,seed
GLC574,Vistry Group,Cheltenham,BS8,construction_green,apprenticeship|higher_apprenticeship,technician|field_ops|ops|engineer_ops|software,medium,0,low,https://vistrycareers.co.uk,"Bristol employer (Cheltenham) with apprenticeship vacancies on Find an Apprenticeship. Recent roles include: Commercial Apprentice; Commercial Apprentice; Commercial Apprentice. Standards/frameworks: Construction quantity surveying technician, Construction quantity surveying technician, Construction quantity surveying technician.",Vistry Group Cheltenham Bristol construction_green apprenticeship higher_apprenticeship technician field_ops ops engineer_ops software care admin finance sales project_coord Commercial Apprentice Commercial Apprentice Commercial Apprentice Apprentice Assistant Site Manager Construction quantity surveying technician Construction quantity surveying technician Construction quantity surveying technician apprenticeship school leaver,seed
GLC575,VP Plc,Weston-Super-Mare,BS23,aerospace_manufacturing,apprenticeship|school_leaver,engineer_ops|manufacturing|technician|quality,medium,0,low,https://vpplc.com/careers,"Bristol employer (Weston-Super-Mare) with apprenticeship vacancies on Find an Apprenticeship. Recent roles include: Vp Engineering Apprenticeship; Apprentice Service Engineer; Apprentice Service Engineer. Standards/frameworks: Land-based service engineer, Land-based service engineer, Land-based service engineer.",VP PLC - Brandon Hire Station Weston-Super-Mare Bristol aerospace_manufacturing apprenticeship school_leaver engineer_ops manufacturing technician quality Vp Engineering Apprenticeship Apprentice Service Engineer Apprentice Service Engineer Apprentice Service Engineer Land-based service engineer Land-based service engineer Land-based service engineer apprenticeship school leaver,seed
GLC576,Warburtons Limited,Bristol,BS35,aerospace_manufacturing|business_professional,apprenticeship|higher_apprenticeship,admin|finance|sales|project_coord|engineer_ops,medium,0,medium,https://careers.warburtons.co.uk,"Bristol employer (Bristol) with apprenticeship vacancies on Find an Apprenticeship. Recent roles include: Apprentice Engineer; 25-0013 Apprentice Software and Control Engineer; 25-0013 Apprentice Software and Control Engineer. Standards/frameworks: Control technical support engineer, Control technical support engineer, Engineering technician.",WARBURTONS LIMITED Bristol Bristol aerospace_manufacturing business_professional apprenticeship higher_apprenticeship admin finance sales project_coord engineer_ops manufacturing technician quality software Apprentice Engineer 25-0013 Apprentice Software and Control Engineer 25-0013 Apprentice Software and Control Engineer Apprentice Engineer Control technical support engineer Control technical support engineer Engineering technician apprenticeship school leaver,seed
GLC577,Yunex Limited,Bristol,BS11,construction_green|aerospace_manufacturing,apprenticeship,technician|field_ops|ops|engineer_ops|software,medium,0,low,https://www.yunextraffic.com/uk/en/careers,"Bristol employer (Bristol) with apprenticeship vacancies on Find an Apprenticeship. Recent roles include: Apprentice Electrical Engineer - Bristol; Apprentice Electrical Engineer - Bristol; Field Services Installation Technician Apprentice L3 - Bristol. Standards/frameworks: Maintenance and operations engineering technician, Maintenance and operations engineering technician, Engineering fitter.",YUNEX LIMITED Bristol Bristol construction_green aerospace_manufacturing apprenticeship technician field_ops ops engineer_ops software manufacturing quality Apprentice Electrical Engineer - Bristol Apprentice Electrical Engineer - Bristol Field Services Installation Technician Apprentice L3 - Bristol Field Services Installation Technician Apprentice L3 - Bristol Maintenance and operations engineering technician Maintenance and operations engineering technician Engineering fitter apprenticeship school leaver,seed
GLC578,Gillespie BS Limited,Bristol,BS7,business_professional,apprenticeship,admin|finance|sales|project_coord|software,medium,0,low,https://gillespiebs.co.uk,"Bristol employer (Bristol) with apprenticeship vacancies on Find an Apprenticeship. Recent roles include: Accounts Assistant Apprentice; Accounts Assistant Apprentice; Accounts Assistant Apprentice. Standards/frameworks: Assistant accountant, Assistant accountant, Assistant accountant.",GILLESPIE BS LIMITED Bristol Bristol business_professional apprenticeship admin finance sales project_coord software Accounts Assistant Apprentice Accounts Assistant Apprentice Accounts Assistant Apprentice Accounts Assistant Apprentice Assistant accountant Assistant accountant Assistant accountant apprenticeship school leaver,seed
GLC579,Arcadis (UK) Limited,Bristol,BS2,construction_green,apprenticeship|higher_apprenticeship,technician|field_ops|ops|engineer_ops|software,medium,0,low,https://careers.arcadis.com,"Bristol employer (Bristol) with apprenticeship vacancies on Find an Apprenticeship. Recent roles include: Apprentice - Quantity Surveyor; Apprentice Civil Engineer; Apprentice Design & Construction Information Management Technician. Standards/frameworks: Chartered surveyor (degree), Civil engineer (degree), Construction design and build technician.",ARCADIS (UK) LIMITED Bristol Bristol construction_green apprenticeship higher_apprenticeship technician field_ops ops engineer_ops software cyber Apprentice - Quantity Surveyor Apprentice Civil Engineer Apprentice Design & Construction Information Management Technician Apprentice Flood Risk & Hydrology Consultant Chartered surveyor (degree) Civil engineer (degree) Construction design and build technician apprenticeship school leaver,seed
GLC580,Cathedral Schools Trust,Bristol,BS2,education_training,apprenticeship|school_leaver,teaching_support|admin|care|software|cyber,medium,0,low,https://cathedralschoolstrust.org.uk/vacancies,"Bristol employer (Bristol) with apprenticeship vacancies on Find an Apprenticeship. Recent roles include: School Site Maintenance Apprentice; School Site Maintenance Apprentice; School Site Maintenance Apprentice. Standards/frameworks: Property maintenance operative, Property maintenance operative, Property maintenance operative.",CATHEDRAL SCHOOLS TRUST Bristol Bristol education_training apprenticeship school_leaver teaching_support admin care software cyber School Site Maintenance Apprentice School Site Maintenance Apprentice School Site Maintenance Apprentice School Site Maintenance Apprentice Property maintenance operative Property maintenance operative Property maintenance operative apprenticeship school leaver,seed
GLC581,St Michaels Stoke Gifford PCC,Bristol,BS34,education_training|health_care,apprenticeship,teaching_support|admin|care|software|cyber,medium,0,low,https://stmichaelsbristol.org,"Bristol employer (Bristol) with apprenticeship vacancies on Find an Apprenticeship. Recent roles include: Level 3 Early Years Educator Apprentice; Level 3 Early Years Educator Apprentice; Level 3 Early Years Educator Apprentice. Standards/frameworks: Early years educator, Early years educator, Early years educator.",ST MICHAELS STOKE GIFFORD P C C Bristol Bristol education_training health_care apprenticeship teaching_support admin care software cyber Level 3 Early Years Educator Apprentice Level 3 Early Years Educator Apprentice Level 3 Early Years Educator Apprentice Level 3 Early Years Educator Apprentice Early years educator Early years educator Early years educator apprenticeship school leaver,seed
GLC582,St Michael's Primary School,Bristol,BS36,education_training,apprenticeship,teaching_support|admin|care|software|cyber,medium,0,low,https://stmichaelsprimary.co.uk,"Bristol employer (Bristol) with apprenticeship vacancies on Find an Apprenticeship. Recent roles include: Apprentice Teaching Assistant Level 3; Apprentice Teaching Assistant Level 3; Apprentice Teaching Assistant. Standards/frameworks: Teaching assistant, Teaching assistant, Teaching assistant.",St Michael’s Primary School Bristol Bristol education_training apprenticeship teaching_support admin care software cyber Apprentice Teaching Assistant Level 3 Apprentice Teaching Assistant Level 3 Apprentice Teaching Assistant Business Administration Apprentice Teaching assistant Teaching assistant Teaching assistant apprenticeship school leaver,seed
GLC583,Gloucester City Council,Gloucester,GL1,business_professional|public_sector,apprenticeship|higher_apprenticeship,admin|finance|sales|project_coord|software,medium,0,low,https://www.gloucester.gov.uk/jobs-and-careers,"Gloucestershire employer (Gloucester) with apprenticeship vacancies on Find an Apprenticeship. Recent roles include: IT Support Apprentice; IT Support Apprentice; Customer Service & Technology Apprentice. Standards/frameworks: Information communications technician, Information communications technician, Customer service specialist.",Gloucester City Council Gloucester Gloucestershire business_professional public_sector apprenticeship higher_apprenticeship admin finance sales project_coord software customer_success ops project_support cyber IT Support Apprentice IT Support Apprentice Customer Service & Technology Apprentice Business Administration Apprentice Information communications technician Information communications technician Customer service specialist apprenticeship school leaver,seed
GLC584,National Highways,Bristol,BS1,business_professional|aerospace_manufacturing,apprenticeship|higher_apprenticeship,admin|finance|sales|project_coord|software,medium,0,low,https://careers.nationalhighways.co.uk,"Bristol employer (Bristol) with apprenticeship vacancies on Find an Apprenticeship. Recent roles include: Project Management Digital Services Apprenticeship Level 4; Commercial Procurement Apprenticeship Level 4; Regulatory Compliance Officer  Apprenticeship Level 4. Standards/frameworks: Associate project manager, Commercial procurement and supply (formerly Public sector commercial professional), Regulatory compliance officer.",National Highways Bristol Bristol business_professional aerospace_manufacturing apprenticeship higher_apprenticeship admin finance sales project_coord software ops project_support cyber data analyst engineer_ops manufacturing technician quality Project Management Digital Services Apprenticeship Level 4 Commercial Procurement Apprenticeship Level 4 Regulatory Compliance Officer  Apprenticeship Level 4 Data Analyst Apprenticeship Level 4 Associate project manager Commercial procurement and supply (formerly Public sector commercial professional) Regulatory compliance officer apprenticeship school leaver,seed
GLC585,NHS Blood and Transplant,County Of Bristol,BS34,business_professional,apprenticeship,admin|finance|sales|project_coord|software,medium,0,low,https://www.nhsbt.nhs.uk/careers,"Bristol employer (County Of Bristol) with apprenticeship vacancies on Find an Apprenticeship. Recent roles include: Senior PA Apprentice; Buyer - Administration Apprentice; Buyer - Administration Apprentice. Standards/frameworks: Business administrator, Business administrator, Business administrator.",NHS Blood and Transplant County Of Bristol Bristol business_professional apprenticeship admin finance sales project_coord software customer_success Senior PA Apprentice Buyer - Administration Apprentice Buyer - Administration Apprentice Apprentice Admin Assistant Business administrator Business administrator Business administrator apprenticeship school leaver,seed
GLC586,The Environment Agency,Somerset,BS1,business_professional|cyber_digital,apprenticeship|higher_apprenticeship,software|cyber|data|analyst|admin,medium,0,low,https://environmentagencycareers.co.uk,"Bristol employer (Somerset) with apprenticeship vacancies on Find an Apprenticeship. Recent roles include: Data Analyst Apprenticeship (Level 4); Data Analyst Apprenticeship (Level 4); Associate Project Manager Apprenticeship (Level 4). Standards/frameworks: Data analyst, Data analyst, Associate project manager.",The Environment Agency Somerset Bristol business_professional cyber_digital apprenticeship higher_apprenticeship software cyber data analyst admin finance sales project_coord Data Analyst Apprenticeship (Level 4) Data Analyst Apprenticeship (Level 4) Associate Project Manager Apprenticeship (Level 4) Apprentice Industrial Environmental Policy Officer (Level 4) Data analyst Data analyst Associate project manager apprenticeship school leaver,seed
GLC587,Evergreen Primary Academy,"Waverley St, Easton, Bristol",BS5,education_training,apprenticeship,teaching_support|admin|care|software|cyber,medium,0,low,https://evergreenprimary.academy,"Bristol employer (Waverley St, Easton, Bristol) with apprenticeship vacancies on Find an Apprenticeship. Recent roles include: Teaching Assistant Apprentice; Teaching Assistant Apprentice; Teaching Assistant Apprentice. Standards/frameworks: Teaching assistant, Teaching assistant, Teaching assistant.","Evergreen Primary Academy Waverley St, Easton, Bristol Bristol education_training apprenticeship teaching_support admin care software cyber Teaching Assistant Apprentice Teaching Assistant Apprentice Teaching Assistant Apprentice Apprentice Teaching Assistant Level 3 Teaching assistant Teaching assistant Teaching assistant apprenticeship school leaver",seed
GLC588,Oldmixon Primary School,Weston-Super-Mare,BS24,education_training|health_care,apprenticeship|school_leaver,teaching_support|admin|care,medium,0,low,https://oldmixon.n-somerset.sch.uk,"Bristol employer (Weston-Super-Mare) with apprenticeship vacancies on Find an Apprenticeship. Recent roles include: Early Years Practitioner Apprentice; Early Years Practitioner Apprentice; Early Years Practitioner Apprentice. Standards/frameworks: Early years practitioner, Early years practitioner, Early years practitioner.",Oldmixon Primary School Weston-Super-Mare Bristol education_training health_care apprenticeship school_leaver teaching_support admin care Early Years Practitioner Apprentice Early Years Practitioner Apprentice Early Years Practitioner Apprentice Early Years Practitioner Apprentice Early years practitioner Early years practitioner Early years practitioner apprenticeship school leaver,seed
GLC589,Coniston Surgery,Bristol,BS34,business_professional,apprenticeship,admin|finance|sales|project_coord|software,medium,0,low,https://conistonmedicalpractice.nhs.uk,"Bristol employer (Bristol) with apprenticeship vacancies on Find an Apprenticeship. Recent roles include: Medical Secretary Apprentice; Medical Secretary Apprentice; Medical Secretary Apprentice. Standards/frameworks: Business administrator, Business administrator, Business administrator.",Coniston Surgery Bristol Bristol business_professional apprenticeship admin finance sales project_coord software Medical Secretary Apprentice Medical Secretary Apprentice Medical Secretary Apprentice Patient Co-ordinator Apprentice Business administrator Business administrator Business administrator apprenticeship school leaver,seed
GLC590,Flexy Care Limited,Dursley,GL11,business_professional,apprenticeship,admin|finance|sales|project_coord|software,medium,0,low,https://flexycare.co.uk,"Gloucestershire employer (Dursley) with apprenticeship vacancies on Find an Apprenticeship. Recent roles include: Business Administration Apprentice; Business Administration Apprentice; Business Administration Apprentice. Standards/frameworks: Business administrator, Business administrator, Business administrator.",FLEXY CARE LIMITED Dursley Gloucestershire business_professional apprenticeship admin finance sales project_coord software Business Administration Apprentice Business Administration Apprentice Business Administration Apprentice Business Administration Apprentice Business administrator Business administrator Business administrator apprenticeship school leaver,seed
GLC591,Milestones Trust,Local Area,BS15,health_care,apprenticeship,care|admin,medium,0,low,https://milestonestrust.org.uk/work-for-us,"Bristol employer (Local Area) with apprenticeship vacancies on Find an Apprenticeship. Recent roles include: Support Worker Apprentice; Support Worker Apprentice; Support Worker Apprentice. Standards/frameworks: Lead adult care worker, Lead adult care worker, Lead adult care worker.",Milestones Trust - Mulberry House Local Area Bristol health_care apprenticeship care admin Support Worker Apprentice Support Worker Apprentice Support Worker Apprentice Support Worker Apprentice Lead adult care worker Lead adult care worker Lead adult care worker apprenticeship school leaver,seed
GLC592,Nazareth Care Charitable Trust,Cheltenham,GL52,business_professional|health_care,apprenticeship|school_leaver,admin|finance|sales|project_coord|software,medium,0,low,https://nazarethcare.co.uk,"Gloucestershire employer (Cheltenham) with apprenticeship vacancies on Find an Apprenticeship. Recent roles include: Care Home Administration Apprentice; Care Home Administration Apprentice; Care Home Administration Apprentice. Standards/frameworks: Business administrator, Business administrator, Business administrator.",NAZARETH CARE CHARITABLE TRUST Cheltenham Gloucestershire business_professional health_care apprenticeship school_leaver admin finance sales project_coord software care Care Home Administration Apprentice Care Home Administration Apprentice Care Home Administration Apprentice Care Home Administration Apprentice Business administrator Business administrator Business administrator apprenticeship school leaver,seed
GLC593,Access Your Care Limited,Weston-Super-Mare,BS24,health_care,apprenticeship|school_leaver,care|admin|finance|sales|project_coord,medium,0,low,https://accessyourcare.co.uk,"Bristol employer (Weston-Super-Mare) with apprenticeship vacancies on Find an Apprenticeship. Recent roles include: Adult Care Worker Apprentice; Business Admin Apprentice; Adult Care Worker Apprentice. Standards/frameworks: Adult care worker, Business administrator, Adult care worker.",ACCESS YOUR CARE LIMITED Weston-Super-Mare Bristol health_care apprenticeship school_leaver care admin finance sales project_coord software Adult Care Worker Apprentice Business Admin Apprentice Adult Care Worker Apprentice Adult Care Worker Apprentice Adult care worker Business administrator Adult care worker apprenticeship school leaver,seed
GLC594,Folly Farm Day Nursery Limited,Somerset,BS21,education_training|health_care,apprenticeship|school_leaver,teaching_support|admin|care,medium,0,low,https://follyfarmdaynursery.co.uk,"Bristol employer (Somerset) with apprenticeship vacancies on Find an Apprenticeship. Recent roles include: Early Years Educator Apprentice; Early Years Educator Apprentice; Level 2 Early Years Practitioner Apprentice. Standards/frameworks: Early years educator, Early years educator, Early years practitioner.",FOLLY FARM DAY NURSERY LIMITED Somerset Bristol education_training health_care apprenticeship school_leaver teaching_support admin care Early Years Educator Apprentice Early Years Educator Apprentice Level 2 Early Years Practitioner Apprentice Early Years Apprentice Early years educator Early years educator Early years practitioner apprenticeship school leaver,seed
GLC595,My Ohana Day Nursery,Cheltenham,GL51,education_training|health_care,apprenticeship,teaching_support|admin|care,medium,0,high,https://myohana.co.uk/careers,"Gloucestershire employer (Cheltenham) with apprenticeship vacancies on Find an Apprenticeship. Recent roles include: Early Years Apprentice; Early Years Educator apprentice at My Ohana Day Nursery; Early Years Educator apprentice at My Ohana Day Nursery. Standards/frameworks: Early years educator, Early years educator, Early years educator.",My Ohana Day Nursery Cheltenham Gloucestershire education_training health_care apprenticeship teaching_support admin care Early Years Apprentice Early Years Educator apprentice at My Ohana Day Nursery Early Years Educator apprentice at My Ohana Day Nursery Early Years Educator Apprentice Early years educator Early years educator Early years educator apprenticeship school leaver,seed
GLC596,Olveston Pre-School,Tockington,BS32,education_training|health_care,apprenticeship,teaching_support|admin|care,medium,0,medium,https://olvestonpreschool.co.uk,"Bristol employer (Tockington) with apprenticeship vacancies on Find an Apprenticeship. Recent roles include: Pre-school apprentice; Pre-school apprentice; Pre-school apprentice. Standards/frameworks: Early years educator, Early years educator, Early years educator.",OLVESTON PRE-SCHOOL Tockington Bristol education_training health_care apprenticeship teaching_support admin care Pre-school apprentice Pre-school apprentice Pre-school apprentice Pre-school apprentice Early years educator Early years educator Early years educator apprenticeship school leaver,seed
GLC597,Notting Hill Day Nursery,Axbridge,BS26,education_training|health_care,apprenticeship,teaching_support|admin|care,medium,0,low,https://nottinghilldaynursery.co.uk,"Bristol employer (Axbridge) with apprenticeship vacancies on Find an Apprenticeship. Recent roles include: Early Years Apprentice; Early Years Apprentice; Level 3 Early Years Educator Apprenticeship at Notting Hill Day Nursery, Axbridge. Standards/frameworks: Early years educator, Early years educator, Early years educator.","Notting Hill Day Nursery Axbridge Bristol education_training health_care apprenticeship teaching_support admin care Early Years Apprentice Early Years Apprentice Level 3 Early Years Educator Apprenticeship at Notting Hill Day Nursery, Axbridge Early Years Apprentice Early years educator Early years educator Early years educator apprenticeship school leaver",seed
GLC598,Play Station Nursery Ltd,Bristol,BS34,education_training|health_care,apprenticeship,teaching_support|admin|care|software|cyber,medium,0,low,https://playstationnursery.co.uk,"Bristol employer (Bristol) with apprenticeship vacancies on Find an Apprenticeship. Recent roles include: Early Years Educator Level 3 Apprentice; Early Years Educator Level 3 Apprentice; Early Years Educator Level 3 Apprentice. Standards/frameworks: Early years educator, Early years educator, Early years educator.",PLAY STATION NURSERY LTD Bristol Bristol education_training health_care apprenticeship teaching_support admin care software cyber Early Years Educator Level 3 Apprentice Early Years Educator Level 3 Apprentice Early Years Educator Level 3 Apprentice Level 3 Early Years Educator Apprentice Early years educator Early years educator Early years educator apprenticeship school leaver,seed
GLC599,The Gooseberry Bush Day Nursery Ltd,Kemble,GL7,education_training|health_care,apprenticeship,teaching_support|admin|care,medium,0,low,https://gooseberrybushnursery.co.uk,"Gloucestershire employer (Kemble) with apprenticeship vacancies on Find an Apprenticeship. Recent roles include: Apprentice Early Years Educator - Gooseberry Bush - GL7 6BQ; Apprentice Early Years Educator - Gooseberry Bush - GL7 6BQ; Apprentice Early Years Educator - Gooseberry Bush - GL7 6BQ. Standards/frameworks: Early years educator, Early years educator, Early years educator.",THE GOOSEBERRY BUSH DAY NURSERY LTD Kemble Gloucestershire education_training health_care apprenticeship teaching_support admin care Apprentice Early Years Educator - Gooseberry Bush - GL7 6BQ Apprentice Early Years Educator - Gooseberry Bush - GL7 6BQ Apprentice Early Years Educator - Gooseberry Bush - GL7 6BQ Apprentice Early Years Educator - Gooseberry Bush - GL7 6BQ Early years educator Early years educator Early years educator apprenticeship school leaver,seed
GLC600,Côte Restaurant Group Ltd,Gloucester,GL1,hospitality_tourism,apprenticeship|school_leaver,customer_success|ops|events|care,medium,0,low,https://jobs.cote.co.uk,"Gloucestershire employer (Gloucester) with apprenticeship vacancies on Find an Apprenticeship. Recent roles include: Apprentice Chef; Apprentice Chef; Apprentice Chef. Standards/frameworks: Commis chef, Commis chef, Commis chef.",COTE RESTAURANT GROUP LTD Gloucester Gloucestershire hospitality_tourism apprenticeship school_leaver customer_success ops events care Apprentice Chef Apprentice Chef Apprentice Chef Apprentice Waiter/Waitress Commis chef Commis chef Commis chef apprenticeship school leaver,seed
GLC601,Savers,Bristol,BS23,hospitality_retail,apprenticeship|school_leaver,customer_success|sales|ops|care,medium,0,low,https://savers.jobs,"Bristol employer (Bristol) with apprenticeship vacancies on Find an Apprenticeship. Recent roles include: Apprentice Retail Sales Assistant; Apprentice Retail Sales Assistant; Apprentice Retail Sales Assistant. Standards/frameworks: Retailer, Retailer, Retailer.",Savers Stores Bristol Bristol hospitality_retail apprenticeship school_leaver customer_success sales ops care Apprentice Retail Sales Assistant Apprentice Retail Sales Assistant Apprentice Retail Sales Assistant Apprentice Retail Sales Assistant Retailer Retailer Retailer apprenticeship school leaver,seed
GLC602,Peacocks,Bristol,BS23,hospitality_retail,apprenticeship|higher_apprenticeship,customer_success|sales|ops|software|cyber,medium,0,low,https://peacocks.co.uk/careers,"Bristol employer (Bristol) with apprenticeship vacancies on Find an Apprenticeship. Recent roles include: Store Manager Apprentice - Peacocks; Store Manager Apprentice - Peacocks; Store Manager Apprentice - Peacocks. Standards/frameworks: Retail manager, Retail manager, Retail manager.",Peacocks Bristol Bristol hospitality_retail apprenticeship higher_apprenticeship customer_success sales ops software cyber Store Manager Apprentice - Peacocks Store Manager Apprentice - Peacocks Store Manager Apprentice - Peacocks Assistant Store Manager Apprentice Peacocks Retail manager Retail manager Retail manager apprenticeship school leaver,seed
GLC603,Cor Restaurant Limited,Bristol,BS3,hospitality_tourism,apprenticeship|school_leaver,customer_success|ops|events|care,medium,0,low,https://correstaurant.com,"Bristol employer (Bristol) with apprenticeship vacancies on Find an Apprenticeship. Recent roles include: Apprentice Commis Chef Level 2; Apprentice Commis Chef Level 2; Apprentice Production Chef. Standards/frameworks: Commis chef, Commis chef, Production chef.",COR RESTAURANT LIMITED Bristol Bristol hospitality_tourism apprenticeship school_leaver customer_success ops events care Apprentice Commis Chef Level 2 Apprentice Commis Chef Level 2 Apprentice Production Chef Hospitality Team Member Apprentice Commis chef Commis chef Production chef apprenticeship school leaver,seed
GLC604,Latona Leisure Ltd,Axbridge,BS26,hospitality_tourism,apprenticeship|school_leaver,customer_success|ops|events,medium,0,low,https://latonahotels.co.uk,"Bristol employer (Axbridge) with apprenticeship vacancies on Find an Apprenticeship. Recent roles include: Hospitality Team Member Apprentice; Hospitality Team Member Apprentice; Hospitality Team Member Apprentice. Standards/frameworks: Hospitality team member, Hospitality team member, Hospitality team member.",LATONA LEISURE LTD Axbridge Bristol hospitality_tourism apprenticeship school_leaver customer_success ops events Hospitality Team Member Apprentice Hospitality Team Member Apprentice Hospitality Team Member Apprentice Hospitality Team Member Apprentice Hospitality team member Hospitality team member Hospitality team member apprenticeship school leaver,seed
GLC605,Season and Taste Limited,Bristol,BS1,hospitality_tourism,apprenticeship|school_leaver,customer_success|ops|events|care,medium,0,low,https://seasonandtaste.co.uk,"Bristol employer (Bristol) with apprenticeship vacancies on Find an Apprenticeship. Recent roles include: Commis Chef Apprentice; Commis Chef Apprentice; Commis Chef Apprentice. Standards/frameworks: Commis chef, Commis chef, Commis chef.",SEASON AND TASTE LIMITED Bristol Bristol hospitality_tourism apprenticeship school_leaver customer_success ops events care Commis Chef Apprentice Commis Chef Apprentice Commis Chef Apprentice Commis Chef Apprentice Commis chef Commis chef Commis chef apprenticeship school leaver,seed
GLC606,Steak of the Art Ltd,Bristol,BS1,hospitality_tourism,apprenticeship|school_leaver,customer_success|ops|events|care,medium,0,low,https://steakoftheart.co.uk,"Bristol employer (Bristol) with apprenticeship vacancies on Find an Apprenticeship. Recent roles include: Commis Chef Apprentice; Commis Chef Apprentice; Apprentice Hospitality Team Member (Level 2). Standards/frameworks: Commis chef, Commis chef, Hospitality team member.",Steak Of The Art Ltd Bristol Bristol hospitality_tourism apprenticeship school_leaver customer_success ops events care Commis Chef Apprentice Commis Chef Apprentice Apprentice Hospitality Team Member (Level 2) Apprentice Hospitality Team Member (Level 2) Commis chef Commis chef Hospitality team member apprenticeship school leaver,seed
GLC607,The Gables Hotel Ltd,South Gloucestershire,GL12,hospitality_tourism,apprenticeship|school_leaver,customer_success|ops|events|care,medium,0,low,https://thegablesbristol.co.uk,"Gloucestershire employer (South Gloucestershire) with apprenticeship vacancies on Find an Apprenticeship. Recent roles include: Chef Apprentice; Front of House Apprentice; Front of House Apprentice. Standards/frameworks: Commis chef, Hospitality team member, Hospitality team member.",The Gables Hotel LTD South Gloucestershire Gloucestershire hospitality_tourism apprenticeship school_leaver customer_success ops events care Chef Apprentice Front of House Apprentice Front of House Apprentice Chef Apprentice Commis chef Hospitality team member Hospitality team member apprenticeship school leaver,seed
GLC608,P H Sport Coaching Ltd,Bristol,BS20,health_care,apprenticeship|higher_apprenticeship|school_leaver,care|admin|software|cyber,medium,0,low,https://phsports.co.uk,"Bristol employer (Bristol) with apprenticeship vacancies on Find an Apprenticeship. Recent roles include: PE and Sports Coach Apprentice (Community Activator Coach Apprenticeship); Apprentice PE Specialist / Primary School Sports Coach - Level 4; Apprentice PE Specialist / Primary School Sports Coach - Level 4. Standards/frameworks: Sports coach, Sports coach, Sports coach.",P H SPORT COACHING LTD Bristol Bristol health_care apprenticeship higher_apprenticeship school_leaver care admin software cyber PE and Sports Coach Apprentice (Community Activator Coach Apprenticeship) Apprentice PE Specialist / Primary School Sports Coach - Level 4 Apprentice PE Specialist / Primary School Sports Coach - Level 4 Apprentice PE Specialist / Primary School Sports Coach - Level 4 Sports coach Sports coach Sports coach apprenticeship school leaver,seed
GLC609,Auger Torque Europe Ltd,Cheltenham,GL54,business_professional|aerospace_manufacturing,apprenticeship,engineer_ops|manufacturing|technician|quality|admin,medium,0,low,https://augertorque.com/about-us/careers,"Gloucestershire employer (Cheltenham) with apprenticeship vacancies on Find an Apprenticeship. Recent roles include: Engineering Apprentice; Welding Fabrication Apprentice; Engineering Apprentice. Standards/frameworks: Engineering technician, Plate welder, Engineering technician.",AUGER TORQUE EUROPE LTD Cheltenham Gloucestershire business_professional aerospace_manufacturing apprenticeship engineer_ops manufacturing technician quality admin finance sales project_coord software Engineering Apprentice Welding Fabrication Apprentice Engineering Apprentice Business Administration Apprentice Engineering technician Plate welder Engineering technician apprenticeship school leaver,seed
GLC610,Bellway Homes Limited,Bristol,BS1,construction_green,apprenticeship|higher_apprenticeship,technician|field_ops|ops|engineer_ops|manufacturing,medium,0,low,https://bellwaycareers.co.uk/careers,"Bristol employer (Bristol) with apprenticeship vacancies on Find an Apprenticeship. Recent roles include: Apprentice Quantity Surveyor; Apprentice Quantity Surveyor; Apprentice Engineer. Standards/frameworks: Construction quantity surveyor (degree), Construction quantity surveyor (degree), Civil engineering site management (degree).",BELLWAY HOMES LIMITED Bristol Bristol construction_green apprenticeship higher_apprenticeship technician field_ops ops engineer_ops manufacturing Apprentice Quantity Surveyor Apprentice Quantity Surveyor Apprentice Engineer Apprentice Assistant Site Manager Construction quantity surveyor (degree) Construction quantity surveyor (degree) Civil engineering site management (degree) apprenticeship school leaver,seed
GLC611,CMS Cameron McKenna Nabarro Olswang LLP,Local Area,BS1,business_professional,apprenticeship|school_leaver,admin|finance|sales|project_coord|software,medium,0,low,https://cms.law/en/gbr/cms-job-opportunities,"Bristol employer (Local Area) with apprenticeship vacancies on Find an Apprenticeship. Recent roles include: Apprentice Administrator - Real Estate Disputes Team (18 month FTC); Emerging Talent Assistant Apprentice (18m Fixed Term Contract); Apprentice Administrator - Real Estate Disputes Team (18 month FTC). Standards/frameworks: Business administrator, Business administrator, Business administrator.",CMS CAMERON MCKENNA NABARRO OLSWANG LLP Local Area Bristol business_professional apprenticeship school_leaver admin finance sales project_coord software care technician field_ops ops engineer_ops Apprentice Administrator - Real Estate Disputes Team (18 month FTC) Emerging Talent Assistant Apprentice (18m Fixed Term Contract) Apprentice Administrator - Real Estate Disputes Team (18 month FTC) Apprentice Administrator - Real Estate Disputes Team (18 month FTC) Business administrator Business administrator Business administrator apprenticeship school leaver,seed
GLC612,Enterprise Rent-A-Car UK Limited,Local Area,GL2,aerospace_manufacturing|hospitality_retail,apprenticeship,customer_success|sales|ops|engineer_ops|manufacturing,medium,0,medium,https://careers.enterprise.co.uk,"Gloucestershire employer (Local Area) with apprenticeship vacancies on Find an Apprenticeship. Recent roles include: Enterprise Light Vehicle Technician Apprenticeship; Enterprise Light Vehicle Technician Apprenticeship; Enterprise Light Vehicle Technician Apprenticeship. Standards/frameworks: Motor vehicle service and maintenance technician (light vehicle), Motor vehicle service and maintenance technician (light vehicle), Motor vehicle service and maintenance technician (light vehicle).",ENTERPRISE RENT-A-CAR UK LIMITED Local Area Gloucestershire aerospace_manufacturing hospitality_retail apprenticeship customer_success sales ops engineer_ops manufacturing admin finance project_coord Enterprise Light Vehicle Technician Apprenticeship Enterprise Light Vehicle Technician Apprenticeship Enterprise Light Vehicle Technician Apprenticeship Panel Beater Technician Apprenticeship Motor vehicle service and maintenance technician (light vehicle) Motor vehicle service and maintenance technician (light vehicle) Motor vehicle service and maintenance technician (light vehicle) apprenticeship school leaver,seed
GLC613,File Dynamics Limited,Bristol,BS1,business_professional|hospitality_retail,apprenticeship|school_leaver,admin|finance|sales|project_coord|customer_success,medium,0,low,https://filedynamics.co.uk/careers,"Bristol employer (Bristol) with apprenticeship vacancies on Find an Apprenticeship. Recent roles include: Customer Services Apprentice - £14,000 per annum; Technical Support Apprentice; Customer Services Apprentice - £14,000 per annum. Standards/frameworks: Customer service practitioner, Digital support technician, Customer service practitioner.","FILE DYNAMICS LIMITED Bristol Bristol business_professional hospitality_retail apprenticeship school_leaver admin finance sales project_coord customer_success software cyber data analyst care Customer Services Apprentice - £14,000 per annum Technical Support Apprentice Customer Services Apprentice - £14,000 per annum Customer Services Apprentice - £14,000 per annum Customer service practitioner Digital support technician Customer service practitioner apprenticeship school leaver",seed
GLC614,Framatome UK Nuclear Services Limited,Bristol,BS11,business_professional|construction_green,apprenticeship,admin|finance|sales|project_coord|software,medium,0,low,https://framatome.com/en/jobseekers,"Bristol employer (Bristol) with apprenticeship vacancies on Find an Apprenticeship. Recent roles include: Business Administrator Apprentice; HSE Apprentice; Business Administrator Apprentice. Standards/frameworks: Business administrator, Safety, health and environment technician, Business administrator.","FRAMATOME UK NUCLEAR SERVICES LIMITED Bristol Bristol business_professional construction_green apprenticeship admin finance sales project_coord software technician field_ops ops engineer_ops Business Administrator Apprentice HSE Apprentice Business Administrator Apprentice HSE Apprentice Business administrator Safety, health and environment technician Business administrator apprenticeship school leaver",seed
GLC615,Fusion People Limited,Local Area,BS1,business_professional,apprenticeship|school_leaver,admin|finance|sales|project_coord|software,medium,0,low,https://fusionpeople.com,"Bristol employer (Local Area) with apprenticeship vacancies on Find an Apprenticeship. Recent roles include: Recruitment Resourcer Apprenticeship; Delivery Consultants Apprentice; Recruitment Resourcer Apprenticeship. Standards/frameworks: Recruitment resourcer, Recruitment resourcer, Recruitment resourcer.",FUSION PEOPLE LIMITED Local Area Bristol business_professional apprenticeship school_leaver admin finance sales project_coord software Recruitment Resourcer Apprenticeship Delivery Consultants Apprentice Recruitment Resourcer Apprenticeship Delivery Consultants Apprentice Recruitment resourcer Recruitment resourcer Recruitment resourcer apprenticeship school leaver,seed
GLC616,Greencore Foods Limited,Bristol,BS32,business_professional|aerospace_manufacturing,apprenticeship|higher_apprenticeship,field_ops|ops|technician|customer_success|events,medium,0,low,https://careers.greencore.com/jobs,"Bristol employer (Bristol) with apprenticeship vacancies on Find an Apprenticeship. Recent roles include: Engineering Apprentice - Bristol; Operations Degree Apprenticeship - Bristol; Operations Degree Apprenticeship - Bristol. Standards/frameworks: Food and drink maintenance engineer, Chartered manager (degree), Chartered manager (degree).",GREENCORE FOODS LIMITED Bristol Bristol business_professional aerospace_manufacturing apprenticeship higher_apprenticeship field_ops ops technician customer_success events admin finance sales project_coord engineer_ops manufacturing quality software Engineering Apprentice - Bristol Operations Degree Apprenticeship - Bristol Operations Degree Apprenticeship - Bristol Engineering Apprentice - Bristol Food and drink maintenance engineer Chartered manager (degree) Chartered manager (degree) apprenticeship school leaver,seed
GLC617,Hovis Limited,Bristol,BS11,agri_tech_food|hospitality_tourism,apprenticeship,field_ops|ops|technician|customer_success|events,medium,0,low,https://hovis.co.uk/careers,"Bristol employer (Bristol) with apprenticeship vacancies on Find an Apprenticeship. Recent roles include: Apprenticeship Engineer; Apprenticeship Engineer; Food & Drink Maintenance Engineer Apprenticeship. Standards/frameworks: Food and drink maintenance engineer, Food and drink maintenance engineer, Food and drink maintenance engineer.",HOVIS LIMITED Bristol Bristol agri_tech_food hospitality_tourism apprenticeship field_ops ops technician customer_success events Apprenticeship Engineer Apprenticeship Engineer Food & Drink Maintenance Engineer Apprenticeship Food & Drink Maintenance Engineer Apprenticeship Food and drink maintenance engineer Food and drink maintenance engineer Food and drink maintenance engineer apprenticeship school leaver,seed
GLC618,Intequal,Local Area,BS11,business_professional,apprenticeship,admin|finance|sales|project_coord|software,medium,0,low,https://intequal.co.uk,"Bristol employer (Local Area) with apprenticeship vacancies on Find an Apprenticeship. Recent roles include: IT Technical Support Apprenticeship (VAC-01311); IT and Security Technician Apprentice; IT Field Engineer Apprentice. Standards/frameworks: Information communications technician, Information communications technician, Information communications technician.",Intequal - Port Solent Local Area Bristol business_professional apprenticeship admin finance sales project_coord software IT Technical Support Apprenticeship (VAC-01311) IT and Security Technician Apprentice IT Field Engineer Apprentice IT Technical Sales and Account Manager Apprenticeship Information communications technician Information communications technician Information communications technician apprenticeship school leaver,seed
GLC619,Inviron,Bristol,BS32,business_professional|construction_green,apprenticeship,technician|field_ops|ops|engineer_ops|admin,medium,0,low,https://inviron.co.uk/careers,"Bristol employer (Bristol) with apprenticeship vacancies on Find an Apprenticeship. Recent roles include: Facilities Administrator Apprentice  - Bristol and South West; Facilities Coordinator Apprentice  - Bristol and South West; Assistant Apprentice Manager Facilities  - Bristol and South West. Standards/frameworks: Facilities management supervisor, Facilities management supervisor, Facilities management supervisor.",Inviron Bristol Bristol business_professional construction_green apprenticeship technician field_ops ops engineer_ops admin Facilities Administrator Apprentice  - Bristol and South West Facilities Coordinator Apprentice  - Bristol and South West Assistant Apprentice Manager Facilities  - Bristol and South West APPRENTICE ASSISTANT FACILITIES MANAGER - Bristol and South West Facilities management supervisor Facilities management supervisor Facilities management supervisor apprenticeship school leaver,seed
GLC620,JBA Consulting,Bristol,BS1,construction_green|agri_tech_food,apprenticeship|higher_apprenticeship,field_ops|ops|technician|software|cyber,medium,0,medium,https://jbaconsulting.com/careers,"Bristol employer (Bristol) with apprenticeship vacancies on Find an Apprenticeship. Recent roles include: Environmental and Flood Risk Management Apprentice; Environmental and Flood Risk Management Apprentice; Civil Engineering Apprentice. Standards/frameworks: Environmental practitioner (degree), Environmental practitioner (degree), Civil engineer (degree).",JBA Consulting Bristol Bristol construction_green agri_tech_food apprenticeship higher_apprenticeship field_ops ops technician software cyber engineer_ops Environmental and Flood Risk Management Apprentice Environmental and Flood Risk Management Apprentice Civil Engineering Apprentice Civil Engineering Apprenticeship - Bristol / Newport Environmental practitioner (degree) Environmental practitioner (degree) Civil engineer (degree) apprenticeship school leaver,seed
GLC621,Kallidus Limited,Cirencester,GL7,business_professional,apprenticeship,software|cyber|data|analyst|admin,medium,0,low,https://kallidus.com/careers,"Gloucestershire employer (Cirencester) with apprenticeship vacancies on Find an Apprenticeship. Recent roles include: Apprentice Software Development Technician; HR Support Apprentice; HR Support Apprentice. Standards/frameworks: Software development technician, HR support, HR support.",KALLIDUS LIMITED Cirencester Gloucestershire business_professional apprenticeship software cyber data analyst admin finance sales project_coord Apprentice Software Development Technician HR Support Apprentice HR Support Apprentice HR Support Administrator Apprentice Software development technician HR support HR support apprenticeship school leaver,seed
GLC622,L3Harris,Bristol,BS32,aerospace_manufacturing,apprenticeship|higher_apprenticeship,admin|finance|sales|project_coord|software,medium,0,low,https://careers.l3harris.com,"Bristol employer (Bristol) with apprenticeship vacancies on Find an Apprenticeship. Recent roles include: Project Management Apprentice; Associate Integration/Test Engineer Apprentice; Technical Support Apprentice. Standards/frameworks: Project manager (integrated degree), Engineering manufacturing technician, Engineering technician.",L3Harris Bristol Bristol aerospace_manufacturing apprenticeship higher_apprenticeship admin finance sales project_coord software engineer_ops manufacturing technician quality Project Management Apprentice Associate Integration/Test Engineer Apprentice Technical Support Apprentice Technical Support Technician Apprentice Project manager (integrated degree) Engineering manufacturing technician Engineering technician apprenticeship school leaver,seed
GLC623,Leonardo MW Ltd,Bristol,BS16,construction_green|cyber_digital,apprenticeship|higher_apprenticeship,technician|field_ops|ops|engineer_ops|software,medium,0,low,https://careers.uk.leonardo.com,"Bristol employer (Bristol) with apprenticeship vacancies on Find an Apprenticeship. Recent roles include: Degree Apprentice Electronics Engineer; Degree Apprentice Electronics Engineer; Business Apprentice. Standards/frameworks: Embedded electronic systems design and development engineer (degree), Embedded electronic systems design and development engineer (degree), Business administrator.",LEONARDO MW LTD Bristol Bristol construction_green cyber_digital apprenticeship higher_apprenticeship technician field_ops ops engineer_ops software admin finance sales project_coord cyber data analyst care Degree Apprentice Electronics Engineer Degree Apprentice Electronics Engineer Business Apprentice Cyber Degree Apprentice Embedded electronic systems design and development engineer (degree) Embedded electronic systems design and development engineer (degree) Business administrator apprenticeship school leaver,seed
GLC624,Lorne Stewart Plc,Bristol,BS4,business_professional,apprenticeship,admin|finance|sales|project_coord|software,medium,0,low,https://lornestewart.co.uk/careers,"Bristol employer (Bristol) with apprenticeship vacancies on Find an Apprenticeship. Recent roles include: Apprentice administrator; Apprentice Administrator; Apprentice Administrator. Standards/frameworks: Business administrator, Business administrator, Business administrator.",Lorne Stewart Plc Bristol Bristol business_professional apprenticeship admin finance sales project_coord software Apprentice administrator Apprentice Administrator Apprentice Administrator Apprentice Administrator Business administrator Business administrator Business administrator apprenticeship school leaver,seed
GLC625,MBDA UK Limited,Bristol,BS34,cyber_digital,apprenticeship|higher_apprenticeship,software|cyber|data|analyst|engineer_ops,medium,0,medium,https://mbdacareers.co.uk,"Bristol employer (Bristol) with apprenticeship vacancies on Find an Apprenticeship. Recent roles include: Software Level 6 Degree Apprenticeship; Software (Modelling) Degree Apprenticeship Bristol; Software Degree Apprenticeship Bristol. Standards/frameworks: Digital and technology solutions professional (integrated degree), Digital and technology solutions professional (integrated degree), Digital and technology solutions professional (integrated degree).",MBDA UK LIMITED Bristol Bristol cyber_digital apprenticeship higher_apprenticeship software cyber data analyst engineer_ops Software Level 6 Degree Apprenticeship Software (Modelling) Degree Apprenticeship Bristol Software Degree Apprenticeship Bristol Systems Engineering Level 6 Higher Degree Apprenticeship Digital and technology solutions professional (integrated degree) Digital and technology solutions professional (integrated degree) Digital and technology solutions professional (integrated degree) apprenticeship school leaver,seed
GLC626,Micheldever Tyre Services Limited,Bristol,BS5,aerospace_manufacturing,apprenticeship|school_leaver,engineer_ops|manufacturing|technician|quality|software,medium,0,low,https://micheldevergroup.co.uk/current-vacancies,"Bristol employer (Bristol) with apprenticeship vacancies on Find an Apprenticeship. Recent roles include: Apprentice Autocare Technician - Bathwick Tyres - Team Protyre - Cheltenham; Apprentice Autocare Technician - Protyre Bristol - Church Road; Apprentice Autocare Technician - Protyre Gloucester. Standards/frameworks: Autocare technician, Autocare technician, Autocare technician.",MICHELDEVER TYRE SERVICES LIMITED Bristol Bristol aerospace_manufacturing apprenticeship school_leaver engineer_ops manufacturing technician quality software Apprentice Autocare Technician - Bathwick Tyres - Team Protyre - Cheltenham Apprentice Autocare Technician - Protyre Bristol - Church Road Apprentice Autocare Technician - Protyre Gloucester Apprentice Autocare Technician - Bathwick Tyres - Team Protyre - Cheltenham Autocare technician Autocare technician Autocare technician apprenticeship school leaver,seed
GLC627,Refuse Vehicle Solutions Limited,Dursley,GL11,business_professional,apprenticeship,admin|finance|sales|project_coord|care,medium,0,low,https://refusevehiclesolutions.co.uk/careers,"Gloucestershire employer (Dursley) with apprenticeship vacancies on Find an Apprenticeship. Recent roles include: Apprentice Business Administrator; Apprentice Business Administrator; Apprentice Heavy Vehicle Technician. Standards/frameworks: Business administrator, Business administrator, Heavy vehicle service and maintenance technician.",REFUSE VEHICLE SOLUTIONS LIMITED Dursley Gloucestershire business_professional apprenticeship admin finance sales project_coord care engineer_ops manufacturing technician quality Apprentice Business Administrator Apprentice Business Administrator Apprentice Heavy Vehicle Technician Apprentice Heavy Vehicle Technician Business administrator Business administrator Heavy vehicle service and maintenance technician apprenticeship school leaver,seed
GLC628,Sapphire Vehicle Services Limited,"Emerald Park Industrial Estate, Bristol",BS16,business_professional,apprenticeship,admin|finance|sales|project_coord|care,medium,0,high,https://sapphirevs.com/careers,"Bristol employer (Emerald Park Industrial Estate, Bristol) with apprenticeship vacancies on Find an Apprenticeship. Recent roles include: Apprentice Heavy Vehicle Technician (HGV) - Bristol; Apprentice Heavy Vehicle Technician (HGV); Apprentice Heavy Vehicle Technician (HGV) - Sapphire Vehicle. Standards/frameworks: Heavy vehicle service and maintenance technician, Heavy vehicle service and maintenance technician, Heavy vehicle service and maintenance technician.","SAPPHIRE VEHICLE SERVICES LIMITED Emerald Park Industrial Estate, Bristol Bristol business_professional apprenticeship admin finance sales project_coord care Apprentice Heavy Vehicle Technician (HGV) - Bristol Apprentice Heavy Vehicle Technician (HGV) Apprentice Heavy Vehicle Technician (HGV) - Sapphire Vehicle Apprentice Heavy Vehicle Technician (HGV) - Sapphire Vehicle Heavy vehicle service and maintenance technician Heavy vehicle service and maintenance technician Heavy vehicle service and maintenance technician apprenticeship school leaver",seed
GLC629,Telent,Bristol,BS14,business_professional,apprenticeship,admin|finance|sales|project_coord|engineer_ops,medium,0,low,https://telent.com/careers,"Bristol employer (Bristol) with apprenticeship vacancies on Find an Apprenticeship. Recent roles include: Field Operations Engineer Apprentice; Field Operations Engineer Apprentice; Highways Engineer Apprentice. Standards/frameworks: Information communications technician, Information communications technician, Information communications technician.",Telent Bristol Bristol business_professional apprenticeship admin finance sales project_coord engineer_ops Field Operations Engineer Apprentice Field Operations Engineer Apprentice Highways Engineer Apprentice Highways Engineer Apprentice Information communications technician Information communications technician Information communications technician apprenticeship school leaver,seed
GLC630,Wealth Club Limited,Bristol,BS2,business_professional,apprenticeship,admin|finance|sales|project_coord|software,medium,0,low,https://wealthclub.co.uk/careers,"Bristol employer (Bristol) with apprenticeship vacancies on Find an Apprenticeship. Recent roles include: Accounts Administrator - AAT Apprentice; Accounts Administrator - AAT Apprentice; Accounts Administrator - AAT Apprentice. Standards/frameworks: Assistant accountant, Assistant accountant, Assistant accountant.",WEALTH CLUB LIMITED Bristol Bristol business_professional apprenticeship admin finance sales project_coord software Accounts Administrator - AAT Apprentice Accounts Administrator - AAT Apprentice Accounts Administrator - AAT Apprentice Accounts Administrator - AAT Apprentice Assistant accountant Assistant accountant Assistant accountant apprenticeship school leaver,seed
GLC631,Bristol 24/7 CIC,Bristol,BS7,business_professional,apprenticeship,admin|finance|sales|project_coord|software,medium,0,low,https://bristol247.com/jobs,"Bristol employer (Bristol) with apprenticeship vacancies on Find an Apprenticeship. Recent roles include: Business Administration Apprentice; Business Administration Apprentice; Business Administration Apprentice. Standards/frameworks: Business administrator, Business administrator, Business administrator.",BRISTOL 24/7 CIC Bristol Bristol business_professional apprenticeship admin finance sales project_coord software Business Administration Apprentice Business Administration Apprentice Business Administration Apprentice Business Administration Assistant Apprentice Business administrator Business administrator Business administrator apprenticeship school leaver,seed
GLC632,FD Works Limited,Bristol,BS30,business_professional,apprenticeship,admin|finance|sales|project_coord|care,medium,0,low,https://fdworks.co.uk,"Bristol employer (Bristol) with apprenticeship vacancies on Find an Apprenticeship. Recent roles include: Finance Apprentice; Finance Apprentice; Finance Apprentice. Standards/frameworks: Assistant accountant, Assistant accountant, Assistant accountant.",FD WORKS LIMITED Bristol Bristol business_professional apprenticeship admin finance sales project_coord care design content events Finance Apprentice Finance Apprentice Finance Apprentice Content Creator Apprentice Assistant accountant Assistant accountant Assistant accountant apprenticeship school leaver,seed
GLC633,Ipeco Holdings Ltd,Clevedon,BS21,business_professional,apprenticeship,admin|finance|sales|project_coord|engineer_ops,sme,0,low,https://ipeco.com/careers,"Bristol employer (Clevedon) with apprenticeship vacancies on Find an Apprenticeship. Recent roles include: Composites Engineering Technical Apprenticeship; Composites Engineering Technical Apprenticeship. Standards/frameworks: Composites technician, Composites technician.",IPECO HOLDINGS LIMITED Clevedon Bristol business_professional apprenticeship admin finance sales project_coord engineer_ops Composites Engineering Technical Apprenticeship Composites Engineering Technical Apprenticeship Composites technician Composites technician apprenticeship school leaver,seed
GLC634,Star Legal Limited,England,BS8,business_professional,apprenticeship|school_leaver,admin|finance|sales|project_coord|software,medium,0,low,https://star-legal.co.uk/careers,"Bristol employer (England) with apprenticeship vacancies on Find an Apprenticeship. Recent roles include: Accounts Assistant Apprentice; Accounts or Finance Assistant Apprentice; Accounts or Finance Assistant Apprentice. Standards/frameworks: Accounts or finance assistant, Accounts or finance assistant, Accounts or finance assistant.",STAR LEGAL LIMITED England Bristol business_professional apprenticeship school_leaver admin finance sales project_coord software Accounts Assistant Apprentice Accounts or Finance Assistant Apprentice Accounts or Finance Assistant Apprentice Accounts or Finance Assistant Apprentice Accounts or finance assistant Accounts or finance assistant Accounts or finance assistant apprenticeship school leaver,seed
GLC635,Tout Ltd,Bristol,BS49,business_professional,apprenticeship|school_leaver,admin|finance|sales|project_coord|software,medium,0,low,https://touts.co.uk,"Bristol employer (Bristol) with apprenticeship vacancies on Find an Apprenticeship. Recent roles include: Accountant Assistant Apprentice; Accountant Assistant Apprentice; Accountant Assistant Apprentice. Standards/frameworks: Accounts or finance assistant, Accounts or finance assistant, Accounts or finance assistant.",TOUT LTD Bristol Bristol business_professional apprenticeship school_leaver admin finance sales project_coord software Accountant Assistant Apprentice Accountant Assistant Apprentice Accountant Assistant Apprentice Accountant Assistant Apprentice Accounts or finance assistant Accounts or finance assistant Accounts or finance assistant apprenticeship school leaver,seed
GLC636,Cheltenham Borough Council,Gloucestershire,GL50,public_sector|agri_tech_food,apprenticeship|higher_apprenticeship,care|admin|ops|project_support|software,medium,0,low,https://cheltenham.gov.uk/jobs,"Gloucestershire employer (Gloucestershire) with apprenticeship vacancies on Find an Apprenticeship. Recent roles include: Apprentice Environmental Health Officer; Revenues and Welfare Benefits Apprenticeship; Community Safety (Anti-social behaviour) Officer Apprentice. Standards/frameworks: Environmental health practitioner (integrated degree), Revenues and welfare benefits practitioner, Anti-social behaviour and community safety officer.",Cheltenham Borough Council Gloucestershire Gloucestershire public_sector agri_tech_food apprenticeship higher_apprenticeship care admin ops project_support software cyber field_ops technician finance sales project_coord Apprentice Environmental Health Officer Revenues and Welfare Benefits Apprenticeship Community Safety (Anti-social behaviour) Officer Apprentice Park Ranger Apprentice Environmental health practitioner (integrated degree) Revenues and welfare benefits practitioner Anti-social behaviour and community safety officer apprenticeship school leaver,seed
GLC637,Belmont Special School,Cheltenham,GL51,education_training,apprenticeship,teaching_support|admin|care|software|cyber,medium,0,low,https://belmont.gloucs.sch.uk,"Gloucestershire employer (Cheltenham) with apprenticeship vacancies on Find an Apprenticeship. Recent roles include: Teaching Assistant Apprentice; Teaching Assistant Apprentice; Teaching Assistant Apprentice. Standards/frameworks: Teaching assistant, Teaching assistant, Teaching assistant.",Belmont Special School Cheltenham Gloucestershire education_training apprenticeship teaching_support admin care software cyber Teaching Assistant Apprentice Teaching Assistant Apprentice Teaching Assistant Apprentice Teaching Assistant Apprentice Teaching assistant Teaching assistant Teaching assistant apprenticeship school leaver,seed
GLC638,Heart of the Forest Community Special School,Gloucestershire,GL16,education_training,apprenticeship|school_leaver,teaching_support|admin|care,medium,0,low,https://heartoftheforest.gloucs.sch.uk,"Gloucestershire employer (Gloucestershire) with apprenticeship vacancies on Find an Apprenticeship. Recent roles include: Business Administrator Apprentice; Business Administrator Apprentice; Teaching Assistant Level 3 Apprentice. Standards/frameworks: Business administrator, Business administrator, Teaching assistant.",Heart of the Forest Community Special School Gloucestershire Gloucestershire education_training apprenticeship school_leaver teaching_support admin care Business Administrator Apprentice Business Administrator Apprentice Teaching Assistant Level 3 Apprentice Teaching Assistant Apprentice Business administrator Business administrator Teaching assistant apprenticeship school leaver,seed
GLC639,St Stephen's Infant School,Bristol,BS15,education_training,apprenticeship,teaching_support|admin|care|software|cyber,medium,0,low,https://ststephensinf.org.uk,"Bristol employer (Bristol) with apprenticeship vacancies on Find an Apprenticeship. Recent roles include: Teaching Assistant Apprentice; Business Administration Apprentice; Apprentice Teaching Assistant. Standards/frameworks: Teaching assistant, Business administrator, Teaching assistant.",St Stephen’s Infant School Bristol Bristol education_training apprenticeship teaching_support admin care software cyber Teaching Assistant Apprentice Business Administration Apprentice Apprentice Teaching Assistant Business Administration Apprentice Teaching assistant Business administrator Teaching assistant apprenticeship school leaver,seed
GLC640,The Priory Learning Trust,Weston-Super-Mare,BS22,business_professional|education_training,apprenticeship,admin|finance|sales|project_coord|software,medium,0,low,https://theplt.org.uk/page/?title=Careers&pid=23,"Bristol employer (Weston-Super-Mare) with apprenticeship vacancies on Find an Apprenticeship. Recent roles include: ICT Apprenticeship; Early Years Apprentice; IT Apprentice. Standards/frameworks: Information communications technician, Early years educator, Information communications technician.",THE PRIORY LEARNING TRUST Weston-Super-Mare Bristol business_professional education_training apprenticeship admin finance sales project_coord software teaching_support care cyber ICT Apprenticeship Early Years Apprentice IT Apprentice IT Apprentice Information communications technician Early years educator Information communications technician apprenticeship school leaver,seed
GLC641,Wheatfield Primary School,Local Area,BS32,education_training,apprenticeship,teaching_support|admin|care|software|cyber,medium,0,low,https://wheatfieldprimary.com,"Bristol employer (Local Area) with apprenticeship vacancies on Find an Apprenticeship. Recent roles include: Teaching Assistant Apprentice; Teaching Assistant Apprentice; Teaching Assistant Apprentice. Standards/frameworks: Teaching assistant, Teaching assistant, Teaching assistant.",Wheatfield Primary School Local Area Bristol education_training apprenticeship teaching_support admin care software cyber Teaching Assistant Apprentice Teaching Assistant Apprentice Teaching Assistant Apprentice Teaching Assistant Apprentice Teaching assistant Teaching assistant Teaching assistant apprenticeship school leaver,seed
GLC642,Institute of Physics,Bristol,BS2,cyber_digital,apprenticeship|higher_apprenticeship,software|cyber|data|analyst|care,medium,0,low,https://iopjobs.org,"Bristol employer (Bristol) with apprenticeship vacancies on Find an Apprenticeship. Recent roles include: DevOps Apprentice; Software Engineer Apprentice; Data And Analytics Apprentice. Standards/frameworks: Software developer, Software developer, Data analyst.",THE INSTITUTE OF PHYSICS Bristol Bristol cyber_digital apprenticeship higher_apprenticeship software cyber data analyst care engineer_ops admin finance sales project_coord DevOps Apprentice Software Engineer Apprentice Data And Analytics Apprentice Software Engineer Apprentice Software developer Software developer Data analyst apprenticeship school leaver,seed
GLC643,The Door Youth Project,Gloucestershire,GL5,business_professional,apprenticeship,admin|finance|sales|project_coord|software,medium,0,low,https://thedoor.org.uk/jobs,"Gloucestershire employer (Gloucestershire) with apprenticeship vacancies on Find an Apprenticeship. Recent roles include: APPRENTICE ADMINISTRATOR; APPRENTICE ADMINISTRATOR; APPRENTICE ADMINISTRATOR. Standards/frameworks: Business administrator, Business administrator, Business administrator.",THE DOOR YOUTH PROJECT Gloucestershire Gloucestershire business_professional apprenticeship admin finance sales project_coord software APPRENTICE ADMINISTRATOR APPRENTICE ADMINISTRATOR APPRENTICE ADMINISTRATOR APPRENTICE ADMINISTRATOR Business administrator Business administrator Business administrator apprenticeship school leaver,seed
GLC644,Avery Healthcare,Local Area,BS21,health_care,apprenticeship|school_leaver,care|admin,medium,0,low,https://averyhealthcare.co.uk/careers,"Bristol employer (Local Area) with apprenticeship vacancies on Find an Apprenticeship. Recent roles include: Apprentice Senior Adult Care Assistant (Days)- Avery Poet Mews Care Home- Clevedon; Apprentice Adult Care Worker (Days) - Avery Poets Mews - Clevedon; Apprentice Care Assistant (Nights) - Avery - Poet Mews Care Home - Clevedon. Standards/frameworks: Lead adult care worker, Adult care worker, Adult care worker.",AVERY CARE CLEVEDON LIMITED Local Area Bristol health_care apprenticeship school_leaver care admin Apprentice Senior Adult Care Assistant (Days)- Avery Poet Mews Care Home- Clevedon Apprentice Adult Care Worker (Days) - Avery Poets Mews - Clevedon Apprentice Care Assistant (Nights) - Avery - Poet Mews Care Home - Clevedon Apprentice Health Care Assistant- Avery Poet Mews Care Home- Clevedon Lead adult care worker Adult care worker Adult care worker apprenticeship school leaver,seed
GLC645,Caring Staff Solutions Ltd,Weston-Super-Mare,BS23,health_care,apprenticeship|school_leaver,care|admin,medium,0,low,https://caringstaffsolutions.co.uk,"Bristol employer (Weston-Super-Mare) with apprenticeship vacancies on Find an Apprenticeship. Recent roles include: Care Assistant Apprentice; Care Assistant Apprentice; Care Assistant Apprentice. Standards/frameworks: Adult care worker, Adult care worker, Adult care worker.",CARING STAFF SOLUTIONS LTD Weston-Super-Mare Bristol health_care apprenticeship school_leaver care admin Care Assistant Apprentice Care Assistant Apprentice Care Assistant Apprentice Care Assistant Apprentice Adult care worker Adult care worker Adult care worker apprenticeship school leaver,seed
GLC646,Choice Care Group,Huntley,GL1,health_care,apprenticeship|school_leaver,care|admin,medium,0,low,https://choicecaregroup.com/careers,"Gloucestershire employer (Huntley) with apprenticeship vacancies on Find an Apprenticeship. Recent roles include: Social Care Worker Apprentice; Social Care Worker Apprentice; Social Care Worker Apprentice. Standards/frameworks: Adult care worker, Adult care worker, Adult care worker.",COMMUNITY HOMES OF INTENSIVE CARE AND EDUCATION LIMITED Huntley Gloucestershire health_care apprenticeship school_leaver care admin Social Care Worker Apprentice Social Care Worker Apprentice Social Care Worker Apprentice Social Care Worker Apprentice Adult care worker Adult care worker Adult care worker apprenticeship school leaver,seed
GLC647,Tyntesfield Medical Group,Bristol,BS48,business_professional,apprenticeship|higher_apprenticeship,admin|finance|sales|project_coord|software,medium,0,low,https://tyntesfield.nhs.uk/vacancies,"Bristol employer (Bristol) with apprenticeship vacancies on Find an Apprenticeship. Recent roles include: Finance Assistant Apprenticeship; Finance Technician Apprentice; Business Administration Level 3 Apprenticeship. Standards/frameworks: Assistant accountant, Professional accounting or taxation technician, Business administrator.",TYNTESFIELD MEDICAL GROUP Bristol Bristol business_professional apprenticeship higher_apprenticeship admin finance sales project_coord software Finance Assistant Apprenticeship Finance Technician Apprentice Business Administration Level 3 Apprenticeship HR Support Apprentice Assistant accountant Professional accounting or taxation technician Business administrator apprenticeship school leaver,seed
GLC648,Vision Express Limited,Bristol,BS34,business_professional,apprenticeship|school_leaver,admin|finance|sales|project_coord|software,medium,0,medium,https://visionexpress.com/careers,Bristol employer (Bristol) with apprenticeship vacancies on Find an Apprenticeship. Recent roles include: Optical Assistant Apprentice; Optical Assistant Apprentice; Optical Assistant Apprentice. Standards/frameworks: Optical assistant.,VISION EXPRESS LIMITED Bristol Bristol business_professional apprenticeship school_leaver admin finance sales project_coord software care cyber Optical Assistant Apprentice Optical Assistant Apprentice Optical Assistant Apprentice Optical Assistant Apprentice Optical assistant apprenticeship school leaver,seed
GLC649,David Phillips Opticians,Bristol,BS3,business_professional,apprenticeship,admin|finance|sales|project_coord|software,medium,0,low,https://davidphillipsopticians.co.uk,"Bristol employer (Bristol) with apprenticeship vacancies on Find an Apprenticeship. Recent roles include: Optical Advisor Apprentice; Optical Advisor Apprentice; Optical Advisor Apprentice. Standards/frameworks: Business administrator, Business administrator, Business administrator.",David Phillips Opticians Bristol Bristol business_professional apprenticeship admin finance sales project_coord software Optical Advisor Apprentice Optical Advisor Apprentice Optical Advisor Apprentice Optical Advisor Apprentice Business administrator Business administrator Business administrator apprenticeship school leaver,seed
GLC650,Early Birds Nursery,Long Ashton,BS41,education_training|health_care,apprenticeship|school_leaver,teaching_support|admin|care,medium,0,medium,https://earlybirdsnursery.co.uk,"Bristol employer (Long Ashton) with apprenticeship vacancies on Find an Apprenticeship. Recent roles include: Early Years Level 3 Apprenticeship; Nursery Apprentice; Nursery Apprentice. Standards/frameworks: Early years educator, Early years educator, Early years practitioner.",Early Birds Nursery Long Ashton Bristol education_training health_care apprenticeship school_leaver teaching_support admin care Early Years Level 3 Apprenticeship Nursery Apprentice Nursery Apprentice Nursery Apprentice Early years educator Early years educator Early years practitioner apprenticeship school leaver,seed
GLC651,Family First Nurseries,Gloucestershire,BS20,education_training|health_care,apprenticeship|school_leaver,teaching_support|admin|care,medium,0,low,https://jobs.familyfirstnurseries.co.uk/jobs,"Bristol employer (Gloucestershire) with apprenticeship vacancies on Find an Apprenticeship. Recent roles include: Early Years Apprenticeship; Early Years Apprenticeship; Nursery Apprentice - Level 2 Early Years Practitioner. Standards/frameworks: Early years educator, Early years educator, Early years practitioner.",Family First - Lakehouse Nursery Gloucestershire Bristol education_training health_care apprenticeship school_leaver teaching_support admin care Early Years Apprenticeship Early Years Apprenticeship Nursery Apprentice - Level 2 Early Years Practitioner Nursery Apprentice - Level 2 Early Years Practitioner Early years educator Early years educator Early years practitioner apprenticeship school leaver,seed
GLC652,Family Tree Nursery (UWE) Ltd,Wotton Under Edge,GL12,education_training|health_care,apprenticeship|school_leaver,teaching_support|admin|care|software|cyber,medium,0,low,https://halley.uwe.ac.uk/family-tree-nursery,"Gloucestershire employer (Wotton Under Edge) with apprenticeship vacancies on Find an Apprenticeship. Recent roles include: Early Years Practitioner Apprentice; Early Years Educator Apprentice; Early Years Educator Apprentice. Standards/frameworks: Early years practitioner, Early years educator, Early years educator.",FAMILY TREE NURSERY (UWE) LTD Wotton Under Edge Gloucestershire education_training health_care apprenticeship school_leaver teaching_support admin care software cyber Early Years Practitioner Apprentice Early Years Educator Apprentice Early Years Educator Apprentice Early Years Practitioner Apprentice Early years practitioner Early years educator Early years educator apprenticeship school leaver,seed
GLC653,The Bristol Montessori,Bristol,BS9,education_training|health_care,apprenticeship,teaching_support|admin|care,medium,0,low,https://thebristolmontessori.co.uk,"Bristol employer (Bristol) with apprenticeship vacancies on Find an Apprenticeship. Recent roles include: Early Years Apprentice; Early Years Apprentice; Early Years Apprentice. Standards/frameworks: Early years educator, Early years educator, Early years educator.",The Bristol Montessori Bristol Bristol education_training health_care apprenticeship teaching_support admin care Early Years Apprentice Early Years Apprentice Early Years Apprentice Early Years Apprentice Early years educator Early years educator Early years educator apprenticeship school leaver,seed
GLC654,Tiddlers Day Nursery Ltd,Bristol,BS31,education_training|health_care,apprenticeship,teaching_support|admin|care|software|cyber,medium,0,low,https://tiddlersdaynursery.co.uk,"Bristol employer (Bristol) with apprenticeship vacancies on Find an Apprenticeship. Recent roles include: Level 3 Early Years Educator Apprentice; Level 3 Early Years Educator Apprentice; Level 3 Early Years Educator Apprentice. Standards/frameworks: Early years educator, Early years educator, Early years educator.",TIDDLERS DAY NURSERY LTD Bristol Bristol education_training health_care apprenticeship teaching_support admin care software cyber Level 3 Early Years Educator Apprentice Level 3 Early Years Educator Apprentice Level 3 Early Years Educator Apprentice Level 3 Early Years Educator Apprentice Early years educator Early years educator Early years educator apprenticeship school leaver,seed
GLC655,Winton House Day Nursery,Cheltenham,GL51,education_training|health_care,apprenticeship|school_leaver,teaching_support|admin|care,medium,0,low,https://wintonhousenursery.co.uk,"Gloucestershire employer (Cheltenham) with apprenticeship vacancies on Find an Apprenticeship. Recent roles include: Early Years Practitioner Level 2 Apprentice; Early Years Educator Level 3 Apprentice; Early Years Educator Apprentice. Standards/frameworks: Early years practitioner, Early years educator, Early years educator.",Winton House Day Nursery Cheltenham Gloucestershire education_training health_care apprenticeship school_leaver teaching_support admin care Early Years Practitioner Level 2 Apprentice Early Years Educator Level 3 Apprentice Early Years Educator Apprentice Early Years Educator Apprentice Early years practitioner Early years educator Early years educator apprenticeship school leaver,seed
GLC656,Lighthouse Schools Partnership,Bristol,BS48,education_training,apprenticeship,teaching_support|admin|care|software|cyber,medium,0,low,https://backwellschool.net/vacancies,"Bristol employer (Bristol) with apprenticeship vacancies on Find an Apprenticeship. Recent roles include: Teaching Assistant Apprentice; Teaching Assistant Apprentice; Apprentice Admin Assistant. Standards/frameworks: Teaching assistant, Teaching assistant, Business administrator.",BACKWELL SCHOOL Bristol Bristol education_training apprenticeship teaching_support admin care software cyber Teaching Assistant Apprentice Teaching Assistant Apprentice Apprentice Admin Assistant Apprentice Admin Assistant Teaching assistant Teaching assistant Business administrator apprenticeship school leaver,seed
GLC657,Barnwood Park School,Gloucestershire,GL4,education_training|business_professional,apprenticeship,admin|finance|sales|project_coord|software,medium,0,low,https://barnwood-park.gloucs.sch.uk/vacancies,"Gloucestershire employer (Gloucestershire) with apprenticeship vacancies on Find an Apprenticeship. Recent roles include: IT Technician Apprentice; Science Technician Apprentice; Teaching Assistant Apprentice. Standards/frameworks: Information communications technician, Laboratory technician, Teaching assistant.",Barnwood Park School Gloucestershire Gloucestershire education_training business_professional apprenticeship admin finance sales project_coord software teaching_support care IT Technician Apprentice Science Technician Apprentice Teaching Assistant Apprentice Science Technician Apprentice Information communications technician Laboratory technician Teaching assistant apprenticeship school leaver,seed
GLC658,Cheltenham College,Cheltenham,GL53,education_training|health_care,apprenticeship,teaching_support|admin|care,medium,0,low,https://cheltenhamcollege.org/about-us/vacancies,"Gloucestershire employer (Cheltenham) with apprenticeship vacancies on Find an Apprenticeship. Recent roles include: Early Years Apprentice; Early Years Apprentice; Early Years Apprentice. Standards/frameworks: Early years educator, Early years educator, Early years educator.",CHELTENHAM COLLEGE Cheltenham Gloucestershire education_training health_care apprenticeship teaching_support admin care Early Years Apprentice Early Years Apprentice Early Years Apprentice Early Years Apprentice Early years educator Early years educator Early years educator apprenticeship school leaver,seed
GLC659,Bell Barn Dental Practice,Bristol,BS9,business_professional|health_care,apprenticeship,admin|finance|sales|project_coord|care,medium,0,medium,https://bellbarndental.co.uk,"Bristol employer (Bristol) with apprenticeship vacancies on Find an Apprenticeship. Recent roles include: Apprentice Dental Nurse; Apprentice Dental Nurse; Apprentice Dental Nurse. Standards/frameworks: Dental nurse (integrated), Dental nurse (integrated).",Bell Barn Dental Practice Bristol Bristol business_professional health_care apprenticeship admin finance sales project_coord care software cyber Apprentice Dental Nurse Apprentice Dental Nurse Apprentice Dental Nurse Apprentice Dental Nurse Dental nurse (integrated) Dental nurse (integrated) apprenticeship school leaver,seed
GLC660,Birchwood Medical Practice,Bristol,BS4,business_professional|hospitality_retail,apprenticeship|school_leaver,admin|finance|sales|project_coord|customer_success,medium,0,low,https://birchwoodmedicalpractice.co.uk,"Bristol employer (Bristol) with apprenticeship vacancies on Find an Apprenticeship. Recent roles include: Customer Service Practitioner Apprenticeship; Customer Service Practitioner Apprenticeship; Customer Service Practitioner Apprenticeship. Standards/frameworks: Customer service practitioner, Customer service practitioner, Customer service practitioner.",Birchwood Medical Practice Bristol Bristol business_professional hospitality_retail apprenticeship school_leaver admin finance sales project_coord customer_success Customer Service Practitioner Apprenticeship Customer Service Practitioner Apprenticeship Customer Service Practitioner Apprenticeship Customer Service Practitioner Apprenticeship Customer service practitioner Customer service practitioner Customer service practitioner apprenticeship school leaver,seed
GLC661,DentalSpa25,Weston Super Mare,BS23,health_care|business_professional,apprenticeship,admin|finance|sales|project_coord|software,medium,0,low,https://dentalspa25.co.uk,"Bristol employer (Weston Super Mare) with apprenticeship vacancies on Find an Apprenticeship. Recent roles include: Business Admin Apprentice; Dental Receptionist Apprentice; Apprentice Dental Nurse. Standards/frameworks: Business administrator, Business administrator, Dental nurse (integrated).",DentalSpa25 Weston Super Mare Bristol health_care business_professional apprenticeship admin finance sales project_coord software customer_success ops events cyber care Business Admin Apprentice Dental Receptionist Apprentice Apprentice Dental Nurse Apprentice Dental Nurse Business administrator Business administrator Dental nurse (integrated) apprenticeship school leaver,seed
GLC662,Move More,Cheltenham,GL51,health_care,apprenticeship|school_leaver,care|admin|software|cyber,medium,0,low,https://movemore.biz/careers,"Gloucestershire employer (Cheltenham) with apprenticeship vacancies on Find an Apprenticeship. Recent roles include: PE Apprentice; PE Apprentice; PE Apprentice. Standards/frameworks: Community sport and health officer, Community sport and health officer, Community sport and health officer.",MOVE MORE Cheltenham Gloucestershire health_care apprenticeship school_leaver care admin software cyber PE Apprentice PE Apprentice PE Apprentice Move More PE & School Sports Apprentice Community sport and health officer Community sport and health officer Community sport and health officer apprenticeship school leaver,seed
GLC663,Abbotts Nursery Group,Cheltenham,GL52,education_training|health_care,apprenticeship|school_leaver,teaching_support|admin|care|software|cyber,medium,0,low,https://abbottsnursery.co.uk,"Gloucestershire employer (Cheltenham) with apprenticeship vacancies on Find an Apprenticeship. Recent roles include: Level 3 Early Years Educator Apprenticeship - Abbotts Nursery Group; Early Years Practitioner Apprentice; Level 3 Early Years Educator Apprenticeship - Abbotts Nursery Group. Standards/frameworks: Early years educator, Early years practitioner, Early years educator.",Abbotts Nursery Group Cheltenham Gloucestershire education_training health_care apprenticeship school_leaver teaching_support admin care software cyber Level 3 Early Years Educator Apprenticeship - Abbotts Nursery Group Early Years Practitioner Apprentice Level 3 Early Years Educator Apprenticeship - Abbotts Nursery Group Early Years Educator Apprentice Early years educator Early years practitioner Early years educator apprenticeship school leaver,seed
GLC664,Cherry Tree Day Nursery,Bristol,BS37,education_training|health_care,apprenticeship,teaching_support|admin|care,medium,0,low,https://cherrytreedaynursery.com,"Bristol employer (Bristol) with apprenticeship vacancies on Find an Apprenticeship. Recent roles include: Level 3 Early Years Educator Apprentice; Level 3 Early Years Educator Apprentice; Level 3 Early Years Educator Apprentice. Standards/frameworks: Early years educator, Early years educator, Early years educator.",Cherry Tree Day Nursery Bristol Bristol education_training health_care apprenticeship teaching_support admin care Level 3 Early Years Educator Apprentice Level 3 Early Years Educator Apprentice Level 3 Early Years Educator Apprentice Level 3 Early Years Educator Apprentice Early years educator Early years educator Early years educator apprenticeship school leaver,seed
GLC665,Curious Caterpillars Ltd,Stroud,GL5,education_training|health_care,apprenticeship|school_leaver,teaching_support|admin|care,medium,0,low,https://curiouscaterpillars.co.uk,"Gloucestershire employer (Stroud) with apprenticeship vacancies on Find an Apprenticeship. Recent roles include: Childcare Level 2 Apprenticeship; Childcare Level 2 Apprenticeship; Childcare Level 2 Apprenticeship. Standards/frameworks: Early years practitioner, Early years practitioner, Early years practitioner.",CURIOUS CATERPILLARS LTD Stroud Gloucestershire education_training health_care apprenticeship school_leaver teaching_support admin care Childcare Level 2 Apprenticeship Childcare Level 2 Apprenticeship Childcare Level 2 Apprenticeship Childcare Apprenticeship Level 2 Early years practitioner Early years practitioner Early years practitioner apprenticeship school leaver,seed
GLC666,East Harptree Nursery Preschool,Bristol,BS40,education_training|health_care,apprenticeship,teaching_support|admin|care,medium,0,low,https://eastharptreenursery.org,"Bristol employer (Bristol) with apprenticeship vacancies on Find an Apprenticeship. Recent roles include: Early Years Apprentice; Early Years Apprentice; Early Years Apprentice. Standards/frameworks: Early years educator, Early years educator, Early years educator.",East Harptree Nursery Preschool Bristol Bristol education_training health_care apprenticeship teaching_support admin care Early Years Apprentice Early Years Apprentice Early Years Apprentice Early Years Apprentice Early years educator Early years educator Early years educator apprenticeship school leaver,seed
GLC667,Flying Start Nursery Ltd,Fairford,GL7,education_training|health_care,apprenticeship,teaching_support|admin|care,medium,0,medium,https://flyingstartnursery.co.uk,"Gloucestershire employer (Fairford) with apprenticeship vacancies on Find an Apprenticeship. Recent roles include: Early Years Educator Level 3 Apprentice; Early Years Educator Level 3 Apprentice; Level 3 Early Years Apprenticeship. Standards/frameworks: Early years educator, Early years educator, Early years educator.",FLYING START NURSERY LTD Fairford Gloucestershire education_training health_care apprenticeship teaching_support admin care Early Years Educator Level 3 Apprentice Early Years Educator Level 3 Apprentice Level 3 Early Years Apprenticeship Level 3 Early Years Apprenticeship Early years educator Early years educator Early years educator apprenticeship school leaver,seed
GLC668,Golden Valley Day Nurseries Limited,North Somerset,BS48,education_training|health_care,apprenticeship,teaching_support|admin|care,medium,0,low,https://goldenvalleydaynursery.co.uk,"Bristol employer (North Somerset) with apprenticeship vacancies on Find an Apprenticeship. Recent roles include: Early Years Apprentice; Early Years Apprentice; Early Years Apprentice. Standards/frameworks: Early years educator, Early years educator, Early years educator.",GOLDEN VALLEY DAY NURSERIES LIMITED North Somerset Bristol education_training health_care apprenticeship teaching_support admin care Early Years Apprentice Early Years Apprentice Early Years Apprentice Early Years Apprentice Early years educator Early years educator Early years educator apprenticeship school leaver,seed
GLC669,Great Expectations Day Nursery Limited,Bristol,BS16,education_training|health_care,apprenticeship,teaching_support|admin|care|software|cyber,medium,0,low,https://greatexpectationsdaynursery.co.uk,"Bristol employer (Bristol) with apprenticeship vacancies on Find an Apprenticeship. Recent roles include: Level 3 Early Years Educator  Apprentice; Level 3 Early Years Educator  Apprentice; Level 3 Early Years Educator  Apprentice. Standards/frameworks: Early years educator, Early years educator, Early years educator.",GREAT EXPECTATIONS DAY NURSERY LIMITED Bristol Bristol education_training health_care apprenticeship teaching_support admin care software cyber Level 3 Early Years Educator  Apprentice Level 3 Early Years Educator  Apprentice Level 3 Early Years Educator  Apprentice Level 3 Early Years Educator  Apprentice Early years educator Early years educator Early years educator apprenticeship school leaver,seed
GLC670,Hugo and Holly Day Nursery,Gloucester,GL1,education_training|health_care,apprenticeship,teaching_support|admin|care,medium,0,low,https://hugoandholly.co.uk,"Gloucestershire employer (Gloucester) with apprenticeship vacancies on Find an Apprenticeship. Recent roles include: Early Years Apprentice; Early Years Apprentice; Early Years Apprentice. Standards/frameworks: Early years educator, Early years educator, Early years educator.",Hugo and Holly Day Nursery Gloucester Gloucestershire education_training health_care apprenticeship teaching_support admin care Early Years Apprentice Early Years Apprentice Early Years Apprentice Early Years Apprentice Early years educator Early years educator Early years educator apprenticeship school leaver,seed
GLC671,Playworld Learning Centres Limited,Cheltenham,GL51,education_training|health_care,apprenticeship|school_leaver,teaching_support|admin|care,medium,0,medium,https://playworld-nursery.co.uk,"Gloucestershire employer (Cheltenham) with apprenticeship vacancies on Find an Apprenticeship. Recent roles include: Early Years Level 2 Apprenticeship - Meadows Day Nursery; Early Years Level 2 Apprenticeship - Meadows Day Nursery; Early Years Level 2 Apprenticeship - Meadows Day Nursery. Standards/frameworks: Early years practitioner, Early years practitioner, Early years practitioner.",PLAYWORLD LEARNING CENTRES LIMITED Cheltenham Gloucestershire education_training health_care apprenticeship school_leaver teaching_support admin care Early Years Level 2 Apprenticeship - Meadows Day Nursery Early Years Level 2 Apprenticeship - Meadows Day Nursery Early Years Level 2 Apprenticeship - Meadows Day Nursery Early Years Level 2 Apprenticeship - Meadows Day Nursery Early years practitioner Early years practitioner Early years practitioner apprenticeship school leaver,seed
GLC672,Adventure Bristol,Bristol,BS10,health_care,apprenticeship,care|admin|software|cyber,medium,0,low,https://adventurebristol.co.uk,"Bristol employer (Bristol) with apprenticeship vacancies on Find an Apprenticeship. Recent roles include: Apprentice Outdoor Activity Instructor; Apprentice Outdoor Activity Instructor; Apprentice Outdoor Activity Instructor. Standards/frameworks: Outdoor activity instructor, Outdoor activity instructor, Outdoor activity instructor.",Adventure Bristol Bristol Bristol health_care apprenticeship care admin software cyber Apprentice Outdoor Activity Instructor Apprentice Outdoor Activity Instructor Apprentice Outdoor Activity Instructor Apprentice Outdoor Activity Instructor Outdoor activity instructor Outdoor activity instructor Outdoor activity instructor apprenticeship school leaver,seed
GLC673,Butcombe Brewery Limited,Bristol,BS40,hospitality_tourism,apprenticeship|school_leaver,customer_success|ops|events|care,medium,0,low,https://butcombe.com/careers,"Bristol employer (Bristol) with apprenticeship vacancies on Find an Apprenticeship. Recent roles include: Chef Apprentice; Trainee Chef Apprentice; Trainee Chef Apprentice. Standards/frameworks: Commis chef, Commis chef, Commis chef.",BUTCOMBE BREWERY LIMITED Bristol Bristol hospitality_tourism apprenticeship school_leaver customer_success ops events care Chef Apprentice Trainee Chef Apprentice Trainee Chef Apprentice Trainee Chef Apprentice Commis chef Commis chef Commis chef apprenticeship school leaver,seed
GLC674,Farrington Golf & Country Club Ltd,Bristol,BS39,hospitality_tourism,apprenticeship|school_leaver,customer_success|ops|events|care,medium,0,low,https://farringtongolfclub.net,"Bristol employer (Bristol) with apprenticeship vacancies on Find an Apprenticeship. Recent roles include: Apprentice Commis Chef; Apprentice Food & Beverage Assistant; Apprentice Food & Beverage Assistant. Standards/frameworks: Commis chef, Hospitality team member, Hospitality team member.",FARRINGTON GOLF & COUNTRY CLUB LTD Bristol Bristol hospitality_tourism apprenticeship school_leaver customer_success ops events care Apprentice Commis Chef Apprentice Food & Beverage Assistant Apprentice Food & Beverage Assistant Apprentice Commis Chef Commis chef Hospitality team member Hospitality team member apprenticeship school leaver,seed
GLC675,Hop Union Brewery Limited,Frampton Cotterell,BS36,hospitality_tourism,apprenticeship|school_leaver,customer_success|ops|events,medium,0,low,https://hopunionbrewery.co.uk,"Bristol employer (Frampton Cotterell) with apprenticeship vacancies on Find an Apprenticeship. Recent roles include: Production Chef Apprenticeship; Production Chef Apprenticeship; Production Chef Apprenticeship. Standards/frameworks: Production chef, Production chef, Production chef.",HOP UNION BREWERY LIMITED Frampton Cotterell Bristol hospitality_tourism apprenticeship school_leaver customer_success ops events Production Chef Apprenticeship Production Chef Apprenticeship Production Chef Apprenticeship Production Chef Apprenticeship Production chef Production chef Production chef apprenticeship school leaver,seed
GLC676,Nando's,Local Area,BS37,hospitality_tourism,apprenticeship|school_leaver,customer_success|ops|events,medium,0,low,https://careers.nandos.co.uk,"Bristol employer (Local Area) with apprenticeship vacancies on Find an Apprenticeship. Recent roles include: Apprentice Nandoca; Apprentice Nandoca; Apprentice Nandoca. Standards/frameworks: Hospitality team member, Hospitality team member, Hospitality team member.",Nando's - Yate Local Area Bristol hospitality_tourism apprenticeship school_leaver customer_success ops events Apprentice Nandoca Apprentice Nandoca Apprentice Nandoca Apprentice Nandoca Hospitality team member Hospitality team member Hospitality team member apprenticeship school leaver,seed
GLC677,Ageas (UK) Limited,Gloucester,GL3,business_professional,apprenticeship|higher_apprenticeship,admin|finance|sales|project_coord|care,medium,0,low,https://ageas.co.uk/careers,"Gloucestershire employer (Gloucester) with apprenticeship vacancies on Find an Apprenticeship. Recent roles include: PI Claims Handler Apprentice; Apprentice PI Claims Handler; Apprentice PI Claims Handler. Standards/frameworks: Insurance professional, Insurance professional, Insurance professional.",AGEAS (UK) LIMITED Gloucester Gloucestershire business_professional apprenticeship higher_apprenticeship admin finance sales project_coord care PI Claims Handler Apprentice Apprentice PI Claims Handler Apprentice PI Claims Handler Claims Handler Apprentice Insurance professional Insurance professional Insurance professional apprenticeship school leaver,seed
GLC678,Amberley Publishing Holdings Limited,Stroud,GL5,business_professional,apprenticeship,admin|finance|sales|project_coord|care,medium,0,low,https://amberley-books.com,"Gloucestershire employer (Stroud) with apprenticeship vacancies on Find an Apprenticeship. Recent roles include: Business Administrator Apprentice; Business Administrator Apprentice; Business Administrator Apprentice. Standards/frameworks: Business administrator, Business administrator, Business administrator.",AMBERLEY PUBLISHING HOLDINGS LIMITED Stroud Gloucestershire business_professional apprenticeship admin finance sales project_coord care Business Administrator Apprentice Business Administrator Apprentice Business Administrator Apprentice Business Administrator Apprentice Business administrator Business administrator Business administrator apprenticeship school leaver,seed
GLC679,Amwins Global Risks International Limited,Gloucestershire,GL50,business_professional,apprenticeship|higher_apprenticeship,admin|finance|sales|project_coord|software,medium,0,low,https://amwins.com/careers,"Gloucestershire employer (Gloucestershire) with apprenticeship vacancies on Find an Apprenticeship. Recent roles include: Assistant Treasury Accountant Apprentice (Amwins Global Risks); Assistant Management Accountant Apprentice  (Amwins Global Risk); Insurance Technician Apprentice. Standards/frameworks: Assistant accountant, Accountancy or taxation professional, Financial services administrator.",AMWINS GLOBAL RISKS INTERNATIONAL LIMITED Gloucestershire Gloucestershire business_professional apprenticeship higher_apprenticeship admin finance sales project_coord software Assistant Treasury Accountant Apprentice (Amwins Global Risks) Assistant Management Accountant Apprentice  (Amwins Global Risk) Insurance Technician Apprentice Insurance Technician Apprentice Assistant accountant Accountancy or taxation professional Financial services administrator apprenticeship school leaver,seed
GLC680,Arthur David (Food With Service) Limited,Bristol,BS39,business_professional,apprenticeship,admin|finance|sales|project_coord|software,medium,0,low,https://arthurdavid.co.uk/careers,Bristol employer (Bristol) with apprenticeship vacancies on Find an Apprenticeship. Recent roles include: Marketing Apprenticeship; Marketing Apprentice; Marketing Apprentice. Standards/frameworks: Assistant accountant.,ARTHUR DAVID (FOOD WITH SERVICE) LIMITED Bristol Bristol business_professional apprenticeship admin finance sales project_coord software Marketing Apprenticeship Marketing Apprentice Marketing Apprentice Finance Apprenticeship Assistant accountant apprenticeship school leaver,seed
GLC681,BAE Systems Plc,Bristol,BS34,business_professional|aerospace_manufacturing,apprenticeship|higher_apprenticeship,admin|finance|sales|project_coord|engineer_ops,medium,0,low,https://baesystems.com/en/careers,"Bristol employer (Bristol) with apprenticeship vacancies on Find an Apprenticeship. Recent roles include: V03223 - Degree Apprentice Project Management; V03236 - Advanced Apprentice Engineering Technical - Support Engineer; V03242 - Advanced Apprentice Business Support. Standards/frameworks: Project manager (integrated degree), Business administrator, Engineering technician.",BAE SYSTEMS PLC Bristol Bristol business_professional aerospace_manufacturing apprenticeship higher_apprenticeship admin finance sales project_coord engineer_ops manufacturing technician quality V03223 - Degree Apprentice Project Management V03236 - Advanced Apprentice Engineering Technical - Support Engineer V03242 - Advanced Apprentice Business Support V01995 - Support Engineering Apprenticeship Project manager (integrated degree) Business administrator Engineering technician apprenticeship school leaver,seed
GLC682,Baker Hughes Limited,Bristol,BS48,aerospace_manufacturing|business_professional,apprenticeship,admin|finance|sales|project_coord|care,medium,0,low,https://careers.bakerhughes.com,"Bristol employer (Bristol) with apprenticeship vacancies on Find an Apprenticeship. Recent roles include: Apprentice Project Controller; Manufacturing Technician Apprenticeship; Manufacturing Apprentice. Standards/frameworks: Business administrator, Engineering technician, Engineering technician.",BAKER HUGHES LIMITED Bristol Bristol aerospace_manufacturing business_professional apprenticeship admin finance sales project_coord care engineer_ops manufacturing technician quality Apprentice Project Controller Manufacturing Technician Apprenticeship Manufacturing Apprentice Manufacturing Technician Apprentice Business administrator Engineering technician Engineering technician apprenticeship school leaver,seed
GLC683,BorgWarner Technologies Limited,Gloucestershire,GL10,aerospace_manufacturing,apprenticeship,engineer_ops|manufacturing|technician|quality,medium,0,low,https://borgwarner.com/careers,"Gloucestershire employer (Gloucestershire) with apprenticeship vacancies on Find an Apprenticeship. Recent roles include: Maintenance Engineering Apprentice; Manufacturing Support Technician Apprentice; Manufacturing Apprentice. Standards/frameworks: Engineering technician, Engineering technician, Engineering technician.",BORGWARNER TECHNOLOGIES LIMITED Gloucestershire Gloucestershire aerospace_manufacturing apprenticeship engineer_ops manufacturing technician quality Maintenance Engineering Apprentice Manufacturing Support Technician Apprentice Manufacturing Apprentice Maintenance Engineering Apprentice Engineering technician Engineering technician Engineering technician apprenticeship school leaver,seed
GLC684,Briggs & Forrester (Holdings) Limited,Bristol,BS32,construction_green,apprenticeship,technician|field_ops|ops|engineer_ops|software,medium,0,low,https://briggsandforrester.co.uk/careers,"Bristol employer (Bristol) with apprenticeship vacancies on Find an Apprenticeship. Recent roles include: Technical Apprentice; Technical Apprentice; Technical Apprentice. Standards/frameworks: Building services design technician, Building services design technician, Building services design technician.",BRIGGS & FORRESTER (HOLDINGS) LIMITED Bristol Bristol construction_green apprenticeship technician field_ops ops engineer_ops software Technical Apprentice Technical Apprentice Technical Apprentice Technical Apprentice Building services design technician Building services design technician Building services design technician apprenticeship school leaver,seed
GLC685,Creed Foodservice Limited,Cheltenham Road,GL51,business_professional,apprenticeship|school_leaver,admin|finance|sales|project_coord|software,medium,0,low,https://creedfoodservice.co.uk/careers,"Gloucestershire employer (Cheltenham Road) with apprenticeship vacancies on Find an Apprenticeship. Recent roles include: Apprentice Administrator; Apprentice Administrator; Apprentice Warehouse Operative. Standards/frameworks: Business administrator, Procurement and supply assistant, Supply chain warehouse operative.",CREED FOODSERVICE LIMITED Cheltenham Road Gloucestershire business_professional apprenticeship school_leaver admin finance sales project_coord software Apprentice Administrator Apprentice Administrator Apprentice Warehouse Operative Apprentice Accounts Assistant Business administrator Procurement and supply assistant Supply chain warehouse operative apprenticeship school leaver,seed
GLC686,Daylesford Organic Limited,Moreton-In-Marsh,GL56,agri_tech_food,apprenticeship|school_leaver,field_ops|ops|technician,medium,0,low,https://daylesford.com/careers,"Gloucestershire employer (Moreton-In-Marsh) with apprenticeship vacancies on Find an Apprenticeship. Recent roles include: Apprentice Gardener; Apprentice Gardener; Apprentice Gardener. Standards/frameworks: Horticulture or landscape operative, Horticulture or landscape operative, Horticulture or landscape operative.",DAYLESFORD ORGANIC LIMITED Moreton-In-Marsh Gloucestershire agri_tech_food apprenticeship school_leaver field_ops ops technician Apprentice Gardener Apprentice Gardener Apprentice Gardener Apprentice Groundskeeper Horticulture or landscape operative Horticulture or landscape operative Horticulture or landscape operative apprenticeship school leaver,seed
GLC687,Edmundson Electrical,Bristol,BS11,business_professional,apprenticeship|school_leaver,admin|finance|sales|project_coord,medium,0,low,https://edmundsonelectrical.co.uk/careers,"Bristol employer (Bristol) with apprenticeship vacancies on Find an Apprenticeship. Recent roles include: Trade Supplier apprentice; Trade Supplier apprentice; Warehouse apprentice. Standards/frameworks: Trade supplier, Trade supplier, Supply chain warehouse operative.",Edmundson Electrical Bristol Bristol business_professional apprenticeship school_leaver admin finance sales project_coord Trade Supplier apprentice Trade Supplier apprentice Warehouse apprentice Warehouse & Trade Counter apprentice Trade supplier Trade supplier Supply chain warehouse operative apprenticeship school leaver,seed
GLC688,Flowtech Fluidpower PLC,Gloucestershire,GL3,aerospace_manufacturing,apprenticeship,engineer_ops|manufacturing|technician|quality|field_ops,medium,0,low,https://flowtech.co.uk/careers,"Gloucestershire employer (Gloucestershire) with apprenticeship vacancies on Find an Apprenticeship. Recent roles include: Engineering Mechanical Technician Apprentice; Engineering Technician Electrical Apprentice; Engineering Mechanical Technician Apprentice. Standards/frameworks: Engineering technician, Engineering technician, Engineering technician.",Flowtech Fluidpower PLC Gloucestershire Gloucestershire aerospace_manufacturing apprenticeship engineer_ops manufacturing technician quality field_ops Engineering Mechanical Technician Apprentice Engineering Technician Electrical Apprentice Engineering Mechanical Technician Apprentice Engineering Technician Electrical Apprentice Engineering technician Engineering technician Engineering technician apprenticeship school leaver,seed
GLC689,Hydro International Limited,Clevedon,BS21,business_professional|cyber_digital,apprenticeship,admin|finance|sales|project_coord|software,medium,0,low,https://hydro-int.com/en-gb/careers,"Bristol employer (Clevedon) with apprenticeship vacancies on Find an Apprenticeship. Recent roles include: Laboratory Technician Apprentice; Laboratory Technician Apprenticeship; Digital Marketing Apprenticeship. Standards/frameworks: Laboratory technician, Laboratory technician, Digital marketer.",HYDRO INTERNATIONAL LIMITED Clevedon Bristol business_professional cyber_digital apprenticeship admin finance sales project_coord software cyber data analyst Laboratory Technician Apprentice Laboratory Technician Apprenticeship Digital Marketing Apprenticeship Digital Marketing Apprenticeship Laboratory technician Laboratory technician Digital marketer apprenticeship school leaver,seed
GLC690,Infinigate HLD UK Limited,Cirencester,GL7,business_professional|hospitality_retail,apprenticeship|school_leaver,admin|finance|sales|project_coord|customer_success,medium,0,medium,https://infinigate.com/careers,"Gloucestershire employer (Cirencester) with apprenticeship vacancies on Find an Apprenticeship. Recent roles include: Supply Chain Apprentice; Supply Chain Apprentice; Accounts Payable Assistant Apprentice. Standards/frameworks: Customer service specialist, Customer service specialist, Accounts or finance assistant.",INFINIGATE HLD UK LIMITED Cirencester Gloucestershire business_professional hospitality_retail apprenticeship school_leaver admin finance sales project_coord customer_success software Supply Chain Apprentice Supply Chain Apprentice Accounts Payable Assistant Apprentice Digital Marketing Apprentice Customer service specialist Customer service specialist Accounts or finance assistant apprenticeship school leaver,seed
GLC691,Irwin Mitchell LLP,Bristol,BS2,business_professional,apprenticeship|higher_apprenticeship,admin|finance|sales|project_coord|software,medium,0,low,https://careers.irwinmitchell.com,"Bristol employer (Bristol) with apprenticeship vacancies on Find an Apprenticeship. Recent roles include: Paralegal Apprentice (Irwin Mitchell); Paralegal Apprentice (Partnerships, Wills and Probate, Irwin Mitchell); Internal Audit Apprentice Bristol - BS2 0JA???. Standards/frameworks: Paralegal, Paralegal, Internal audit practitioner.","IRWIN MITCHELL LLP Bristol Bristol business_professional apprenticeship higher_apprenticeship admin finance sales project_coord software Paralegal Apprentice (Irwin Mitchell) Paralegal Apprentice (Partnerships, Wills and Probate, Irwin Mitchell) Internal Audit Apprentice Bristol - BS2 0JA??? Internal Audit Apprentice Bristol - BS2 0JA??? Paralegal Paralegal Internal audit practitioner apprenticeship school leaver",seed
GLC692,Isio,Bristol,BS1,business_professional,apprenticeship|higher_apprenticeship,admin|finance|sales|project_coord|care,medium,0,low,https://isio.com/careers,"Bristol employer (Bristol) with apprenticeship vacancies on Find an Apprenticeship. Recent roles include: Investment Advisory Apprentice (Isio); Investment Advisory Apprentice (ISIO); Payroll Administrator Apprentice Bristol - BS1 4ND. Standards/frameworks: Investment operations specialist, Investment operations specialist, Payroll administrator.",Isio Bristol Bristol business_professional apprenticeship higher_apprenticeship admin finance sales project_coord care Investment Advisory Apprentice (Isio) Investment Advisory Apprentice (ISIO) Payroll Administrator Apprentice Bristol - BS1 4ND Investment Advisory Apprentice with Isio Investment operations specialist Investment operations specialist Payroll administrator apprenticeship school leaver,seed
GLC693,Lockheed Martin UK Limited,Gloucester,GL3,cyber_digital,apprenticeship|higher_apprenticeship,software|cyber|data|analyst,medium,0,low,https://lockheedmartin.com/en-gb/careers.html,"Gloucestershire employer (Gloucester) with apprenticeship vacancies on Find an Apprenticeship. Recent roles include: Software Degree Apprentice; Cyber Security Degree Apprenticeship; Cyber Security Degree Apprenticeship. Standards/frameworks: Digital and technology solutions professional (integrated degree), Cyber security technical professional (integrated degree), Cyber security technical professional (integrated degree).",LOCKHEED MARTIN UK LIMITED Gloucester Gloucestershire cyber_digital apprenticeship higher_apprenticeship software cyber data analyst Software Degree Apprentice Cyber Security Degree Apprenticeship Cyber Security Degree Apprenticeship Cyber Security Degree Apprenticeship Digital and technology solutions professional (integrated degree) Cyber security technical professional (integrated degree) Cyber security technical professional (integrated degree) apprenticeship school leaver,seed
GLC694,MI-GSO PCUBED,Bristol,BS1,business_professional,apprenticeship|higher_apprenticeship,admin|finance|sales|project_coord|software,medium,0,low,https://migso-pcubed.com/careers,"Bristol employer (Bristol) with apprenticeship vacancies on Find an Apprenticeship. Recent roles include: Project Manager Degree Apprenticeship MIGSO-PCUBED; Project Manager Degree Apprenticeship MIGSO-PCUBED; Project Manager Degree Apprenticeship MI-GSO PCUBED. Standards/frameworks: Project manager (integrated degree), Project manager (integrated degree), Project manager (integrated degree).",MI-GSO  PCUBED Bristol Bristol business_professional apprenticeship higher_apprenticeship admin finance sales project_coord software Project Manager Degree Apprenticeship MIGSO-PCUBED Project Manager Degree Apprenticeship MIGSO-PCUBED Project Manager Degree Apprenticeship MI-GSO PCUBED Project Manager Degree Apprenticeship MI-GSO PCUBED Project manager (integrated degree) Project manager (integrated degree) Project manager (integrated degree) apprenticeship school leaver,seed
GLC695,Michelmores LLP,Bristol,BS1,business_professional,apprenticeship|higher_apprenticeship,admin|finance|sales|project_coord|software,medium,0,low,https://michelmores.com/careers,"Bristol employer (Bristol) with apprenticeship vacancies on Find an Apprenticeship. Recent roles include: Graduate Solicitor Apprenticeship; Graduate Solicitor Apprenticeship; Administration / Office Assistant Apprentice. Standards/frameworks: Solicitor, Solicitor, Business administrator.",MICHELMORES LLP Bristol Bristol business_professional apprenticeship higher_apprenticeship admin finance sales project_coord software Graduate Solicitor Apprenticeship Graduate Solicitor Apprenticeship Administration / Office Assistant Apprentice School Leaver Legal Apprenticeship (Solicitor) Solicitor Solicitor Business administrator apprenticeship school leaver,seed
GLC696,Optimas OE Solutions Ltd,Gloucester,GL2,business_professional,apprenticeship|school_leaver,admin|finance|sales|project_coord|software,medium,0,low,https://optimas.com/careers,"Gloucestershire employer (Gloucester) with apprenticeship vacancies on Find an Apprenticeship. Recent roles include: UK Business Administration Apprentice; Apprentice Transport Co-Ordinator; Customer Service Apprentice. Standards/frameworks: Business administrator, Business administrator, Customer service practitioner.",OPTIMAS OE SOLUTIONS LTD Gloucester Gloucestershire business_professional apprenticeship school_leaver admin finance sales project_coord software customer_success UK Business Administration Apprentice Apprentice Transport Co-Ordinator Customer Service Apprentice Human Resources Apprentice Business administrator Business administrator Customer service practitioner apprenticeship school leaver,seed
GLC697,Project Start Recruitment Solutions Ltd,Yate,BS37,business_professional,apprenticeship,admin|finance|sales|project_coord|software,medium,0,low,https://projectstart.co.uk,"Bristol employer (Yate) with apprenticeship vacancies on Find an Apprenticeship. Recent roles include: Apprentice Recruitment Consultant; Apprentice Recruitment Consultant; Apprentice Recruitment Consultant. Standards/frameworks: Recruitment consultant, Recruitment consultant, Recruitment consultant.",PROJECT START RECRUITMENT SOLUTIONS LTD Yate Bristol business_professional apprenticeship admin finance sales project_coord software Apprentice Recruitment Consultant Apprentice Recruitment Consultant Apprentice Recruitment Consultant Apprentice Recruitment Consultant Recruitment consultant Recruitment consultant Recruitment consultant apprenticeship school leaver,seed
GLC698,Prolectric Services Limited,Clevedon,BS21,business_professional|aerospace_manufacturing,apprenticeship|higher_apprenticeship,admin|finance|sales|project_coord|software,medium,0,low,https://prolectric.co.uk/about-us/careers,"Bristol employer (Clevedon) with apprenticeship vacancies on Find an Apprenticeship. Recent roles include: Reception / Administration Apprentice; Reception / Administration Apprentice; Reception / Administration Apprentice. Standards/frameworks: Business administrator, Business administrator, Business administrator.",PROLECTRIC SERVICES LIMITED Clevedon Bristol business_professional aerospace_manufacturing apprenticeship higher_apprenticeship admin finance sales project_coord software engineer_ops manufacturing technician quality Reception / Administration Apprentice Reception / Administration Apprentice Reception / Administration Apprentice Product Development Engineer Apprentice Business administrator Business administrator Business administrator apprenticeship school leaver,seed
GLC699,Randstad Group UK,Bristol,BS8,business_professional|creative_events,apprenticeship,admin|finance|sales|project_coord|software,medium,0,low,https://randstad.co.uk/jobs,"Bristol employer (Bristol) with apprenticeship vacancies on Find an Apprenticeship. Recent roles include: Multi-Channel Marketing Apprenticeship (Bristol); Content Creator Apprenticeship; Content Creator Apprenticeship. Standards/frameworks: Junior content producer, Junior content producer, Information communications technician.",RANDSTAD GROUP UK Bristol Bristol business_professional creative_events apprenticeship admin finance sales project_coord software design content events cyber Multi-Channel Marketing Apprenticeship (Bristol) Content Creator Apprenticeship Content Creator Apprenticeship 1st Line IT Support Apprentice Junior content producer Junior content producer Information communications technician apprenticeship school leaver,seed
GLC700,Route 101 Limited,Bristol,BS16,cyber_digital|business_professional,apprenticeship,admin|finance|sales|project_coord|software,medium,0,low,https://route101.com/company/careers,"Bristol employer (Bristol) with apprenticeship vacancies on Find an Apprenticeship. Recent roles include: IT Apprenticeship; Software Developer Apprentice; Software Developer Apprentice. Standards/frameworks: Information communications technician, Software development technician, Software development technician.",ROUTE 101 LIMITED Bristol Bristol cyber_digital business_professional apprenticeship admin finance sales project_coord software cyber data analyst IT Apprenticeship Software Developer Apprentice Software Developer Apprentice Software Developer Apprentice Information communications technician Software development technician Software development technician apprenticeship school leaver,seed
GLC701,Seetec,Bristol,BS1,business_professional,apprenticeship,admin|finance|sales|project_coord|software,medium,0,low,https://seetec.co.uk/careers,"Bristol employer (Bristol) with apprenticeship vacancies on Find an Apprenticeship. Recent roles include: Business Administration Apprentice; Business Administration Apprentice; Business Administration Apprentice. Standards/frameworks: Business administrator, Business administrator, Business administrator.",Seetec Bristol Bristol business_professional apprenticeship admin finance sales project_coord software Business Administration Apprentice Business Administration Apprentice Business Administration Apprentice Business Administration Apprentice Business administrator Business administrator Business administrator apprenticeship school leaver,seed
GLC702,Sir Robert McAlpine Limited,Bristol,BS32,construction_green,apprenticeship|higher_apprenticeship,technician|field_ops|ops|engineer_ops|manufacturing,medium,0,low,https://srm.com/careers,"Bristol employer (Bristol) with apprenticeship vacancies on Find an Apprenticeship. Recent roles include: Apprentice Engineer; Apprentice Planner; Apprentice Planner. Standards/frameworks: Civil engineer (degree), Construction site management (degree), Construction site supervisor.",SIR ROBERT MCALPINE LIMITED Bristol Bristol construction_green apprenticeship higher_apprenticeship technician field_ops ops engineer_ops manufacturing Apprentice Engineer Apprentice Planner Apprentice Planner Apprentice Engineer Civil engineer (degree) Construction site management (degree) Construction site supervisor apprenticeship school leaver,seed
GLC703,SKF (U.K) Limited,Somerset,BS21,business_professional|construction_green,apprenticeship,admin|finance|sales|project_coord|engineer_ops,medium,0,low,https://skf.com/uk/organisation/careers,"Bristol employer (Somerset) with apprenticeship vacancies on Find an Apprenticeship. Recent roles include: Manufacturing Apprentice - Level 3; Manufacturing Apprentice - Level 3; Manufacturing Engineering Apprenticeship. Standards/frameworks: Maintenance and operations engineering technician, Maintenance and operations engineering technician.",SKF (U.K) LIMITED Somerset Bristol business_professional construction_green apprenticeship admin finance sales project_coord engineer_ops technician field_ops ops manufacturing Manufacturing Apprentice - Level 3 Manufacturing Apprentice - Level 3 Manufacturing Engineering Apprenticeship Multi Skilled Maintenance Apprentice Maintenance and operations engineering technician Maintenance and operations engineering technician apprenticeship school leaver,seed
GLC704,Star Refrigeration Limited,Bristol,BS20,construction_green,apprenticeship,technician|field_ops|ops|engineer_ops|manufacturing,medium,0,low,https://star-ref.co.uk/careers,"Bristol employer (Bristol) with apprenticeship vacancies on Find an Apprenticeship. Recent roles include: Star Refrigeration - Industrial Refrigeration Engineering Apprenticeship (Bristol); Star Refrigeration - Industrial Refrigeration Engineering Apprenticeship; Star Refrigeration - Industrial Refrigeration Engineering Apprenticeship. Standards/frameworks: Maintenance and operations engineering technician, Maintenance and operations engineering technician, Maintenance and operations engineering",STAR REFRIGERATION LIMITED Bristol Bristol construction_green apprenticeship technician field_ops ops engineer_ops manufacturing Star Refrigeration - Industrial Refrigeration Engineering Apprenticeship (Bristol) Star Refrigeration - Industrial Refrigeration Engineering Apprenticeship Star Refrigeration - Industrial Refrigeration Engineering Apprenticeship Star Refrigeration - Industrial Refrigeration Engineering Apprenticeship Maintenance and operations engineering technician Maintenance and operations engineering technician Maintenance and operations engineering technician apprenticeship school leaver,seed
GLC705,Stroud Metal Co Ltd,Gloucestershire,GL10,business_professional|aerospace_manufacturing,apprenticeship|higher_apprenticeship,admin|finance|sales|project_coord|engineer_ops,medium,0,medium,https://stroudmetal.co.uk,Gloucestershire employer (Gloucestershire) with apprenticeship vacancies on Find an Apprenticeship. Recent roles include: Toolmaker Apprentice; Process Engineer Apprentice; Toolmaker/Machinist Engineering Apprentice. Standards/frameworks: Engineering manufacturing technician.,STROUD METAL CO LTD Gloucestershire Gloucestershire business_professional aerospace_manufacturing apprenticeship higher_apprenticeship admin finance sales project_coord engineer_ops manufacturing technician quality software Toolmaker Apprentice Process Engineer Apprentice Toolmaker/Machinist Engineering Apprentice Toolmaker/Machinist Engineering Apprentice Engineering manufacturing technician apprenticeship school leaver,seed
GLC706,Sulzer Electro Mechanical Services (UK) Limited,Bristol,BS11,business_professional|aerospace_manufacturing,apprenticeship,engineer_ops|manufacturing|technician|quality|field_ops,medium,0,low,https://sulzer.com/en/careers,"Bristol employer (Bristol) with apprenticeship vacancies on Find an Apprenticeship. Recent roles include: Electrical Fitter Apprentice; Machinist Apprentice; Machinist Apprentice. Standards/frameworks: Engineering fitter, Business administrator.",SULZER ELECTRO MECHANICAL SERVICES (UK) LIMITED Bristol Bristol business_professional aerospace_manufacturing apprenticeship engineer_ops manufacturing technician quality field_ops admin finance sales project_coord Electrical Fitter Apprentice Machinist Apprentice Machinist Apprentice Business Administration Apprentice Engineering fitter Business administrator apprenticeship school leaver,seed
GLC707,The Mortgage Brain,Gloucester,GL1,business_professional,apprenticeship,admin|finance|sales|project_coord|software,medium,0,low,https://themortgagebrain.net,"Gloucestershire employer (Gloucester) with apprenticeship vacancies on Find an Apprenticeship. Recent roles include: Property Insurance Apprentice; Mortgage & Protection Apprentice; Business Administrator Apprentice. Standards/frameworks: Business administrator, Business administrator, Business administrator.",The Mortgage Brain Gloucester Gloucestershire business_professional apprenticeship admin finance sales project_coord software Property Insurance Apprentice Mortgage & Protection Apprentice Business Administrator Apprentice Business Administrator Apprentice Business administrator Business administrator Business administrator apprenticeship school leaver,seed
GLC708,Primary Quest Multi Academy Trust,Alderton,GL2,education_training|health_care,apprenticeship|school_leaver,teaching_support|admin|care|software|cyber,medium,0,low,https://primaryquest.co.uk/vacancies,"Gloucestershire employer (Alderton) with apprenticeship vacancies on Find an Apprenticeship. Recent roles include: Early Years Educator Apprentice; Early Years Practitioner Apprentice; Early Years Educator Apprentice. Standards/frameworks: Early years educator, Early years practitioner, Early years educator.",PRIMARY QUEST MULTI ACADEMY TRUST Alderton Gloucestershire education_training health_care apprenticeship school_leaver teaching_support admin care software cyber Early Years Educator Apprentice Early Years Practitioner Apprentice Early Years Educator Apprentice Early Years Practitioner Apprentice Early years educator Early years practitioner Early years educator apprenticeship school leaver,seed
GLC709,The Dean Close Foundation,Cheltenham,GL51,business_professional|hospitality_tourism,apprenticeship|school_leaver,customer_success|ops|events|care|admin,medium,0,low,https://deanclose.org.uk/vacancies,"Gloucestershire employer (Cheltenham) with apprenticeship vacancies on Find an Apprenticeship. Recent roles include: Apprentice Commis Chef; Apprentice Commis Chef; Finance Assistant Apprentice. Standards/frameworks: Commis chef, Commis chef, Accounts or finance assistant.",THE DEAN CLOSE FOUNDATION Cheltenham Gloucestershire business_professional hospitality_tourism apprenticeship school_leaver customer_success ops events care admin finance sales project_coord Apprentice Commis Chef Apprentice Commis Chef Finance Assistant Apprentice Finance Assistant Apprentice Commis chef Commis chef Accounts or finance assistant apprenticeship school leaver,seed
GLC710,Sovereign Network Group,Yate,BS37,construction_green|business_professional,apprenticeship|school_leaver,admin|finance|sales|project_coord|software,medium,0,low,https://sng.org.uk/careers,"Bristol employer (Yate) with apprenticeship vacancies on Find an Apprenticeship. Recent roles include: Apprentice Business Administrator; Apprentice Heating Engineer; Apprentice Electrician. Standards/frameworks: Business administrator, Plumbing and domestic heating technician, Installation electrician and maintenance electrician.",Sovereign Housing Association Yate Bristol construction_green business_professional apprenticeship school_leaver admin finance sales project_coord software technician field_ops ops engineer_ops Apprentice Business Administrator Apprentice Heating Engineer Apprentice Electrician Apprentice Property Maintenance Operative Business administrator Plumbing and domestic heating technician Installation electrician and maintenance electrician apprenticeship school leaver,seed
GLC711,Sea Mills Surgery,Bristol,BS9,business_professional,apprenticeship,admin|finance|sales|project_coord|software,medium,0,low,https://seamillssurgery.nhs.uk,"Bristol employer (Bristol) with apprenticeship vacancies on Find an Apprenticeship. Recent roles include: Scanning & Coding Administrator Apprentice; Scanning & Coding Administrator Apprentice; Patient Co-ordinator Apprentice. Standards/frameworks: Business administrator, Business administrator, Business administrator.",Sea Mills Surgery Bristol Bristol business_professional apprenticeship admin finance sales project_coord software Scanning & Coding Administrator Apprentice Scanning & Coding Administrator Apprentice Patient Co-ordinator Apprentice Scanning & Coding Administrator Apprentice Business administrator Business administrator Business administrator apprenticeship school leaver,seed
GLC712,Stoke Gifford Medical Centre,Bristol,BS34,business_professional,apprenticeship,admin|finance|sales|project_coord|software,medium,0,low,https://stokegiffordmedical.co.uk,"Bristol employer (Bristol) with apprenticeship vacancies on Find an Apprenticeship. Recent roles include: Business Administration Apprentice; Business Administration Apprentice; Business Administration Apprentice. Standards/frameworks: Business administrator, Business administrator, Business administrator.",STOKE GIFFORD MEDICAL CENTRE Bristol Bristol business_professional apprenticeship admin finance sales project_coord software care Business Administration Apprentice Business Administration Apprentice Business Administration Apprentice Business Administration Apprentice Business administrator Business administrator Business administrator apprenticeship school leaver,seed
GLC713,Purple Childcare Bristol Ltd,Bristol,BS10,education_training|health_care,apprenticeship,teaching_support|admin|care|software|cyber,medium,0,low,https://purplechildcare.co.uk,"Bristol employer (Bristol) with apprenticeship vacancies on Find an Apprenticeship. Recent roles include: Level 3 Early Years Educator Apprentice; Level 3 Early Years Educator Apprentice; Level 3 Early Years Educator Apprentice. Standards/frameworks: Early years educator, Early years educator, Early years educator.",PURPLE CHILDCARE BRISTOL LTD Bristol Bristol education_training health_care apprenticeship teaching_support admin care software cyber Level 3 Early Years Educator Apprentice Level 3 Early Years Educator Apprentice Level 3 Early Years Educator Apprentice Early years Apprentice Early years educator Early years educator Early years educator apprenticeship school leaver,seed
GLC714,Stonecroft Day Nursery Limited,Bristol,BS49,education_training|health_care,apprenticeship,teaching_support|admin|care,medium,0,low,https://stonecroftdaynursery.co.uk,"Bristol employer (Bristol) with apprenticeship vacancies on Find an Apprenticeship. Recent roles include: Childcare Apprenticeship – Level 3 – Stonecroft Day Nursery and Preschool; Childcare Apprenticeship – Level 3 – Stonecroft Day Nursery and Preschool; Early Years Apprentice. Standards/frameworks: Early years educator, Early years educator, Early years educator.",STONECROFT DAY NURSERY LIMITED Bristol Bristol education_training health_care apprenticeship teaching_support admin care Childcare Apprenticeship – Level 3 – Stonecroft Day Nursery and Preschool Childcare Apprenticeship – Level 3 – Stonecroft Day Nursery and Preschool Early Years Apprentice Early Years Apprentice Early years educator Early years educator Early years educator apprenticeship school leaver,seed
GLC715,Storal,Gloucestershire,BS20,education_training|health_care,apprenticeship,teaching_support|admin|care,medium,0,low,https://storal.com/careers,"Bristol employer (Gloucestershire) with apprenticeship vacancies on Find an Apprenticeship. Recent roles include: Early Years Apprentice - Blossom Tree Nursery; Early Years Apprentice Level 3 - Blossom Tree, Portishead; Early Years Apprentice Level 3 - Treehouse, Bristol. Standards/frameworks: Early years educator, Early years educator, Early years educator.","Storal Gloucestershire Bristol education_training health_care apprenticeship teaching_support admin care Early Years Apprentice - Blossom Tree Nursery Early Years Apprentice Level 3 - Blossom Tree, Portishead Early Years Apprentice Level 3 - Treehouse, Bristol Early Years Apprentice - Blossom Tree, Bristol Early years educator Early years educator Early years educator apprenticeship school leaver",seed
GLC716,Stonegate Pub Company Limited,Local Area,BS7,hospitality_tourism,apprenticeship|school_leaver,customer_success|ops|events,medium,0,low,https://stonegatecareers.co.uk,"Bristol employer (Local Area) with apprenticeship vacancies on Find an Apprenticeship. Recent roles include: Production Chef Apprentice; Production Chef Apprentice - Stonegate; Production Chef Apprentice - Stonegate. Standards/frameworks: Production chef, Production chef, Production chef.",STONEGATE PUB COMPANY LIMITED Local Area Bristol hospitality_tourism apprenticeship school_leaver customer_success ops events Production Chef Apprentice Production Chef Apprentice - Stonegate Production Chef Apprentice - Stonegate Production Chef Apprentice Production chef Production chef Production chef apprenticeship school leaver,seed
GLC717,Superdrug,Bristol,BS34,hospitality_retail,apprenticeship|school_leaver,customer_success|sales|ops|care,medium,0,low,https://superdrug.jobs,"Bristol employer (Bristol) with apprenticeship vacancies on Find an Apprenticeship. Recent roles include: Apprentice Team Leader - Bristol Cribbs Causeway; Apprentice Retail Sales Adviser; Apprentice Retail Sales Adviser. Standards/frameworks: Retail team leader, Retailer, Retailer.",Superdrug Bristol Bristol hospitality_retail apprenticeship school_leaver customer_success sales ops care Apprentice Team Leader - Bristol Cribbs Causeway Apprentice Retail Sales Adviser Apprentice Retail Sales Adviser Apprentice Retail Sales Adviser Retail team leader Retailer Retailer apprenticeship school leaver,seed
GLC718,A-Gas (UK) Limited,Bristol,BS20,business_professional|hospitality_retail,apprenticeship|school_leaver,admin|finance|sales|project_coord|customer_success,medium,0,low,https://agas.com/careers,"Bristol employer (Bristol) with apprenticeship vacancies on Find an Apprenticeship. Recent roles include: Customer Service Administrator Apprentice; Customer Service Administrator Apprentice; Apprentice Maintenance Engineer. Standards/frameworks: Customer service practitioner, Customer service practitioner, Maintenance and operations engineering technician.",A-GAS (UK) LIMITED Bristol Bristol business_professional hospitality_retail apprenticeship school_leaver admin finance sales project_coord customer_success technician field_ops ops engineer_ops software Customer Service Administrator Apprentice Customer Service Administrator Apprentice Apprentice Maintenance Engineer Customer service practitioner Customer service practitioner Maintenance and operations engineering technician apprenticeship school leaver,seed
GLC719,Amcor Flexibles Winterbourne Limited,Bristol,BS34,construction_green|aerospace_manufacturing,apprenticeship,technician|field_ops|ops|engineer_ops|manufacturing,medium,0,low,https://amcor.com/careers,"Bristol employer (Bristol) with apprenticeship vacancies on Find an Apprenticeship. Recent roles include: Multi-skilled Engineering Apprentice; Engineering Apprentice; Apprentice Multiskilled Shift Engineer. Standards/frameworks: Maintenance and operations engineering technician, Engineering technician, Maintenance and operations engineering technician.",AMCOR FLEXIBLES WINTERBOURNE LIMITED Bristol Bristol construction_green aerospace_manufacturing apprenticeship technician field_ops ops engineer_ops manufacturing quality Multi-skilled Engineering Apprentice Engineering Apprentice Apprentice Multiskilled Shift Engineer Maintenance and operations engineering technician Engineering technician Maintenance and operations engineering technician apprenticeship school leaver,seed
GLC720,Anglian Home Improvements Limited,Bristol,BS11,construction_green,apprenticeship|school_leaver,technician|field_ops|ops|engineer_ops,medium,0,low,https://anglianhome.co.uk/careers,"Bristol employer (Bristol) with apprenticeship vacancies on Find an Apprenticeship. Recent roles include: Installer Apprentice; Installer Apprentice; Installer Apprentice. Standards/frameworks: Fenestration installer, Fenestration installer, Fenestration installer.",ANGLIAN HOME IMPROVEMENTS LIMITED Bristol Bristol construction_green apprenticeship school_leaver technician field_ops ops engineer_ops Installer Apprentice Installer Apprentice Installer Apprentice Fenestration installer Fenestration installer Fenestration installer apprenticeship school leaver,seed
GLC721,Aon UK Limited,Bristol,BS1,business_professional,apprenticeship|higher_apprenticeship,admin|finance|sales|project_coord|care,medium,0,low,https://jobs.aon.com,"Bristol employer (Bristol) with apprenticeship vacancies on Find an Apprenticeship. Recent roles include: Aon Investment Consulting Apprenticeship; Aon Client Management Apprenticeship Programme (Bristol); Aon Client Management Apprenticeship Programme  - School Leaver (Bristol). Standards/frameworks: Investment operations specialist, Workplace pensions (administrator or consultant), Workplace pensions (administrator or consultant).",AON UK LIMITED Bristol Bristol business_professional apprenticeship higher_apprenticeship admin finance sales project_coord care software Aon Investment Consulting Apprenticeship Aon Client Management Apprenticeship Programme (Bristol) Aon Client Management Apprenticeship Programme  - School Leaver (Bristol) Investment operations specialist Workplace pensions (administrator or consultant) Workplace pensions (administrator or consultant) apprenticeship school leaver,seed
GLC722,Ashfords LLP,Bristol,BS2,business_professional,apprenticeship,admin|finance|sales|project_coord|software,medium,0,low,https://ashfords.co.uk/careers,"Bristol employer (Bristol) with apprenticeship vacancies on Find an Apprenticeship. Recent roles include: Business Administrator Apprentice; Paralegal Apprentice (Ashfords, Bristol); Business Administration Apprentice. Standards/frameworks: Business administrator, Paralegal, Business administrator.","ASHFORDS LLP Bristol Bristol business_professional apprenticeship admin finance sales project_coord software Business Administrator Apprentice Paralegal Apprentice (Ashfords, Bristol) Business Administration Apprentice Business administrator Paralegal Business administrator apprenticeship school leaver",seed
GLC723,Assa Abloy Limited,Cheltenham,GL51,business_professional,apprenticeship,admin|finance|sales|project_coord|engineer_ops,medium,0,medium,https://assaabloy.com/career,"Gloucestershire employer (Cheltenham) with apprenticeship vacancies on Find an Apprenticeship. Recent roles include: Business Admin Apprentice – Planning & Operations; Craft Engineering Apprentice - Toolmaker; Apprentice Project Manager. Standards/frameworks: Business administrator, Business administrator.",ASSA ABLOY LIMITED Cheltenham Gloucestershire business_professional apprenticeship admin finance sales project_coord engineer_ops Business Admin Apprentice – Planning & Operations Craft Engineering Apprentice - Toolmaker Apprentice Project Manager Business administrator Business administrator apprenticeship school leaver,seed
GLC724,Attivo Group Limited,Gloucestershire,GL50,business_professional,apprenticeship,admin|finance|sales|project_coord|care,medium,0,low,https://attivogroup.co.uk/careers,"Gloucestershire employer (Gloucestershire) with apprenticeship vacancies on Find an Apprenticeship. Recent roles include: Business Administration Apprentice; Business Administration Apprentice; Business Administrator Apprentice. Standards/frameworks: Business administrator, Business administrator, Business administrator.",ATTIVO GROUP LIMITED Gloucestershire Gloucestershire business_professional apprenticeship admin finance sales project_coord care Business Administration Apprentice Business Administration Apprentice Business Administrator Apprentice Business administrator Business administrator Business administrator apprenticeship school leaver,seed
GLC725,Barbon Insurance Group Limited,Local Area,GL1,business_professional,apprenticeship,admin|finance|sales|project_coord,medium,0,low,https://barbon.com/careers,"Gloucestershire employer (Local Area) with apprenticeship vacancies on Find an Apprenticeship. Recent roles include: Finance Apprentice (PIB); Customer Service Apprentice (PIB); Compliance Apprentice (PIB). Standards/frameworks: Assistant accountant, Business administrator, Compliance and risk officer.",BARBON INSURANCE GROUP LIMITED Local Area Gloucestershire business_professional apprenticeship admin finance sales project_coord Finance Apprentice (PIB) Customer Service Apprentice (PIB) Compliance Apprentice (PIB) Assistant accountant Business administrator Compliance and risk officer apprenticeship school leaver,seed
GLC726,Baylis (Gloucester) Limited,Cheltenham,GL51,aerospace_manufacturing|hospitality_retail,apprenticeship,customer_success|sales|ops|engineer_ops|manufacturing,medium,0,high,https://baylis.uk.com/careers,"Gloucestershire employer (Cheltenham) with apprenticeship vacancies on Find an Apprenticeship. Recent roles include: Service Technician Apprenticeship - Baylis Vauxhall Cheltenham; Electric Vehicle Maintenance & Repair Apprenticeship - Baylis Vauxhall Cheltenham; Electric Vehicle Maintenance & Repair Apprenticeship - Baylis Vauxhall Gloucester. Standards/frameworks: Motor vehicle service and maintenance technician (light vehicle), Motor vehicle service and maintenance technician (light vehicle),",BAYLIS (GLOUCESTER) LIMITED Cheltenham Gloucestershire aerospace_manufacturing hospitality_retail apprenticeship customer_success sales ops engineer_ops manufacturing Service Technician Apprenticeship - Baylis Vauxhall Cheltenham Electric Vehicle Maintenance & Repair Apprenticeship - Baylis Vauxhall Cheltenham Electric Vehicle Maintenance & Repair Apprenticeship - Baylis Vauxhall Gloucester Motor vehicle service and maintenance technician (light vehicle) Motor vehicle service and maintenance technician (light vehicle) Motor vehicle service and maintenance technician (light vehicle) apprenticeship school leaver,seed
GLC727,Bell Decorating Group Limited,Bristol,BS40,construction_green|business_professional,apprenticeship|school_leaver,admin|finance|sales|project_coord|technician,medium,0,medium,https://belldecoratinggroup.co.uk/careers,"Bristol employer (Bristol) with apprenticeship vacancies on Find an Apprenticeship. Recent roles include: Business Admin Level 3 Apprenticeship; Apprentice Decorator; Property Maintenance Apprentice. Standards/frameworks: Business administrator, Painter and decorator, Property maintenance operative.",BELL DECORATING GROUP LIMITED Bristol Bristol construction_green business_professional apprenticeship school_leaver admin finance sales project_coord technician field_ops ops engineer_ops care Business Admin Level 3 Apprenticeship Apprentice Decorator Property Maintenance Apprentice Business administrator Painter and decorator Property maintenance operative apprenticeship school leaver,seed
GLC728,Bishop Fleming LLP,Bristol,BS1,business_professional|cyber_digital,apprenticeship|higher_apprenticeship,admin|finance|sales|project_coord|software,medium,0,low,https://bishopfleming.co.uk/careers,"Bristol employer (Bristol) with apprenticeship vacancies on Find an Apprenticeship. Recent roles include: IT Support Apprentice; Power Platform Developer Apprentice; IT Support Apprentice. Standards/frameworks: Digital support technician, Software developer, Digital support technician.",BISHOP FLEMING LLP Bristol Bristol business_professional cyber_digital apprenticeship higher_apprenticeship admin finance sales project_coord software cyber data analyst IT Support Apprentice Power Platform Developer Apprentice IT Support Apprentice Digital support technician Software developer Digital support technician apprenticeship school leaver,seed
GLC729,Broadstone Corporate Benefits Limited,Bristol,BS1,business_professional,apprenticeship,admin|finance|sales|project_coord|software,medium,0,high,https://broadstone.co.uk/careers,"Bristol employer (Bristol) with apprenticeship vacancies on Find an Apprenticeship. Recent roles include: Pensions Administration Apprentice  (36422); Pensions Administration Apprentice  (36422); Pensions Administration Apprentice  (36295). Standards/frameworks: Workplace pensions (administrator or consultant), Workplace pensions (administrator or consultant), Workplace pensions (administrator or consultant).",BROADSTONE CORPORATE BENEFITS LIMITED Bristol Bristol business_professional apprenticeship admin finance sales project_coord software Pensions Administration Apprentice  (36422) Pensions Administration Apprentice  (36422) Pensions Administration Apprentice  (36295) Workplace pensions (administrator or consultant) Workplace pensions (administrator or consultant) Workplace pensions (administrator or consultant) apprenticeship school leaver,seed
GLC730,CACI Limited,Bristol,BS1,cyber_digital|business_professional,apprenticeship|higher_apprenticeship,admin|finance|sales|project_coord|software,medium,0,low,https://careers.caci.co.uk,"Bristol employer (Bristol) with apprenticeship vacancies on Find an Apprenticeship. Recent roles include: Corporate Social Responsibility and Sustainability Apprentice; Level 4 Software Developer Apprenticeship; Level 4 Software Developer Apprentice. Standards/frameworks: Corporate responsibility and sustainability practitioner, Software developer, Software developer.",CACI LIMITED Bristol Bristol cyber_digital business_professional apprenticeship higher_apprenticeship admin finance sales project_coord software cyber data analyst care Corporate Social Responsibility and Sustainability Apprentice Level 4 Software Developer Apprenticeship Level 4 Software Developer Apprentice Corporate responsibility and sustainability practitioner Software developer Software developer apprenticeship school leaver,seed
GLC731,Couch Perry Wilkes,Bristol,BS1,construction_green,apprenticeship|higher_apprenticeship,technician|field_ops|ops|engineer_ops|software,medium,0,low,https://cpwp.com/careers,"Bristol employer (Bristol) with apprenticeship vacancies on Find an Apprenticeship. Recent roles include: Design Engineer Apprenticeship; Design Engineer Apprenticeship; Design Engineer Apprenticeship. Standards/frameworks: Building services engineering technician, Building services engineering technician, Building services engineering technician.",CPW Bristol Bristol construction_green apprenticeship higher_apprenticeship technician field_ops ops engineer_ops software Design Engineer Apprenticeship Design Engineer Apprenticeship Design Engineer Apprenticeship Building services engineering technician Building services engineering technician Building services engineering technician apprenticeship school leaver,seed
GLC732,Dallmeier Electronics UK Ltd,Pucklechurch,BS16,business_professional,apprenticeship,admin|finance|sales|project_coord|software,medium,0,low,https://dallmeier.com/career,"Bristol employer (Pucklechurch) with apprenticeship vacancies on Find an Apprenticeship. Recent roles include: information communications Technician Apprentice; information communications Technician Apprentice; information communications Technician Apprentice. Standards/frameworks: Information communications technician, Information communications technician, Information communications technician.",DALLMEIER ELECTRONICS UK LTD Pucklechurch Bristol business_professional apprenticeship admin finance sales project_coord software information communications Technician Apprentice information communications Technician Apprentice information communications Technician Apprentice Information communications technician Information communications technician Information communications technician apprenticeship school leaver,seed
GLC733,Dovetail and Slate Limited,Bristol,BS32,business_professional,apprenticeship,admin|finance|sales|project_coord|software,medium,0,low,https://dovetailandslate.co.uk,"Bristol employer (Bristol) with apprenticeship vacancies on Find an Apprenticeship. Recent roles include: Recruitment Operations & Business Administration Apprentice; Recruitment Operations & Business Administration Apprentice; Recruitment Operations & Business Administration Apprentice. Standards/frameworks: Business administrator, Business administrator, Business administrator.",DOVETAIL AND SLATE LIMITED Bristol Bristol business_professional apprenticeship admin finance sales project_coord software Recruitment Operations & Business Administration Apprentice Recruitment Operations & Business Administration Apprentice Recruitment Operations & Business Administration Apprentice Business administrator Business administrator Business administrator apprenticeship school leaver,seed
GLC734,DWF Law LLP,Bristol,BS1,business_professional,apprenticeship|higher_apprenticeship,admin|finance|sales|project_coord,medium,0,low,https://dwfgroup.com/en/careers,"Bristol employer (Bristol) with apprenticeship vacancies on Find an Apprenticeship. Recent roles include: Solicitor Apprenticeship (Bristol); Solicitor Apprenticeship (Bristol); Solicitor Apprenticeship - DWF - Bristol. Standards/frameworks: Solicitor, Solicitor, Solicitor.",DWF LAW LLP Bristol Bristol business_professional apprenticeship higher_apprenticeship admin finance sales project_coord Solicitor Apprenticeship (Bristol) Solicitor Apprenticeship (Bristol) Solicitor Apprenticeship - DWF - Bristol Solicitor Solicitor Solicitor apprenticeship school leaver,seed
GLC735,TLT LLP,Bristol,BS1,business_professional,apprenticeship|higher_apprenticeship,admin|finance|sales|project_coord,medium,0,low,https://tlt.com/careers,"Bristol employer (Bristol) with apprenticeship vacancies on Find an Apprenticeship. Recent roles include: Legal Apprentice; Legal Solicitor Apprentice with TLT LLP; Solicitor Apprenticeship Level 7. Standards/frameworks: Solicitor, Solicitor, Solicitor.",TLT LLP Bristol Bristol business_professional apprenticeship higher_apprenticeship admin finance sales project_coord Legal Apprentice Legal Solicitor Apprentice with TLT LLP Solicitor Apprenticeship Level 7 Solicitor Apprenticeship Level 7 Solicitor Solicitor Solicitor apprenticeship school leaver,seed
GLC736,Torrecid UK - Surcotech Ltd,Newent,GL18,business_professional,apprenticeship,admin|finance|sales|project_coord|care,medium,0,low,https://torrecid.com/careers,"Gloucestershire employer (Newent) with apprenticeship vacancies on Find an Apprenticeship. Recent roles include: Production Technician Apprentice; Production Technician Apprentice; Production Technician Apprentice. Standards/frameworks: Laboratory technician, Laboratory technician, Laboratory technician.",TORRECID UK - SURCOTECH LTD Newent Gloucestershire business_professional apprenticeship admin finance sales project_coord care Production Technician Apprentice Production Technician Apprentice Production Technician Apprentice Production Technician Apprentice Laboratory technician Laboratory technician Laboratory technician apprenticeship school leaver,seed
GLC737,Trelleborg Sealing Solutions UK Limited,Tewkesbury,GL20,aerospace_manufacturing|business_professional,apprenticeship,admin|finance|sales|project_coord|engineer_ops,medium,0,medium,https://trelleborg.com/en/career,"Gloucestershire employer (Tewkesbury) with apprenticeship vacancies on Find an Apprenticeship. Recent roles include: Level 3 Engineering Technician Apprenticeship; Apprentice Engineering Technician; Apprentice Engineering Technician. Standards/frameworks: Engineering technician, Engineering technician.",TRELLEBORG SEALING SOLUTIONS UK LIMITED Tewkesbury Gloucestershire aerospace_manufacturing business_professional apprenticeship admin finance sales project_coord engineer_ops manufacturing technician quality Level 3 Engineering Technician Apprenticeship Apprentice Engineering Technician Apprentice Engineering Technician Apprentice Engineer Engineering technician Engineering technician apprenticeship school leaver,seed
GLC738,Truck and Bus Wales & West,Bristol,BS10,business_professional,apprenticeship|school_leaver,admin|finance|sales|project_coord|care,medium,0,low,https://walesandwesttruckandbus.co.uk/careers,"Bristol employer (Bristol) with apprenticeship vacancies on Find an Apprenticeship. Recent roles include: Apprentice Heavy Vehicle Technician; Apprentice Customer Service Parts Advisor; Apprentice Heavy Vehicle Technician. Standards/frameworks: Heavy vehicle service and maintenance technician, Customer service practitioner, Heavy vehicle service and maintenance technician.",Truck and Bus Wales & West (Volvo) Bristol Bristol business_professional apprenticeship school_leaver admin finance sales project_coord care customer_success Apprentice Heavy Vehicle Technician Apprentice Customer Service Parts Advisor Apprentice Heavy Vehicle Technician Apprentice Heavy Vehicle Technician Heavy vehicle service and maintenance technician Customer service practitioner Heavy vehicle service and maintenance technician apprenticeship school leaver,seed
GLC739,Urbaser Limited,Cheltenham,GL53,business_professional|agri_tech_food,apprenticeship|school_leaver,admin|finance|sales|project_coord|software,medium,0,low,https://urbaser.co.uk/careers,"Gloucestershire employer (Cheltenham) with apprenticeship vacancies on Find an Apprenticeship. Recent roles include: Accounts Administration Apprentice; Horticulture/Landscape Operative Apprentice; Apprentice Accounts Administrator. Standards/frameworks: Business administrator, Horticulture or landscape operative, Business administrator.",URBASER LIMITED Cheltenham Gloucestershire business_professional agri_tech_food apprenticeship school_leaver admin finance sales project_coord software field_ops ops technician Accounts Administration Apprentice Horticulture/Landscape Operative Apprentice Apprentice Accounts Administrator Apprentice Payroll Administrator Business administrator Horticulture or landscape operative Business administrator apprenticeship school leaver,seed
GLC740,Workman LLP,Bristol,BS1,business_professional,apprenticeship|school_leaver,admin|finance|sales|project_coord|software,medium,0,low,https://workman.co.uk/careers,"Bristol employer (Bristol) with apprenticeship vacancies on Find an Apprenticeship. Recent roles include: Accounts Apprentice; Accounts Apprentice; Accounts Apprentice. Standards/frameworks: Accounts or finance assistant, Accounts or finance assistant, Accounts or finance assistant.",WORKMAN LLP Bristol Bristol business_professional apprenticeship school_leaver admin finance sales project_coord software Accounts Apprentice Accounts Apprentice Accounts Apprentice Accounts or Finance Assistant Apprentice Accounts or finance assistant Accounts or finance assistant Accounts or finance assistant apprenticeship school leaver,seed
GLC741,The PE and Sports Project,Gloucestershire,BS1,health_care,apprenticeship|higher_apprenticeship,care|admin,medium,0,low,https://peandsportsproject.co.uk,"Bristol employer (Gloucestershire) with apprenticeship vacancies on Find an Apprenticeship. Recent roles include: Sports Coach Apprentice; Sports Coach Apprentice; Sports Coach Apprentice. Standards/frameworks: Sports coach, Sports coach, Sports coach.",The PE &amp; Sports Project Gloucestershire Bristol health_care apprenticeship higher_apprenticeship care admin Sports Coach Apprentice Sports Coach Apprentice Sports Coach Apprentice Sports Coach Apprentice Sports coach Sports coach Sports coach apprenticeship school leaver,seed
GLC742,Wishford Education,Tetbury,GL8,cyber_digital|business_professional,apprenticeship,admin|finance|sales|project_coord|software,medium,0,medium,https://wishford.co.uk/careers,"Gloucestershire employer (Tetbury) with apprenticeship vacancies on Find an Apprenticeship. Recent roles include: IT Solutions Apprenticeship; IT Solutions Apprentice; IT Solutions Apprentice. Standards/frameworks: Information communications technician, IT solutions technician, IT solutions technician.",Wishford Education Tetbury Gloucestershire cyber_digital business_professional apprenticeship admin finance sales project_coord software cyber data analyst care IT Solutions Apprenticeship IT Solutions Apprentice IT Solutions Apprentice IT Solutions Apprentice Information communications technician IT solutions technician IT solutions technician apprenticeship school leaver,seed
GLC743,All Saints' Academy Cheltenham,Cheltenham,GL51,education_training,apprenticeship,teaching_support|admin|care,medium,0,low,https://asachelt.org/vacancies,"Gloucestershire employer (Cheltenham) with apprenticeship vacancies on Find an Apprenticeship. Recent roles include: Teaching Assistant Apprentice; Teaching Assistant Apprentice; Teaching Assistant Apprentice. Standards/frameworks: Teaching assistant, Teaching assistant, Teaching assistant.","ALL SAINTS' ACADEMY, CHELTENHAM Cheltenham Gloucestershire education_training apprenticeship teaching_support admin care Teaching Assistant Apprentice Teaching Assistant Apprentice Teaching Assistant Apprentice Teaching assistant Teaching assistant Teaching assistant apprenticeship school leaver",seed
GLC744,Baytree Community School,Long Ashton,BS41,education_training|health_care,apprenticeship|school_leaver,teaching_support|admin|care|software|cyber,medium,0,low,https://baytreeschool.co.uk,"Bristol employer (Long Ashton) with apprenticeship vacancies on Find an Apprenticeship. Recent roles include: Nursery Apprentice; Nursery Apprentice; Apprentice Administration Assistant. Standards/frameworks: Early years educator, Early years practitioner, Customer service practitioner.",Baytree Community School Long Ashton Bristol education_training health_care apprenticeship school_leaver teaching_support admin care software cyber Nursery Apprentice Nursery Apprentice Apprentice Administration Assistant Early years educator Early years practitioner Customer service practitioner apprenticeship school leaver,seed
GLC745,Bibury Primary School,Gloucestershire,GL7,education_training,apprenticeship,teaching_support|admin|care|software|cyber,medium,0,low,https://bibury.gloucs.sch.uk,"Gloucestershire employer (Gloucestershire) with apprenticeship vacancies on Find an Apprenticeship. Recent roles include: Apprentice Teaching Assistant; Teaching Assistant Apprentice; Apprentice Teaching Assistant. Standards/frameworks: Teaching assistant, Teaching assistant, Teaching assistant.",Bibury Primary School Gloucestershire Gloucestershire education_training apprenticeship teaching_support admin care software cyber Apprentice Teaching Assistant Teaching Assistant Apprentice Apprentice Teaching Assistant Teaching assistant Teaching assistant Teaching assistant apprenticeship school leaver,seed
GLC746,Blackhorse Primary School,Bristol,BS16,education_training,apprenticeship,teaching_support|admin|care|software|cyber,medium,0,low,https://blackhorseprimary.org.uk,"Bristol employer (Bristol) with apprenticeship vacancies on Find an Apprenticeship. Recent roles include: Apprentice Teaching Assistant Level 3; Apprentice Teaching Assistant Level 3; Apprentice Teaching Assistant Level 3. Standards/frameworks: Teaching assistant, Teaching assistant, Teaching assistant.",Blackhorse Primary School Bristol Bristol education_training apprenticeship teaching_support admin care software cyber Apprentice Teaching Assistant Level 3 Apprentice Teaching Assistant Level 3 Apprentice Teaching Assistant Level 3 Teaching assistant Teaching assistant Teaching assistant apprenticeship school leaver,seed
GLC747,Bristol Free School,Bristol,BS10,education_training,apprenticeship,teaching_support|admin|care|software|cyber,medium,0,low,https://bristolfreeschool.org.uk/vacancies,"Bristol employer (Bristol) with apprenticeship vacancies on Find an Apprenticeship. Recent roles include: Apprentice Teaching Assistant Level 3; Teaching Assistant Apprentice; Teaching Assistant Apprentice. Standards/frameworks: Teaching assistant, Teaching assistant, Teaching assistant.",Bristol Free School Bristol Bristol education_training apprenticeship teaching_support admin care software cyber Apprentice Teaching Assistant Level 3 Teaching Assistant Apprentice Teaching Assistant Apprentice Teaching assistant Teaching assistant Teaching assistant apprenticeship school leaver,seed
GLC748,Churchdown School Academy,Gloucester,GL3,education_training,apprenticeship,teaching_support|admin|care|software|cyber,medium,0,low,https://churchdownschool.com,"Gloucestershire employer (Gloucester) with apprenticeship vacancies on Find an Apprenticeship. Recent roles include: Learning Support Assistant Apprentice; Learning Support Assistant Apprentice; Learning Support Assistant Apprentice. Standards/frameworks: Teaching assistant, Teaching assistant, Teaching assistant.",CHURCHDOWN SCHOOL ACADEMY Gloucester Gloucestershire education_training apprenticeship teaching_support admin care software cyber Learning Support Assistant Apprentice Learning Support Assistant Apprentice Learning Support Assistant Apprentice Teaching assistant Teaching assistant Teaching assistant apprenticeship school leaver,seed
GLC749,Cirencester Kingshill School,Glos,GL7,business_professional,apprenticeship,admin|finance|sales|project_coord|software,medium,0,low,https://cirencesterkingshill.gloucs.sch.uk,"Gloucestershire employer (Glos) with apprenticeship vacancies on Find an Apprenticeship. Recent roles include: Apprentice IT Support Technician; Apprentice IT Support Technician; Apprentice IT Support Technician. Standards/frameworks: Information communications technician, Information communications technician, Information communications technician.",Cirencester Kingshill School Glos Gloucestershire business_professional apprenticeship admin finance sales project_coord software Apprentice IT Support Technician Apprentice IT Support Technician Apprentice IT Support Technician Information communications technician Information communications technician Information communications technician apprenticeship school leaver,seed
GLC750,Cirencester Primary School,Cirencester,GL7,education_training,apprenticeship,teaching_support|admin|care,medium,0,medium,https://cirencesterprimaryschool.co.uk,"Gloucestershire employer (Cirencester) with apprenticeship vacancies on Find an Apprenticeship. Recent roles include: Teaching Assistant Apprentice; Teaching Assistant Apprentice; Teaching Assistant Apprentice. Standards/frameworks: Teaching assistant, Teaching assistant, Teaching assistant.",Cirencester Primary School Cirencester Gloucestershire education_training apprenticeship teaching_support admin care Teaching Assistant Apprentice Teaching Assistant Apprentice Teaching Assistant Apprentice Teaching assistant Teaching assistant Teaching assistant apprenticeship school leaver,seed
GLC751,Culverhill School,Bristol,BS37,education_training,apprenticeship,teaching_support|admin|care,medium,0,low,https://culverhillschool.org.uk,"Bristol employer (Bristol) with apprenticeship vacancies on Find an Apprenticeship. Recent roles include: Business Administration Apprenticeship - Culverhill School; Business Administration Apprenticeship - Culverhill School; Business Administration Apprenticeship - Culverhill School. Standards/frameworks: Business administrator, Business administrator, Business administrator.",Culverhill School Bristol Bristol education_training apprenticeship teaching_support admin care Business Administration Apprenticeship - Culverhill School Business Administration Apprenticeship - Culverhill School Business Administration Apprenticeship - Culverhill School Business administrator Business administrator Business administrator apprenticeship school leaver,seed
GLC752,E-ACT,Bristol,BS13,construction_green|health_care,apprenticeship|school_leaver|higher_apprenticeship,technician|field_ops|ops|engineer_ops|care,medium,0,low,https://e-act.org.uk/careers,"Bristol employer (Bristol) with apprenticeship vacancies on Find an Apprenticeship. Recent roles include: Apprentice Site Officer; Property Maintenance Apprentice; Apprentice Sports Coach. Standards/frameworks: Property maintenance operative, Property maintenance operative, Sports coach.",E-ACT Bristol Bristol construction_green health_care apprenticeship school_leaver higher_apprenticeship technician field_ops ops engineer_ops care admin Apprentice Site Officer Property Maintenance Apprentice Apprentice Sports Coach Property maintenance operative Property maintenance operative Sports coach apprenticeship school leaver,seed
GLC753,Farrington Gurney CE Primary School,Farrington Gurney,BS39,education_training,apprenticeship,teaching_support|admin|care,medium,0,low,https://farringtongurneyschool.co.uk,"Bristol employer (Farrington Gurney) with apprenticeship vacancies on Find an Apprenticeship. Recent roles include: Level 3 Teaching Assistant Apprenticeship at Farrington Gurney CE Primary School; Level 3 Teaching Assistant Apprenticeship at Farrington Gurney CE Primary School; Level 3 Teaching Assistant Apprenticeship at Farrington Gurney CE Primary School,. Standards/frameworks: Teaching assistant, Teaching assistant, Teaching assistant.","Farrington Gurney CE Primary School Farrington Gurney Bristol education_training apprenticeship teaching_support admin care Level 3 Teaching Assistant Apprenticeship at Farrington Gurney CE Primary School Level 3 Teaching Assistant Apprenticeship at Farrington Gurney CE Primary School Level 3 Teaching Assistant Apprenticeship at Farrington Gurney CE Primary School, Teaching assistant Teaching assistant Teaching assistant apprenticeship school leaver",seed
GLC754,AbleCare Homes,Bristol,BS16,business_professional|construction_green,apprenticeship|school_leaver,customer_success|ops|events|care|technician,medium,0,low,https://ablecare-homes.co.uk/careers,"Bristol employer (Bristol) with apprenticeship vacancies on Find an Apprenticeship. Recent roles include: Production Chef Apprentice (Ablecare Homes); Facilities Services Operative Apprentice; Apprentice Admin Assistant. Standards/frameworks: Production chef, Facilities services operative, Business administrator.",AbleCare Homes Bristol Bristol business_professional construction_green apprenticeship school_leaver customer_success ops events care technician field_ops engineer_ops admin finance sales project_coord software Production Chef Apprentice (Ablecare Homes) Facilities Services Operative Apprentice Apprentice Admin Assistant Production chef Facilities services operative Business administrator apprenticeship school leaver,seed
GLC755,B & S Healthcare Ltd,Bedminster,BS3,business_professional,apprenticeship,admin|finance|sales|project_coord|software,medium,0,low,https://bnshealthcare.com/careers,"Bristol employer (Bedminster) with apprenticeship vacancies on Find an Apprenticeship. Recent roles include: Business Administration Apprentice; Business Admin Apprentice; Business Administration Apprentice. Standards/frameworks: Business administrator, Business administrator, Business administrator.",B & S HEALTHCARE LTD Bedminster Bristol business_professional apprenticeship admin finance sales project_coord software Business Administration Apprentice Business Admin Apprentice Business Administration Apprentice Business administrator Business administrator Business administrator apprenticeship school leaver,seed
GLC756,Badham Pharmacy Limited,Local Area,GL3,hospitality_retail,apprenticeship|school_leaver,customer_success|sales|ops,medium,0,low,https://badhampharmacy.co.uk/careers,"Gloucestershire employer (Local Area) with apprenticeship vacancies on Find an Apprenticeship. Recent roles include: Apprentice Retail Pharmacy Assistant - Badham Pharmacy- Bishops Cleeve (Stoke Road); Apprentice Retail Pharmacy Assistant - Badham Pharmacy - Brockworth; Apprentice Retail Pharmacy Assistant - Badham Pharmacy- Cheltenham. Standards/frameworks: Retailer, Retailer, Retailer.",BADHAM PHARMACY  LIMITED Local Area Gloucestershire hospitality_retail apprenticeship school_leaver customer_success sales ops Apprentice Retail Pharmacy Assistant - Badham Pharmacy- Bishops Cleeve (Stoke Road) Apprentice Retail Pharmacy Assistant - Badham Pharmacy - Brockworth Apprentice Retail Pharmacy Assistant - Badham Pharmacy- Cheltenham Retailer Retailer Retailer apprenticeship school leaver,seed
GLC757,Boots,Portishead,BS20,business_professional,apprenticeship,admin|finance|sales|project_coord,medium,0,low,https://boots.jobs,Bristol employer (Portishead) with apprenticeship vacancies on Find an Apprenticeship. Recent roles include: Apprentice Optical Assistant; Apprentice Optical Assistant; Apprentice Optical Assistant.,Boots Opticians Portishead Bristol business_professional apprenticeship admin finance sales project_coord Apprentice Optical Assistant Apprentice Optical Assistant Apprentice Optical Assistant apprenticeship school leaver,seed
GLC758,Hadwen Health,Gloucester,GL4,business_professional|hospitality_retail,apprenticeship|school_leaver,admin|finance|sales|project_coord|customer_success,medium,0,low,https://hadwenhealth.co.uk/vacancies,"Gloucestershire employer (Gloucester) with apprenticeship vacancies on Find an Apprenticeship. Recent roles include: Customer Service Apprentice; Customer Service Apprentice; Customer Service Apprentice. Standards/frameworks: Customer service practitioner, Customer service practitioner, Customer service practitioner.",Hadwen Health Gloucester Gloucestershire business_professional hospitality_retail apprenticeship school_leaver admin finance sales project_coord customer_success Customer Service Apprentice Customer Service Apprentice Customer Service Apprentice Customer service practitioner Customer service practitioner Customer service practitioner apprenticeship school leaver,seed
GLC759,Toddington Day Nursery,Nr Cheltenham,GL54,education_training|health_care,apprenticeship|school_leaver,teaching_support|admin|care,medium,0,low,https://toddingtondaynursery.co.uk,"Gloucestershire employer (Nr Cheltenham) with apprenticeship vacancies on Find an Apprenticeship. Recent roles include: Early Years Level 2 Apprenticeship; Early Years Level 3 Apprenticeship; Early Years Level 3 Apprenticeship. Standards/frameworks: Early years practitioner, Early years educator, Early years educator.",Toddington Day Nursery Nr Cheltenham Gloucestershire education_training health_care apprenticeship school_leaver teaching_support admin care Early Years Level 2 Apprenticeship Early Years Level 3 Apprenticeship Early Years Level 3 Apprenticeship Early Years Level 2 Apprenticeship Early years practitioner Early years educator Early years educator apprenticeship school leaver,seed
GLC760,Beansprouts Childcare Limited,Weston Super Mare,BS22,education_training|health_care,apprenticeship|school_leaver,teaching_support|admin|care,medium,0,low,https://beansproutschildcare.co.uk,"Bristol employer (Weston Super Mare) with apprenticeship vacancies on Find an Apprenticeship. Recent roles include: Early Years Practitioner Apprenticeship; Early Years Practitioner Apprenticeship; Early Years Childcare apprentice. Standards/frameworks: Early years practitioner, Early years practitioner, Early years practitioner.",BEANSPROUTS CHILDCARE LIMITED Weston Super Mare Bristol education_training health_care apprenticeship school_leaver teaching_support admin care Early Years Practitioner Apprenticeship Early Years Practitioner Apprenticeship Early Years Childcare apprentice Early years practitioner Early years practitioner Early years practitioner apprenticeship school leaver,seed
GLC761,Bristol Child Care Ltd,Bristol,BS8,education_training|health_care,apprenticeship|school_leaver,teaching_support|admin|care,medium,0,medium,https://bristolchildcare.co.uk/careers,"Bristol employer (Bristol) with apprenticeship vacancies on Find an Apprenticeship. Recent roles include: Early Years Level 2 Apprenticeship - Mornington House Bristol Childcare; Early Years Level 3 Apprenticeship - The Priory Day Nursery; Early Years Level 2 Apprenticeship - Mornington House Bristol Childcare. Standards/frameworks: Early years practitioner, Early years educator, Early years practitioner.",BRISTOL CHILD CARE LTD Bristol Bristol education_training health_care apprenticeship school_leaver teaching_support admin care Early Years Level 2 Apprenticeship - Mornington House Bristol Childcare Early Years Level 3 Apprenticeship - The Priory Day Nursery Early Years Level 2 Apprenticeship - Mornington House Bristol Childcare Early years practitioner Early years educator Early years practitioner apprenticeship school leaver,seed
GLC762,Buckingham Gardens Day Nursery Ltd,Bristol,BS16,education_training|health_care,apprenticeship,teaching_support|admin|care|software|cyber,medium,0,low,https://buckinghamgardensdaynursery.co.uk,"Bristol employer (Bristol) with apprenticeship vacancies on Find an Apprenticeship. Recent roles include: Level 3 Early Years Educator  Apprentice; Level 3 Early Years Educator  Apprentice; Level 3 Early Years Educator  Apprentice. Standards/frameworks: Early years educator, Early years educator, Early years educator.",BUCKINGHAM GARDENS DAY NURSERY LTD Bristol Bristol education_training health_care apprenticeship teaching_support admin care software cyber Level 3 Early Years Educator  Apprentice Level 3 Early Years Educator  Apprentice Level 3 Early Years Educator  Apprentice Early years educator Early years educator Early years educator apprenticeship school leaver,seed
GLC763,South Cerney Outdoor Limited,Cirencester,GL7,health_care|hospitality_tourism,apprenticeship|school_leaver,care|admin|customer_success|ops|events,medium,0,low,https://southcerneyoutdoor.co.uk,"Gloucestershire employer (Cirencester) with apprenticeship vacancies on Find an Apprenticeship. Recent roles include: Outdoor Instructor Apprentice; Commis Chef Apprentice; Commis Chef Apprentice. Standards/frameworks: Outdoor activity instructor, Commis chef, Commis chef.",SOUTH CERNEY OUTDOOR LIMITED Cirencester Gloucestershire health_care hospitality_tourism apprenticeship school_leaver care admin customer_success ops events Outdoor Instructor Apprentice Commis Chef Apprentice Commis Chef Apprentice Outdoor Instructor Apprenticeship Outdoor activity instructor Commis chef Commis chef apprenticeship school leaver,seed
GLC764,Wolfridge Alpaca Barn,Alveston,BS35,hospitality_tourism,apprenticeship|school_leaver,customer_success|ops|events|care,medium,0,low,https://wolfridgealpaca.co.uk,"Bristol employer (Alveston) with apprenticeship vacancies on Find an Apprenticeship. Recent roles include: Catering Assistant & Café Assistant Apprentice; Catering Assistant & Café Assistant Apprentice; Catering Assistant & Café Assistant Apprentice. Standards/frameworks: Hospitality team member, Hospitality team member, Hospitality team member.",Wolfridge Alpaca Barn Alveston Bristol hospitality_tourism apprenticeship school_leaver customer_success ops events care Catering Assistant & Café Assistant Apprentice Catering Assistant & Café Assistant Apprentice Catering Assistant & Café Assistant Apprentice Catering Assistant & Café Assistant Apprentice Hospitality team member Hospitality team member Hospitality team member apprenticeship school leaver,seed
GLC765,Woodhouse Park Activity Centre,Bristol,BS32,health_care,apprenticeship,care|admin,medium,0,medium,https://woodhousepark.org.uk/about/jobs,"Bristol employer (Bristol) with apprenticeship vacancies on Find an Apprenticeship. Recent roles include: Apprentice Multi-Activity Instructor; Apprentice Multi-Activity Instructor; Apprentice Outdoor Activity Instructor. Standards/frameworks: Outdoor activity instructor, Outdoor activity instructor, Outdoor activity instructor.",Woodhouse Park Activity Centre Bristol Bristol health_care apprenticeship care admin Apprentice Multi-Activity Instructor Apprentice Multi-Activity Instructor Apprentice Outdoor Activity Instructor Apprentice Multi-Activity Instructor Outdoor activity instructor Outdoor activity instructor Outdoor activity instructor apprenticeship school leaver,seed
GLC766,The Clifton Club,Bristol,BS8,hospitality_tourism,apprenticeship|school_leaver,customer_success|ops|events|care,medium,0,low,https://thecliftonclub.co.uk,"Bristol employer (Bristol) with apprenticeship vacancies on Find an Apprenticeship. Recent roles include: Commis Chef Apprentice; Commis Chef Apprentice; Commis Chef Apprentice. Standards/frameworks: Commis chef, Commis chef, Commis chef.",CLIFTON CLUB THE SECRETARY Bristol Bristol hospitality_tourism apprenticeship school_leaver customer_success ops events care Commis Chef Apprentice Commis Chef Apprentice Commis Chef Apprentice Commis chef Commis chef Commis chef apprenticeship school leaver,seed
GLC767,David Lloyd Leisure Limited,Gloucester,GL3,hospitality_tourism,apprenticeship|school_leaver,customer_success|ops|events|care,medium,0,low,https://careers.davidlloyd.co.uk,"Gloucestershire employer (Gloucester) with apprenticeship vacancies on Find an Apprenticeship. Recent roles include: Apprentice Chef; Apprentice Chef; Apprentice Chef. Standards/frameworks: Production chef, Production chef, Production chef.",DAVID LLOYD LEISURE LIMITED Gloucester Gloucestershire hospitality_tourism apprenticeship school_leaver customer_success ops events care Apprentice Chef Apprentice Chef Apprentice Chef Production chef Production chef Production chef apprenticeship school leaver,seed
GLC768,Freedom Leisure,Local Area,GL14,hospitality_tourism,apprenticeship|school_leaver,customer_success|ops|events,medium,0,low,https://freedom-leisure.co.uk/careers,"Gloucestershire employer (Local Area) with apprenticeship vacancies on Find an Apprenticeship. Recent roles include: Leisure Team Member Apprenticeship; Leisure Team Member Apprenticeship; Leisure Team Member Apprenticeship. Standards/frameworks: Leisure team member, Leisure team member, Leisure team member.",Freedom Leisure - Cinderford Sports Centre (DU) Local Area Gloucestershire hospitality_tourism apprenticeship school_leaver customer_success ops events Leisure Team Member Apprenticeship Leisure Team Member Apprenticeship Leisure Team Member Apprenticeship Leisure team member Leisure team member Leisure team member apprenticeship school leaver,seed
GLC769,Genix Healthcare Ltd,Cirencester,GL7,business_professional|health_care,apprenticeship,admin|finance|sales|project_coord|care,medium,0,medium,https://genixhealthcare.com/careers,"Gloucestershire employer (Cirencester) with apprenticeship vacancies on Find an Apprenticeship. Recent roles include: Apprentice Dental Nurse - Gloucester; Admin Dental Receptionist apprentice; Dental Nurse apprentice. Standards/frameworks: Business administrator, Dental nurse (integrated).",GENIX HEALTHCARE LTD Cirencester Gloucestershire business_professional health_care apprenticeship admin finance sales project_coord care customer_success ops events software cyber Apprentice Dental Nurse - Gloucester Admin Dental Receptionist apprentice Dental Nurse apprentice Business administrator Dental nurse (integrated) apprenticeship school leaver,seed
GLC770,Gloucestershire Football Association Limited,Bristol,BS32,business_professional,apprenticeship,admin|finance|sales|project_coord|software,medium,0,medium,https://gloucestershirefa.com/about/vacancies,"Bristol employer (Bristol) with apprenticeship vacancies on Find an Apprenticeship. Recent roles include: Football Business Administration Apprenticeship; Football Business Administration Apprenticeship; Assistant Accountant L3 Apprenticeship. Standards/frameworks: Business administrator, Business administrator, Assistant accountant.",GLOUCESTERSHIRE FOOTBALL ASSOCIATION LIMITED Bristol Bristol business_professional apprenticeship admin finance sales project_coord software Football Business Administration Apprenticeship Football Business Administration Apprenticeship Assistant Accountant L3 Apprenticeship Business administrator Business administrator Assistant accountant apprenticeship school leaver,seed
GLC771,Graphic Packaging International Limited,Bristol,BS37,aerospace_manufacturing,apprenticeship,engineer_ops|manufacturing|technician|quality|software,medium,0,low,https://graphicpkg.com/careers,"Bristol employer (Bristol) with apprenticeship vacancies on Find an Apprenticeship. Recent roles include: Apprentice Cut and Crease Assistant; Apprentice Print Assistant; Apprentice Print Finishing Assistant. Standards/frameworks: Print technician, Print technician, Print technician.",GRAPHIC PACKAGING INTERNATIONAL LIMITED Bristol Bristol aerospace_manufacturing apprenticeship engineer_ops manufacturing technician quality software Apprentice Cut and Crease Assistant Apprentice Print Assistant Apprentice Print Finishing Assistant Print technician Print technician Print technician apprenticeship school leaver,seed
GLC772,Grundon Waste Management Limited,Bristol,BS2,business_professional,apprenticeship|higher_apprenticeship,admin|finance|sales|project_coord|software,medium,0,low,https://grundon.com/careers,"Bristol employer (Bristol) with apprenticeship vacancies on Find an Apprenticeship. Recent roles include: Apprentice Sales Executive; Apprentice Sales Executive; Apprentice Sales Executive. Standards/frameworks: Sales executive, Sales executive, Sales executive.",GRUNDON WASTE MANAGEMENT LIMITED Bristol Bristol business_professional apprenticeship higher_apprenticeship admin finance sales project_coord software Apprentice Sales Executive Apprentice Sales Executive Apprentice Sales Executive Sales executive Sales executive Sales executive apprenticeship school leaver,seed
GLC773,Halfords,Local Area,BS3,aerospace_manufacturing,apprenticeship|school_leaver,engineer_ops|manufacturing|technician|quality|care,medium,0,low,https://halfords.careers,"Bristol employer (Local Area) with apprenticeship vacancies on Find an Apprenticeship. Recent roles include: Autocare Technician Apprentice; Autocare Technician Apprentice; Autocare Technician Apprentice. Standards/frameworks: Autocare technician, Autocare technician, Autocare technician.",Halfords LTD Local Area Bristol aerospace_manufacturing apprenticeship school_leaver engineer_ops manufacturing technician quality care Autocare Technician Apprentice Autocare Technician Apprentice Autocare Technician Apprentice Autocare technician Autocare technician Autocare technician apprenticeship school leaver,seed
GLC774,Restore PLC,Bristol,BS11,business_professional,apprenticeship|school_leaver,admin|finance|sales|project_coord,medium,0,low,https://restoreplc.com/careers,"Bristol employer (Bristol) with apprenticeship vacancies on Find an Apprenticeship. Recent roles include: Apprentice Relocation Operative HGV Driver - Urban; Apprentice Relocation Operative HGV Driver - Urban; Apprentice Relocation Operative HGV Driver - Urban. Standards/frameworks: Urban driver, Urban driver, Urban driver.",Restore PLC Bristol Bristol business_professional apprenticeship school_leaver admin finance sales project_coord Apprentice Relocation Operative HGV Driver - Urban Apprentice Relocation Operative HGV Driver - Urban Apprentice Relocation Operative HGV Driver - Urban Urban driver Urban driver Urban driver apprenticeship school leaver,seed
GLC775,Harvey Nichols and Company Limited,Bristol,BS1,hospitality_tourism,apprenticeship|school_leaver,customer_success|ops|events,medium,0,low,https://harveynicholscareers.com,"Bristol employer (Bristol) with apprenticeship vacancies on Find an Apprenticeship. Recent roles include: Commis Chef Apprentice; Commis Chef Apprentice; Commis Chef Apprentice. Standards/frameworks: Commis chef, Commis chef, Commis chef.",HARVEY NICHOLS AND COMPANY LIMITED Bristol Bristol hospitality_tourism apprenticeship school_leaver customer_success ops events Commis Chef Apprentice Commis Chef Apprentice Commis Chef Apprentice Commis chef Commis chef Commis chef apprenticeship school leaver,seed
GLC776,HCL Technologies UK Limited,Bristol,BS34,business_professional,apprenticeship,admin|finance|sales|project_coord|software,medium,0,low,https://hcltech.com/careers,"Bristol employer (Bristol) with apprenticeship vacancies on Find an Apprenticeship. Recent roles include: ICT Apprentice; ICT Apprentice; ICT Apprentice. Standards/frameworks: Information communications technician, Information communications technician, Information communications technician.",HCL TECHNOLOGIES UK LIMITED Bristol Bristol business_professional apprenticeship admin finance sales project_coord software ICT Apprentice ICT Apprentice ICT Apprentice Information communications technician Information communications technician Information communications technician apprenticeship school leaver,seed
GLC777,Howard Garages (Weston) Limited,North Somerset,BS23,business_professional|hospitality_retail,apprenticeship|school_leaver,admin|finance|sales|project_coord|software,medium,0,low,https://howardsgroup.co.uk/careers,"Bristol employer (North Somerset) with apprenticeship vacancies on Find an Apprenticeship. Recent roles include: IT Apprentice; Parts Advisor Apprentice; Parts Advisor Apprentice. Standards/frameworks: Information communications technician, Customer service practitioner, Customer service practitioner.",HOWARD GARAGES (WESTON) LIMITED North Somerset Bristol business_professional hospitality_retail apprenticeship school_leaver admin finance sales project_coord software customer_success IT Apprentice Parts Advisor Apprentice Parts Advisor Apprentice Information communications technician Customer service practitioner Customer service practitioner apprenticeship school leaver,seed
GLC778,Howden UK Group Limited,Bristol,BS2,business_professional,apprenticeship|higher_apprenticeship,admin|finance|sales|project_coord|software,medium,0,low,https://howdengroup.com/careers,"Bristol employer (Bristol) with apprenticeship vacancies on Find an Apprenticeship. Recent roles include: Account Handler, Insurance Broking, Health & Care  - Apprenticeship; Apprentice Account Handler; Insurance Practitioner Apprenticeship. Standards/frameworks: Insurance professional, Insurance practitioner, Insurance practitioner.","HOWDEN UK GROUP LIMITED Bristol Bristol business_professional apprenticeship higher_apprenticeship admin finance sales project_coord software Account Handler, Insurance Broking, Health & Care  - Apprenticeship Apprentice Account Handler Insurance Practitioner Apprenticeship Insurance professional Insurance practitioner Insurance practitioner apprenticeship school leaver",seed
GLC779,JCB,Moreton-In-Marsh,GL56,agri_tech_food,apprenticeship|school_leaver,field_ops|ops|technician|care,medium,0,low,https://jcb.com/en-gb/about/careers,"Gloucestershire employer (Moreton-In-Marsh) with apprenticeship vacancies on Find an Apprenticeship. Recent roles include: Apprentice Gardener; Apprentice Gardener; Apprentice gardener. Standards/frameworks: Horticulture or landscape operative, Horticulture or landscape operative, Horticulture or landscape operative.",J.C. BAMFORD EXCAVATORS LIMITED Moreton-In-Marsh Gloucestershire agri_tech_food apprenticeship school_leaver field_ops ops technician care Apprentice Gardener Apprentice Gardener Apprentice gardener Horticulture or landscape operative Horticulture or landscape operative Horticulture or landscape operative apprenticeship school leaver,seed
GLC780,JD Sports Fashion Plc,Local Area,BS2,hospitality_retail,apprenticeship|school_leaver,customer_success|sales|ops|care,medium,0,low,https://careers.jdsportsfashion.com,"Bristol employer (Local Area) with apprenticeship vacancies on Find an Apprenticeship. Recent roles include: Apprentice Store Retail Assistant- Go Outdoors- Bristol Cribbs; Apprentice Store Retail Assistant- JD Sports- Bristol; Apprentice Store Retail Assistant - JD - Weston Super Mare. Standards/frameworks: Retailer, Retailer, Retailer.",JD SPORTS FASHION PLC Local Area Bristol hospitality_retail apprenticeship school_leaver customer_success sales ops care Apprentice Store Retail Assistant- Go Outdoors- Bristol Cribbs Apprentice Store Retail Assistant- JD Sports- Bristol Apprentice Store Retail Assistant - JD - Weston Super Mare Retailer Retailer Retailer apprenticeship school leaver,seed
GLC781,JISC,Local Area,BS2,business_professional|cyber_digital,apprenticeship|higher_apprenticeship,admin|finance|sales|project_coord|software,medium,0,low,https://jisc.ac.uk/about/working-for-us,"Bristol employer (Local Area) with apprenticeship vacancies on Find an Apprenticeship. Recent roles include: Finance Apprenticeship; IT Apprenticeship; Legal Apprentice. Standards/frameworks: Accountancy or taxation professional, IT solutions technician, Solicitor.",JISC Local Area Bristol business_professional cyber_digital apprenticeship higher_apprenticeship admin finance sales project_coord software cyber data analyst Finance Apprenticeship IT Apprenticeship Legal Apprentice Accountancy or taxation professional IT solutions technician Solicitor apprenticeship school leaver,seed
GLC782,Jungheinrich UK Limited,Bristol,BS32,business_professional|construction_green,apprenticeship|higher_apprenticeship,technician|field_ops|ops|engineer_ops|software,medium,0,low,https://jungheinrich.co.uk/about-us/careers,"Bristol employer (Bristol) with apprenticeship vacancies on Find an Apprenticeship. Recent roles include: Apprentice Site Engineer - Bristol; Area Sales Apprentice; Area Sales Apprentice. Standards/frameworks: Maintenance and operations engineering technician, Sales executive, Sales executive.",JUNGHEINRICH UK LIMITED Bristol Bristol business_professional construction_green apprenticeship higher_apprenticeship technician field_ops ops engineer_ops software admin finance sales project_coord Apprentice Site Engineer - Bristol Area Sales Apprentice Area Sales Apprentice Maintenance and operations engineering technician Sales executive Sales executive apprenticeship school leaver,seed
GLC783,Kellaway Building Supplies Limited,Bristol,BS6,business_professional,apprenticeship|school_leaver,admin|finance|sales|project_coord|care,medium,0,low,https://kellaway.co.uk/careers,"Bristol employer (Bristol) with apprenticeship vacancies on Find an Apprenticeship. Recent roles include: Apprentice ICT Support Assistant; Trade Supplier Apprentice; Trade Supplier Apprentice. Standards/frameworks: Information communications technician, Trade supplier, Trade supplier.",KELLAWAY BUILDING SUPPLIES LIMITED Bristol Bristol business_professional apprenticeship school_leaver admin finance sales project_coord care Apprentice ICT Support Assistant Trade Supplier Apprentice Trade Supplier Apprentice Information communications technician Trade supplier Trade supplier apprenticeship school leaver,seed
GLC784,Langley Wellington LLP,Gloucester,GL1,business_professional|hospitality_retail,apprenticeship|school_leaver,admin|finance|sales|project_coord|software,medium,0,low,https://langleywellington.co.uk/careers,"Gloucestershire employer (Gloucester) with apprenticeship vacancies on Find an Apprenticeship. Recent roles include: Paralegal Administration Apprentice; General Office and Reception Apprentice; Paralegal Administration Apprentice. Standards/frameworks: Business administrator, Customer service practitioner, Business administrator.",LANGLEY WELLINGTON LLP Gloucester Gloucestershire business_professional hospitality_retail apprenticeship school_leaver admin finance sales project_coord software customer_success Paralegal Administration Apprentice General Office and Reception Apprentice Paralegal Administration Apprentice Business administrator Customer service practitioner Business administrator apprenticeship school leaver,seed
GLC785,Lucozade Ribena Suntory Limited,Coleford,GL16,business_professional|agri_tech_food,apprenticeship,admin|finance|sales|project_coord|software,medium,0,medium,https://suntorybfe.com/careers,Gloucestershire employer (Coleford) with apprenticeship vacancies on Find an Apprenticeship. Recent roles include: Engineering Apprenticeship (Mechatronics); Engineering Apprentice; Engineer Apprentice. Standards/frameworks: Food and drink maintenance engineer.,LUCOZADE RIBENA SUNTORY LIMITED Coleford Gloucestershire business_professional agri_tech_food apprenticeship admin finance sales project_coord software field_ops ops technician customer_success events Engineering Apprenticeship (Mechatronics) Engineering Apprentice Engineer Apprentice Food and drink maintenance engineer apprenticeship school leaver,seed
GLC786,Merkle UK One Limited,Local Area,BS1,cyber_digital,apprenticeship|higher_apprenticeship,software|cyber|data|analyst,medium,0,low,https://merkle.com/careers,"Bristol employer (Local Area) with apprenticeship vacancies on Find an Apprenticeship. Recent roles include: Business Intelligence Data Analyst Apprentice; Business Intelligence Data Analyst Apprentice; Business Intelligence Data Analyst Apprentice. Standards/frameworks: Business analyst, Business analyst, Business analyst.",MERKLE UK ONE LIMITED Local Area Bristol cyber_digital apprenticeship higher_apprenticeship software cyber data analyst Business Intelligence Data Analyst Apprentice Business Intelligence Data Analyst Apprentice Business Intelligence Data Analyst Apprentice Business analyst Business analyst Business analyst apprenticeship school leaver,seed
GLC787,Network Plus Services Ltd,Bristol,BS13,aerospace_manufacturing,apprenticeship|school_leaver,engineer_ops|manufacturing|technician|quality,medium,0,low,https://networkplus.co.uk/careers,"Bristol employer (Bristol) with apprenticeship vacancies on Find an Apprenticeship. Recent roles include: Water Network Operative Apprentice; Water Network Operative Apprentice; Water Network Operative Apprentice. Standards/frameworks: Water network operative, Water network operative, Water network operative.",NETWORK PLUS SERVICES LTD Bristol Bristol aerospace_manufacturing apprenticeship school_leaver engineer_ops manufacturing technician quality Water Network Operative Apprentice Water Network Operative Apprentice Water Network Operative Apprentice Water network operative Water network operative Water network operative apprenticeship school leaver,seed
GLC788,NFU Mutual,Cirencester,GL7,business_professional,apprenticeship,admin|finance|sales|project_coord,medium,0,low,https://nfumutual.co.uk/careers,"Gloucestershire employer (Cirencester) with apprenticeship vacancies on Find an Apprenticeship. Recent roles include: Customer Service Insurance Apprentice; Customer Service Apprentice; Insurance Sales Apprentice. Standards/frameworks: Insurance practitioner, Insurance practitioner, Insurance practitioner.",NFU Mutual Cirencester Gloucestershire business_professional apprenticeship admin finance sales project_coord Customer Service Insurance Apprentice Customer Service Apprentice Insurance Sales Apprentice Insurance practitioner Insurance practitioner Insurance practitioner apprenticeship school leaver,seed
GLC789,Octopus Energy Services,Bristol,BS1,business_professional,apprenticeship,admin|finance|sales|project_coord|care,medium,0,low,https://octopus.energy/careers,Bristol employer (Bristol) with apprenticeship vacancies on Find an Apprenticeship. Recent roles include: Low Carbon Apprentice - Bristol; Low Carbon Apprentice - Gloucester; Low Carbon Apprentice - Bristol.,Octopus Energy Services Bristol Bristol business_professional apprenticeship admin finance sales project_coord care Low Carbon Apprentice - Bristol Low Carbon Apprentice - Gloucester Low Carbon Apprentice - Bristol apprenticeship school leaver,seed
GLC790,Pickerings Europe Limited,Bristol,BS20,business_professional|aerospace_manufacturing,apprenticeship,admin|finance|sales|project_coord|software,medium,0,low,https://pickeringslifts.co.uk/careers,"Bristol employer (Bristol) with apprenticeship vacancies on Find an Apprenticeship. Recent roles include: Administration Apprentice (Business Administrator); Admin Apprentice; Apprentice Lift Maintenance Engineer. Standards/frameworks: Business administrator, Business administrator, Lift and escalator electromechanic.",PICKERINGS EUROPE LIMITED Bristol Bristol business_professional aerospace_manufacturing apprenticeship admin finance sales project_coord software engineer_ops manufacturing technician quality Administration Apprentice (Business Administrator) Admin Apprentice Apprentice Lift Maintenance Engineer Business administrator Business administrator Lift and escalator electromechanic apprenticeship school leaver,seed
GLC791,Places for People Group Limited,Cheltenham,GL54,hospitality_tourism|construction_green,apprenticeship|school_leaver,customer_success|ops|events|care|technician,medium,0,low,https://placesforpeople.co.uk/careers,"Gloucestershire employer (Cheltenham) with apprenticeship vacancies on Find an Apprenticeship. Recent roles include: Apprentice Commis Chef; Apprentice Food and Beverage Assistant; Apprentice Facilities & Maintenance Assistant. Standards/frameworks: Commis chef, Hospitality team member, Property maintenance operative.",PLACES FOR PEOPLE GROUP LIMITED Cheltenham Gloucestershire hospitality_tourism construction_green apprenticeship school_leaver customer_success ops events care technician field_ops engineer_ops Apprentice Commis Chef Apprentice Food and Beverage Assistant Apprentice Facilities & Maintenance Assistant Commis chef Hospitality team member Property maintenance operative apprenticeship school leaver,seed
GLC792,Power Electrics (Bristol) Limited,Bristol,BS30,business_professional|construction_green,apprenticeship,admin|finance|sales|project_coord|engineer_ops,medium,0,medium,https://powerelectrics.com/careers,"Bristol employer (Bristol) with apprenticeship vacancies on Find an Apprenticeship. Recent roles include: Junior Transport Engineer (Heavy Vehicle Service/Maintenance LV3) Apprentice; Junior Transport Engineer (Heavy Vehicle Service/Maintenance LV3) Apprentice; Electrical Installation Apprentice. Standards/frameworks: Heavy vehicle service and maintenance technician, Heavy vehicle service and maintenance technician, Installation electrician and maintenance electrician.",POWER ELECTRICS (BRISTOL) LIMITED Bristol Bristol business_professional construction_green apprenticeship admin finance sales project_coord engineer_ops technician field_ops ops care Junior Transport Engineer (Heavy Vehicle Service/Maintenance LV3) Apprentice Junior Transport Engineer (Heavy Vehicle Service/Maintenance LV3) Apprentice Electrical Installation Apprentice Heavy vehicle service and maintenance technician Heavy vehicle service and maintenance technician Installation electrician and maintenance electrician apprenticeship school leaver,seed
GLC793,Puma Energy (UK) Limited,Bristol,BS37,construction_green,apprenticeship,technician|field_ops|ops|engineer_ops|manufacturing,medium,0,low,https://pumaenergy.com/en/careers,"Bristol employer (Bristol) with apprenticeship vacancies on Find an Apprenticeship. Recent roles include: Operations Apprentice; Maintenance and Operations Engineering Technician Electrical Apprentice; Maintenance and Operations Engineering Technician Mechanical Apprentice. Standards/frameworks: Maintenance and operations engineering technician, Maintenance and operations engineering technician, Maintenance and operations engineering technician.",PUMA ENERGY (UK) LIMITED Bristol Bristol construction_green apprenticeship technician field_ops ops engineer_ops manufacturing Operations Apprentice Maintenance and Operations Engineering Technician Electrical Apprentice Maintenance and Operations Engineering Technician Mechanical Apprentice Maintenance and operations engineering technician Maintenance and operations engineering technician Maintenance and operations engineering technician apprenticeship school leaver,seed
GLC794,Rygor Commercials,Gloucester,GL1,hospitality_retail|aerospace_manufacturing,apprenticeship,customer_success|sales|ops|engineer_ops|manufacturing,medium,0,low,https://rygor.co.uk/careers,"Gloucestershire employer (Gloucester) with apprenticeship vacancies on Find an Apprenticeship. Recent roles include: Light Vehicle (Van) Technician Apprenticeship; Retail Parts Advisor Apprenticeship; Heavy Vehicle Technician Apprenticeship. Standards/frameworks: Motor vehicle service and maintenance technician (light vehicle), Retail team leader, Heavy vehicle service and maintenance technician.",Rygor Commercials (Gloucester) Gloucester Gloucestershire hospitality_retail aerospace_manufacturing apprenticeship customer_success sales ops engineer_ops manufacturing software cyber admin finance project_coord Light Vehicle (Van) Technician Apprenticeship Retail Parts Advisor Apprenticeship Heavy Vehicle Technician Apprenticeship Motor vehicle service and maintenance technician (light vehicle) Retail team leader Heavy vehicle service and maintenance technician apprenticeship school leaver,seed
GLC795,Savills (UK) Limited,Bristol,BS8,construction_green,apprenticeship|school_leaver|higher_apprenticeship,technician|field_ops|ops|engineer_ops|software,medium,0,low,https://savills.co.uk/careers,"Bristol employer (Bristol) with apprenticeship vacancies on Find an Apprenticeship. Recent roles include: Residential Sales Apprentice (Junior Estate Agent) - Stow-on-the-Wold; Apprentice Planner; Apprentice Surveyor - Bristol. Standards/frameworks: Junior estate agent, Chartered town planner (degree), Chartered surveyor (degree).",SAVILLS (UK) LIMITED Bristol Bristol construction_green apprenticeship school_leaver higher_apprenticeship technician field_ops ops engineer_ops software Residential Sales Apprentice (Junior Estate Agent) - Stow-on-the-Wold Apprentice Planner Apprentice Surveyor - Bristol Junior estate agent Chartered town planner (degree) Chartered surveyor (degree) apprenticeship school leaver,seed
GLC796,Grangefield School,Gloucestershire,GL52,education_training,apprenticeship,teaching_support|admin|care|software|cyber,medium,0,high,https://grangefield.gloucs.sch.uk,"Gloucestershire employer (Gloucestershire) with apprenticeship vacancies on Find an Apprenticeship. Recent roles include: Teaching Assistant Apprentice; Teaching Assistant Apprentice; Teaching Assistant Apprentice. Standards/frameworks: Teaching assistant, Teaching assistant, Teaching assistant.",Grangefield School Gloucestershire Gloucestershire education_training apprenticeship teaching_support admin care software cyber Teaching Assistant Apprentice Teaching Assistant Apprentice Teaching Assistant Apprentice Teaching assistant Teaching assistant Teaching assistant apprenticeship school leaver,seed
GLC797,Hannah More Primary School,Bristol,BS2,education_training,apprenticeship,teaching_support|admin|care,medium,0,medium,https://hannahmore.org.uk,"Bristol employer (Bristol) with apprenticeship vacancies on Find an Apprenticeship. Recent roles include: Teaching Assistant Apprentice; Teaching Assistant Apprentice; Teaching assistant with SEN specialism- Apprenticeship. Standards/frameworks: Teaching assistant, Teaching assistant, Teaching assistant.",Hannah More Primary School Bristol Bristol education_training apprenticeship teaching_support admin care Teaching Assistant Apprentice Teaching Assistant Apprentice Teaching assistant with SEN specialism- Apprenticeship Teaching assistant Teaching assistant Teaching assistant apprenticeship school leaver,seed
GLC798,Greenshaw Learning Trust,Gloucestershire,GL4,business_professional,apprenticeship,admin|finance|sales|project_coord|software,medium,0,low,https://greenshawlearningtrust.co.uk/join-us,"Gloucestershire employer (Gloucestershire) with apprenticeship vacancies on Find an Apprenticeship. Recent roles include: IT Apprentice (Greenshaw Learning Trust); IT Apprentice (Greenshaw Learning Trust); IT Apprentice. Standards/frameworks: Information communications technician, Information communications technician, Information communications technician.",Holmleigh Park High School (Greenshaw Learning Trust) Gloucestershire Gloucestershire business_professional apprenticeship admin finance sales project_coord software IT Apprentice (Greenshaw Learning Trust) IT Apprentice (Greenshaw Learning Trust) IT Apprentice Information communications technician Information communications technician Information communications technician apprenticeship school leaver,seed
GLC799,Leckhampton C of E Primary School,Gloucestershire,GL53,education_training|health_care,apprenticeship,teaching_support|admin|care,medium,0,medium,https://leckhampton.gloucs.sch.uk,"Gloucestershire employer (Gloucestershire) with apprenticeship vacancies on Find an Apprenticeship. Recent roles include: Apprentice Teaching Assistant Early Years Foundation Stage (Age 4-5); Apprentice Teaching Assistant Lower Key Stage 2 (Age 7-9); Teaching Assistant apprentice. Standards/frameworks: Teaching assistant, Teaching assistant, Teaching assistant.",Leckhampton C of E Primary School Gloucestershire Gloucestershire education_training health_care apprenticeship teaching_support admin care Apprentice Teaching Assistant Early Years Foundation Stage (Age 4-5) Apprentice Teaching Assistant Lower Key Stage 2 (Age 7-9) Teaching Assistant apprentice Teaching assistant Teaching assistant Teaching assistant apprenticeship school leaver,seed
GLC800,Longlevens Infant School,Gloucester,GL2,education_training|business_professional,apprenticeship|school_leaver,teaching_support|admin|care|finance|sales,medium,0,low,https://longlevensinfantschool.co.uk,"Gloucestershire employer (Gloucester) with apprenticeship vacancies on Find an Apprenticeship. Recent roles include: Property Maintenance Operative Apprentice at Longlevens Infant School; Accounts/Finance Assistant Apprentice At Longlevens Infant School; Property Maintenance Operative Apprentice at Longlevens Infant School. Standards/frameworks: Property maintenance operative, Accounts or finance assistant, Property maintenance operative.",Longlevens Infant School Gloucester Gloucestershire education_training business_professional apprenticeship school_leaver teaching_support admin care finance sales project_coord software Property Maintenance Operative Apprentice at Longlevens Infant School Accounts/Finance Assistant Apprentice At Longlevens Infant School Property Maintenance Operative Apprentice at Longlevens Infant School Property maintenance operative Accounts or finance assistant Property maintenance operative apprenticeship school leaver,seed
GLC802,Olveston CEVC Primary School,South G,BS35,education_training,apprenticeship,teaching_support|admin|care,medium,0,low,https://olvestonschool.co.uk,"Bristol employer (South G) with apprenticeship vacancies on Find an Apprenticeship. Recent roles include: Teaching Assistant Apprentice; Teaching Assistant Apprentice; Teaching Assistant Apprentice. Standards/frameworks: Teaching assistant, Teaching assistant, Teaching assistant.",Olveston CEVC Primary School South G Bristol education_training apprenticeship teaching_support admin care Teaching Assistant Apprentice Teaching Assistant Apprentice Teaching Assistant Apprentice Teaching assistant Teaching assistant Teaching assistant apprenticeship school leaver,seed
GLC803,Lawrence Hill Health Centre,Bristol,BS2,business_professional,apprenticeship,admin|finance|sales|project_coord|software,medium,0,low,https://lawrencehillhealthcentre.co.uk,"Bristol employer (Bristol) with apprenticeship vacancies on Find an Apprenticeship. Recent roles include: Business Administrator Apprentice; Business Administrator Apprentice; Business Administrator Apprentice. Standards/frameworks: Business administrator, Business administrator, Business administrator.",Lawrence Hill Health Centre Bristol Bristol business_professional apprenticeship admin finance sales project_coord software Business Administrator Apprentice Business Administrator Apprentice Business Administrator Apprentice Business administrator Business administrator Business administrator apprenticeship school leaver,seed
GLC804,Nightingale Valley Practice,Bristol,BS4,hospitality_tourism,apprenticeship|school_leaver,customer_success|ops|events|software|cyber,medium,0,low,https://nightingalevalleypractice.co.uk,"Bristol employer (Bristol) with apprenticeship vacancies on Find an Apprenticeship. Recent roles include: Customer Service Apprentice (Receptionist); Customer Service Apprentice (Receptionist); Customer Service Apprentice (Receptionist). Standards/frameworks: Customer service practitioner, Customer service practitioner, Customer service practitioner.",NIGHTINGALE VALLEY PRACTICE Bristol Bristol hospitality_tourism apprenticeship school_leaver customer_success ops events software cyber Customer Service Apprentice (Receptionist) Customer Service Apprentice (Receptionist) Customer Service Apprentice (Receptionist) Customer service practitioner Customer service practitioner Customer service practitioner apprenticeship school leaver,seed
GLC805,Alliance Homes,Bristol,BS20,construction_green,apprenticeship|school_leaver,technician|field_ops|ops|engineer_ops|care,medium,0,low,https://alliancehomes.org.uk/careers,"Bristol employer (Bristol) with apprenticeship vacancies on Find an Apprenticeship. Recent roles include: Carpentry Apprentice; Electrical Apprentice; Electrical Apprentice. Standards/frameworks: Carpentry and joinery, Installation electrician and maintenance electrician, Installation electrician and maintenance electrician.",NSAH (Alliance Homes) Limited Bristol Bristol construction_green apprenticeship school_leaver technician field_ops ops engineer_ops care Carpentry Apprentice Electrical Apprentice Electrical Apprentice Carpentry and joinery Installation electrician and maintenance electrician Installation electrician and maintenance electrician apprenticeship school leaver,seed
GLC806,Pier Health Group,Weston-Super-Mare,BS23,business_professional,apprenticeship,admin|finance|sales|project_coord|software,medium,0,low,https://pierhealth.co.uk/careers,"Bristol employer (Weston-Super-Mare) with apprenticeship vacancies on Find an Apprenticeship. Recent roles include: Business Administration Apprentice; Business Administration Apprentice; Business Administration Apprentice. Standards/frameworks: Business administrator, Business administrator, Business administrator.",PIER HEALTH GROUP Weston-Super-Mare Bristol business_professional apprenticeship admin finance sales project_coord software Business Administration Apprentice Business Administration Apprentice Business Administration Apprentice Business administrator Business administrator Business administrator apprenticeship school leaver,seed
GLC807,National Foundation for Retired Service Animals,Cirencester,GL7,business_professional,apprenticeship,admin|finance|sales|project_coord|software,medium,0,low,https://nfrsa.org.uk,"Gloucestershire employer (Cirencester) with apprenticeship vacancies on Find an Apprenticeship. Recent roles include: Business Administration Apprentice – animal charity sector; Business Administration Apprentice – National Foundation for Retired Service Animals (NFRSA); Business Administration Apprentice – National Foundation for Retired Service Animals (NFRSA). Standards/frameworks: Business administrator, Business administrator, Business administrator.",National Foundation for Retired Service Animals Cirencester Gloucestershire business_professional apprenticeship admin finance sales project_coord software Business Administration Apprentice – animal charity sector Business Administration Apprentice – National Foundation for Retired Service Animals (NFRSA) Business Administration Apprentice – National Foundation for Retired Service Animals (NFRSA) Business administrator Business administrator Business administrator apprenticeship school leaver,seed
GLC808,Highnam Day Nursery Ltd,Gloucester,GL2,education_training|health_care,apprenticeship|school_leaver|higher_apprenticeship,teaching_support|admin|care|software|cyber,medium,0,low,https://highnamdaynursery.co.uk,"Gloucestershire employer (Gloucester) with apprenticeship vacancies on Find an Apprenticeship. Recent roles include: Early Years Practitioner Level 2 Apprenticeship - Highnam Nursery; Early Years Educator Level 3 Apprenticeship - Highnam Nursery; Early Years Lead Practitioner Level 5 Apprenticeship - Highnam Nursery. Standards/frameworks: Early years practitioner, Early years educator, Early years lead practitioner.",HIGHNAM DAY NURSERY LTD Gloucester Gloucestershire education_training health_care apprenticeship school_leaver higher_apprenticeship teaching_support admin care software cyber Early Years Practitioner Level 2 Apprenticeship - Highnam Nursery Early Years Educator Level 3 Apprenticeship - Highnam Nursery Early Years Lead Practitioner Level 5 Apprenticeship - Highnam Nursery Early years practitioner Early years educator Early years lead practitioner apprenticeship school leaver,seed
GLC809,Little Apples Day Nursery,Gloucestershire,GL53,education_training|health_care,apprenticeship,teaching_support|admin|care|software|cyber,medium,0,low,https://littleapplesnursery.co.uk,"Gloucestershire employer (Gloucestershire) with apprenticeship vacancies on Find an Apprenticeship. Recent roles include: Apprentice Nursery Assistant; Apprentice Nursery Assistant; Apprentice Nursery Assistant. Standards/frameworks: Early years educator, Early years educator, Early years educator.",Little Apples Day Nursery Gloucestershire Gloucestershire education_training health_care apprenticeship teaching_support admin care software cyber Apprentice Nursery Assistant Apprentice Nursery Assistant Apprentice Nursery Assistant Early years educator Early years educator Early years educator apprenticeship school leaver,seed
GLC810,Poppyseeds Day Nursery Limited,Gloucester,GL3,education_training|health_care,apprenticeship,teaching_support|admin|care|software|cyber,medium,0,low,https://poppyseedsdaynursery.co.uk,"Gloucestershire employer (Gloucester) with apprenticeship vacancies on Find an Apprenticeship. Recent roles include: Level 3 Early Years Educator Apprentice; Level 3 Early Years Educator Apprentice; Level 3 Early Years Educator Apprentice. Standards/frameworks: Early years educator, Early years educator, Early years educator.",POPPYSEEDS DAY NURSERY LIMITED Gloucester Gloucestershire education_training health_care apprenticeship teaching_support admin care software cyber Level 3 Early Years Educator Apprentice Level 3 Early Years Educator Apprentice Level 3 Early Years Educator Apprentice Early years educator Early years educator Early years educator apprenticeship school leaver,seed
GLC811,Henbury Golf Club,Bristol,BS10,hospitality_tourism,apprenticeship|school_leaver,customer_success|ops|events|care,medium,0,low,https://henburygolfclub.co.uk,"Bristol employer (Bristol) with apprenticeship vacancies on Find an Apprenticeship. Recent roles include: Production Chef Apprentice; Production Chef Apprentice; Production Chef Apprentice. Standards/frameworks: Production chef, Production chef, Production chef.",HENBURY GOLF CLUB Bristol Bristol hospitality_tourism apprenticeship school_leaver customer_success ops events care Production Chef Apprentice Production Chef Apprentice Production Chef Apprentice Production chef Production chef Production chef apprenticeship school leaver,seed
GLC812,JD Wetherspoon,Local Area,BS8,hospitality_tourism,apprenticeship|school_leaver,customer_success|ops|events,medium,0,low,https://jdwetherspooncareers.com,"Bristol employer (Local Area) with apprenticeship vacancies on Find an Apprenticeship. Recent roles include: Apprentice Chef; Apprentice Food and Beverage Assistant; Apprentice Food and Beverage Assistant. Standards/frameworks: Production chef, Hospitality team member, Hospitality team member.","J D Wetherspoon - W.G. Grace, Bristol Local Area Bristol hospitality_tourism apprenticeship school_leaver customer_success ops events Apprentice Chef Apprentice Food and Beverage Assistant Apprentice Food and Beverage Assistant Production chef Hospitality team member Hospitality team member apprenticeship school leaver",seed
GLC813,Premier Education,Bristol,BS48,health_care,apprenticeship|higher_apprenticeship,care|admin,medium,0,low,https://premier-education.com/careers,"Bristol employer (Bristol) with apprenticeship vacancies on Find an Apprenticeship. Recent roles include: Apprentice Activity Professional - Sports Coach; Apprentice Activity Professional - Sports Coach; Apprentice Activity Professional - Sports Coach. Standards/frameworks: Sports coach, Sports coach, Sports coach.",Premier Education Bristol Bristol health_care apprenticeship higher_apprenticeship care admin Apprentice Activity Professional - Sports Coach Apprentice Activity Professional - Sports Coach Apprentice Activity Professional - Sports Coach Sports coach Sports coach Sports coach apprenticeship school leaver,seed
