course_id,title,provider,provider_ukprn,town,postcode,region,level,course_type,course_type_label,study_mode,sectors,entry_routes,summary,website,profile_text,source,source_date
NCS-10001467-bb7253c5-ac59-42a2-8435-38fe6bf03632,AAT Accounting - Level 2,CITY OF BRISTOL COLLEGE,10001467,Bristol,BS1 5UA,bristol,See provider,,FE / HE course,2,business_professional,school_leaver|apprenticeship,"The AAT qualification gives you practical, internationally recognised finance and accountancy skills. The Level 2 Certificate will cover processing bookkeeping transactions, control accounts, providin Type: FE / HE course",http://www.cityofbristol.ac.uk/courses/business-professional-services/financial-services/aat-accounting-level-2,"AAT Accounting - Level 2 | CITY OF BRISTOL COLLEGE | Bristol |  | FE / HE course |  | The AAT qualification gives you practical, internationally recognised finance and accountancy skills. The Level 2 Certificate will cover processing bookkeeping  | business_professional",ncs_course_directory,2026-06
NCS-10001467-05ccaf9b-7c35-4c2f-8da5-146a64d13432,AAT Accounting - Level 3,CITY OF BRISTOL COLLEGE,10001467,Bristol,BS1 5UA,bristol,See provider,4,Free Courses for Jobs,2,business_professional,school_leaver|apprenticeship,The AAT qualification is universally respected and internationally recognised for providing students with extensive practical accountancy training. The Level 3 Diploma extends the book-keeping knowled Type: Free Courses for Jobs,http://www.cityofbristol.ac.uk/courses/business-professional-services/financial-services/aat-accounting-level-3,AAT Accounting - Level 3 | CITY OF BRISTOL COLLEGE | Bristol |  | Free Courses for Jobs |  | The AAT qualification is universally respected and internationally recognised for providing students with extensive practical accountancy training. The Level 3  | business_professional,ncs_course_directory,2026-06
NCS-10001467-4c346fc6-3b6c-4725-9a8b-3071604f2105,Access to Higher Education (Science and Engineering),CITY OF BRISTOL COLLEGE,10001467,Bristol,BS7 9BU,bristol,See provider,,Access to HE,1,aerospace_manufacturing|education_training|cyber_digital,school_leaver|apprenticeship,"The Access to HE course is a one-year, full-time, Level 3 course specifically designed to enable you to develop the knowledge and study skills to progress into Higher Education.--You may already have  Type: Access to HE",http://www.cityofbristol.ac.uk/courses/applied-forensic-biomedical-science/science/access-to-higher-education-science-and-engineering,"Access to Higher Education (Science and Engineering) | CITY OF BRISTOL COLLEGE | Bristol |  | Access to HE |  | The Access to HE course is a one-year, full-time, Level 3 course specifically designed to enable you to develop the knowledge and study skills to progress into  | aerospace_manufacturing education_training cyber_digital",ncs_course_directory,2026-06
NCS-10001467-d5d964f1-3525-4200-9bdf-f51451acc439,Air Cabin Crew (Adult),CITY OF BRISTOL COLLEGE,10001467,Bristol,BS1 5UA,bristol,See provider,4,Free Courses for Jobs,1,business_professional,school_leaver|apprenticeship,This is a training course for those wishing to take up a career in cabin crew. It is delivered by industry experienced staff. Students complete their practical assessment at airline training facilitie Type: Free Courses for Jobs,http://www.cityofbristol.ac.uk/courses/travel-tourism/air-cabin-crew-adult,Air Cabin Crew (Adult) | CITY OF BRISTOL COLLEGE | Bristol |  | Free Courses for Jobs |  | This is a training course for those wishing to take up a career in cabin crew. It is delivered by industry experienced staff. Students complete their practical  | business_professional,ncs_course_directory,2026-06
NCS-10001467-aad9c823-8b8a-4a9a-b46c-154ff5de87e9,Award in Education and Training,CITY OF BRISTOL COLLEGE,10001467,Bristol,BS7 9BU,bristol,See provider,4,Free Courses for Jobs,2,education_training,school_leaver|apprenticeship,"Achieving the Level 3 Award in Education and Training will provide sufficient evidence that the learner has obtained the necessary skills and knowledge to prepare, plan, deliver and evaluate basic tea Type: Free Courses for Jobs",http://www.cityofbristol.ac.uk/courses/education/teacher-training/award-in-education-and-training,Award in Education and Training | CITY OF BRISTOL COLLEGE | Bristol |  | Free Courses for Jobs |  | Achieving the Level 3 Award in Education and Training will provide sufficient evidence that the learner has obtained the necessary skills and knowledge to prepa | education_training,ncs_course_directory,2026-06
NCS-10001467-280901d2-1956-4221-8d22-be20d3d8f040,Biology (A2 Level),CITY OF BRISTOL COLLEGE,10001467,Bristol,BS1 5UA,bristol,See provider,4,Free Courses for Jobs,2,aerospace_manufacturing|cyber_digital,school_leaver|apprenticeship,"Biology is all around us. It is the study of living things: the diversity of life, the structure and function of living organisms and their interactions with the natural environment. This fascinating  Type: Free Courses for Jobs",http://www.cityofbristol.ac.uk/courses/applied-forensic-biomedical-science/science/biology-a2-level,"Biology (A2 Level) | CITY OF BRISTOL COLLEGE | Bristol |  | Free Courses for Jobs |  | Biology is all around us. It is the study of living things: the diversity of life, the structure and function of living organisms and their interactions with th | aerospace_manufacturing cyber_digital",ncs_course_directory,2026-06
NCS-10001467-933539e0-cd75-45e2-af92-8012e06a5574,Biology (AS Level - Part of A Level Programme),CITY OF BRISTOL COLLEGE,10001467,Bristol,BS1 5UA,bristol,See provider,4,Free Courses for Jobs,1,aerospace_manufacturing|cyber_digital,school_leaver|apprenticeship,"Biology is all around us. It is the study of living things: the diversity of life, the structure and function of living organisms and their interactions with the natural environment. This fascinating  Type: Free Courses for Jobs",http://www.cityofbristol.ac.uk/courses/applied-forensic-biomedical-science/science/biology-as-level-part-of-a-level-programme,"Biology (AS Level - Part of A Level Programme) | CITY OF BRISTOL COLLEGE | Bristol |  | Free Courses for Jobs |  | Biology is all around us. It is the study of living things: the diversity of life, the structure and function of living organisms and their interactions with th | aerospace_manufacturing cyber_digital",ncs_course_directory,2026-06
NCS-10001467-6b1ac55b-9b7c-4835-bee7-9a9e0410b23e,Biology (AS Level),CITY OF BRISTOL COLLEGE,10001467,Bristol,BS1 5UA,bristol,See provider,4,Free Courses for Jobs,2,aerospace_manufacturing|cyber_digital,school_leaver|apprenticeship,"Biology is all around us. It is the study of living things: the diversity of life, the structure and function of living organisms and their interactions with the natural environment. This fascinating  Type: Free Courses for Jobs",http://www.cityofbristol.ac.uk/courses/applied-forensic-biomedical-science/science/biology-as-level,"Biology (AS Level) | CITY OF BRISTOL COLLEGE | Bristol |  | Free Courses for Jobs |  | Biology is all around us. It is the study of living things: the diversity of life, the structure and function of living organisms and their interactions with th | aerospace_manufacturing cyber_digital",ncs_course_directory,2026-06
NCS-10001467-c1ac1cd5-2cba-4ae9-a349-a6425a38474a,Business Administration Level 2,CITY OF BRISTOL COLLEGE,10001467,Bristol,BS1 5UA,bristol,See provider,,FE / HE course,1,business_professional,school_leaver|apprenticeship,Would you like to work in an administrative environment? Learn administration and ICT skills that will help you achieve this? This course is for you!--The teaching team come from an administrative bac Type: FE / HE course,http://www.cityofbristol.ac.uk/courses/business-professional-services/administration/business-administration-level-2,Business Administration Level 2 | CITY OF BRISTOL COLLEGE | Bristol |  | FE / HE course |  | Would you like to work in an administrative environment? Learn administration and ICT skills that will help you achieve this? This course is for you!--The teach | business_professional,ncs_course_directory,2026-06
NCS-10001467-7349889e-475a-4db4-831b-b14d42b0176c,Business Foundation,CITY OF BRISTOL COLLEGE,10001467,Bristol,BS7 9BU,bristol,See provider,,FE / HE course,1,business_professional,school_leaver|apprenticeship,"This course provides a general foundation in business and management theories and concepts by exploring the nature of business, how business meets the needs of customers, stakeholders and employees, a Type: FE / HE course",http://www.cityofbristol.ac.uk/courses/business-professional-services/business/business-foundation,"Business Foundation | CITY OF BRISTOL COLLEGE | Bristol |  | FE / HE course |  | This course provides a general foundation in business and management theories and concepts by exploring the nature of business, how business meets the needs of  | business_professional",ncs_course_directory,2026-06
NCS-10001467-b935aa05-9e9b-4102-afe8-3c3872a8c618,CILEX Level 3 Certificate in Law and Practice (evening),CITY OF BRISTOL COLLEGE,10001467,Bristol,BS1 5UA,bristol,See provider,,Certificate,2,public_sector,school_leaver|apprenticeship,This part-time evening course is designed to give you a solid introduction to the legal profession. You will gain a recognised qualification to enable you to progress to a career in the legal sector o Type: Certificate,http://www.cityofbristol.ac.uk/courses/business-professional-services/law/cilex-level-3-certificate-in-law-and-practice-evening,CILEX Level 3 Certificate in Law and Practice (evening) | CITY OF BRISTOL COLLEGE | Bristol |  | Certificate |  | This part-time evening course is designed to give you a solid introduction to the legal profession. You will gain a recognised qualification to enable you to pr | public_sector,ncs_course_directory,2026-06
NCS-10001467-c562a230-194f-4fd6-a482-24ab18a84ae4,Circomedia BTEC Extended Diploma in Performing Arts Practice (Circus),CITY OF BRISTOL COLLEGE,10001467,Bristol,BS2 8SJ,bristol,See provider,,BTEC,1,business_professional,school_leaver|apprenticeship,"Discover the learning experience and opportunities you can expect from this course:

This course is free for 16-18 year olds, who can demonstrate some ability in physical or performance disciplines  Type: BTEC",https://www.cityofbristol.ac.uk/courses/btec-extended-diploma-in-performing-arts-practice-circus/,"Circomedia BTEC Extended Diploma in Performing Arts Practice (Circus) | CITY OF BRISTOL COLLEGE | Bristol |  | BTEC |  | Discover the learning experience and opportunities you can expect from this course:

This course is free for 16-18 year olds, who can demonstrate some ability | business_professional",ncs_course_directory,2026-06
NCS-10001467-5c52d8e2-c09d-44c1-8893-9c79911e0eaa,Construction and the Built Environment - BTEC 90 Credit Diploma,CITY OF BRISTOL COLLEGE,10001467,Bristol,BS7 9BU,bristol,See provider,,BTEC,1,agri_tech_food,school_leaver|apprenticeship,"This course is ideal for those who wish to pursue a career in architecture, project management, quantity surveying amongst other construction industryprofessional/management positions or into higher e Type: BTEC",http://www.cityofbristol.ac.uk/courses/construction/construction-management/construction-and-the-built-environment-btec-90-credit-diploma,"Construction and the Built Environment - BTEC 90 Credit Diploma | CITY OF BRISTOL COLLEGE | Bristol |  | BTEC |  | This course is ideal for those who wish to pursue a career in architecture, project management, quantity surveying amongst other construction industryprofession | agri_tech_food",ncs_course_directory,2026-06
NCS-10001467-02061417-af0e-4b21-a3bf-6642d0317f4a,Health and Social Care (Level 3),CITY OF BRISTOL COLLEGE,10001467,Bristol,BS1 5UA,bristol,See provider,4,Free Courses for Jobs,1,health_care,school_leaver|apprenticeship,Are you are interested in a career in health and social care such as social work or nursing? Thiscourse has been designed to give you in-depth knowledge of health and social care and develop your skil Type: Free Courses for Jobs,http://www.cityofbristol.ac.uk/courses/health-social-care-childcare/healthcare/health-and-social-care-level-3,Health and Social Care (Level 3) | CITY OF BRISTOL COLLEGE | Bristol |  | Free Courses for Jobs |  | Are you are interested in a career in health and social care such as social work or nursing? Thiscourse has been designed to give you in-depth knowledge of heal | health_care,ncs_course_directory,2026-06
NCS-10001467-8c7afb88-e469-42b6-980e-772ea76c8bf5,Hospitality BTEC 90 Credit Diploma,CITY OF BRISTOL COLLEGE,10001467,Bristol,BS1 5UA,bristol,See provider,4,Free Courses for Jobs,1,hospitality_tourism,school_leaver|apprenticeship,The course is designed for enthusiastic youngpeople that want to learn and develop their knowledge and skills to progress to a career in the Hospitality industry or on to University. Type: Free Courses for Jobs,http://www.cityofbristol.ac.uk/courses/catering-hospitality/hospitality/hospitality-btec-90-credit-diploma,Hospitality BTEC 90 Credit Diploma | CITY OF BRISTOL COLLEGE | Bristol |  | Free Courses for Jobs |  | The course is designed for enthusiastic youngpeople that want to learn and develop their knowledge and skills to progress to a career in the Hospitality industr | hospitality_tourism,ncs_course_directory,2026-06
NCS-10001467-54f84481-d63c-4ecb-a25b-cc0ff2add455,Legal Studies Level 2 Diploma,CITY OF BRISTOL COLLEGE,10001467,Bristol,BS1 5UA,bristol,See provider,,Diploma,1,public_sector,school_leaver|apprenticeship,This full-time course is designed to give you a solid introduction to the legal profession. You will gain a recognised qualification to enable you to progress to a career in the legal sector or contin Type: Diploma,http://www.cityofbristol.ac.uk/courses/business-professional-services/law/legal-studies-level-2-diploma,Legal Studies Level 2 Diploma | CITY OF BRISTOL COLLEGE | Bristol |  | Diploma |  | This full-time course is designed to give you a solid introduction to the legal profession. You will gain a recognised qualification to enable you to progress t | public_sector,ncs_course_directory,2026-06
NCS-10001467-11a78349-1439-4195-93ec-8f6ddb80d82d,Preparing to Work in Adult Social Care,CITY OF BRISTOL COLLEGE,10001467,Bristol,BS7 9BU,bristol,See provider,4,Free Courses for Jobs,2,health_care,school_leaver|apprenticeship,Are you interested in working in Adult Social Care? This part-time one year course is for those who wish to develop their knowledge and employability skills to prepare to work with adults in social ca Type: Free Courses for Jobs,http://www.cityofbristol.ac.uk/courses/health-social-care-childcare/social-care/preparing-to-work-in-adult-social-care,Preparing to Work in Adult Social Care | CITY OF BRISTOL COLLEGE | Bristol |  | Free Courses for Jobs |  | Are you interested in working in Adult Social Care? This part-time one year course is for those who wish to develop their knowledge and employability skills to  | health_care,ncs_course_directory,2026-06
NCS-10001467-49c50d16-a717-4817-85fc-b5d7379acedd,Skills for Retail,CITY OF BRISTOL COLLEGE,10001467,Bristol,BS1 5UA,bristol,See provider,,FE / HE course,1,hospitality_retail,school_leaver|apprenticeship,Would you like to work in retail?--On this course you will----Develop your communication & customer service skills.--Learnhow to handle cash & debit cards andhow to manage stock.--Learn how touse your Type: FE / HE course,http://www.cityofbristol.ac.uk/courses/business-professional-services/business/skills-for-retail,Skills for Retail | CITY OF BRISTOL COLLEGE | Bristol |  | FE / HE course |  | Would you like to work in retail?--On this course you will----Develop your communication & customer service skills.--Learnhow to handle cash & debit cards andho | hospitality_retail,ncs_course_directory,2026-06
NCS-10001467-da929ae0-b401-4caf-8e97-fd3d42def43a,"T Level Construction - Design, Surveying and Planning for Construction",CITY OF BRISTOL COLLEGE,10001467,Bristol,BS14 0DB,bristol,See provider,2,T Level,1,creative_events|construction_green,school_leaver|apprenticeship,"You'll learn specific topics in design, surveying and planning:

Project management
Budgeting and resource allocation
Procurement
Risk management

In addition to the core content, each student  Type: T Level",https://www.cityofbristol.ac.uk/,"T Level Construction - Design, Surveying and Planning for Construction | CITY OF BRISTOL COLLEGE | Bristol |  | T Level |  | You'll learn specific topics in design, surveying and planning:

Project management
Budgeting and resource allocation
Procurement
Risk management

In add | creative_events construction_green",ncs_course_directory,2026-06
NCS-10001467-9d8b3980-71a0-4eff-a176-497f4724acfa,Travel and Tourism (Level 3) Diploma,CITY OF BRISTOL COLLEGE,10001467,Bristol,BS1 5UA,bristol,See provider,4,Free Courses for Jobs,1,hospitality_tourism,school_leaver|apprenticeship,You will immerse yourself in a wide range of highly regarded travel and tourism related activities and study. It offers the opportunity to explore the hugely exciting variety of employment opportuniti Type: Free Courses for Jobs,http://www.cityofbristol.ac.uk/courses/travel-tourism/travel-and-tourism-level-3-diploma,Travel and Tourism (Level 3) Diploma | CITY OF BRISTOL COLLEGE | Bristol |  | Free Courses for Jobs |  | You will immerse yourself in a wide range of highly regarded travel and tourism related activities and study. It offers the opportunity to explore the hugely ex | hospitality_tourism,ncs_course_directory,2026-06
NCS-10036178-b8a74cf0-63b7-47ba-a03e-82689110ee1e,Pearson BTEC Level 3 NationalDiploma in Performing Arts,CLEVEDON SCHOOL,10036178,Clevedon,BS21 6AH,bristol,See provider,,BTEC,1,business_professional,school_leaver|apprenticeship,Contact provider for more information as this may not be up to date course information Type: BTEC,http://www.clevedonschool.org.uk/Sixthform/How-To-Apply/,Pearson BTEC Level 3 NationalDiploma in Performing Arts | CLEVEDON SCHOOL | Clevedon |  | BTEC |  | Contact provider for more information as this may not be up to date course information | business_professional,ncs_course_directory,2026-06
NCS-10035130-72633f6c-770d-42b1-b3a4-98bbb11a6e1f,Alternative Academic Qualification BTEC National in Health and Social Care (Extended Certificate),COTHAM SCHOOL,10035130,Bristol,BS6 6DT,bristol,See provider,,BTEC,1,health_care,school_leaver|apprenticeship,For details see: https://www.nbp16c.org.uk/Health-and-social-care-BTEC-level-3-Subsidiary-Dip/ Type: BTEC,http://www.nbp16c.org.uk/Health-and-social-care-BTEC-level-3-Subsidiary-Dip/,Alternative Academic Qualification BTEC National in Health and Social Care (Extended Certificate) | COTHAM SCHOOL | Bristol |  | BTEC |  | For details see: https://www.nbp16c.org.uk/Health-and-social-care-BTEC-level-3-Subsidiary-Dip/ | health_care,ncs_course_directory,2026-06
NCS-10040624-4487bb64-2532-41e3-a93b-027b93de50e4,Computer Science,DOWNEND SCHOOL,10040624,Bristol,BS16 6XA,bristol,See provider,,FE / HE course,1,cyber_digital|aerospace_manufacturing,school_leaver|apprenticeship,"Computer Science is a practical subject where learners can apply the principles learned within the classroom to real world digital systems.

You will study computing principles such as the internal  Type: FE / HE course",https://www.downend.com/About/Sixth-Form-Apply/,"Computer Science | DOWNEND SCHOOL | Bristol |  | FE / HE course |  | Computer Science is a practical subject where learners can apply the principles learned within the classroom to real world digital systems.

You will study co | cyber_digital aerospace_manufacturing",ncs_course_directory,2026-06
NCS-10021051-affbdee1-71a1-438f-9271-84845d67b8d5,Business - Cambridge Technical Extended Certificate,JOHN CABOT ACADEMY,10021051,Bristol,BS15 8BD,bristol,See provider,,Certificate,1,business_professional,school_leaver|apprenticeship,Students looking to enter into post 16 education Type: Certificate,https://post16.clf.uk/find-courses-apply/a-z-of-courses/,Business - Cambridge Technical Extended Certificate | JOHN CABOT ACADEMY | Bristol |  | Certificate |  | Students looking to enter into post 16 education | business_professional,ncs_course_directory,2026-06
NCS-10000446-9349ffd2-2fec-4bd9-8767-d71a594f5f1b,AAT AQ2016 Advanced Diploma - Indirect Tax (IDRX),Kaplan Talent Partners,10000446,"Temple Quay, Avon St",BS2 0PS,bristol,See provider,,Diploma,2,business_professional,school_leaver|apprenticeship,"Kaplan's Advanced Diploma in Accounting covers a range of complex accounting tasks, including maintaining cost accounting records and the preparation of reports and returns. You'll learn and master a  Type: Diploma",http://financial.kaplan.co.uk/TrainingandQuals/Accountancy/AAT/Pages/default.aspx,"AAT AQ2016 Advanced Diploma - Indirect Tax (IDRX) | Kaplan Talent Partners | Temple Quay, Avon St |  | Diploma |  | Kaplan's Advanced Diploma in Accounting covers a range of complex accounting tasks, including maintaining cost accounting records and the preparation of reports | business_professional",ncs_course_directory,2026-06
NCS-10000446-38b50722-51dc-4600-a147-5f1f9ef39d5c,AAT AQ2016 Foundation - Foundation Synoptic Assessment/Working Effectively in Finance (FSYA & WEFN),Kaplan Talent Partners,10000446,"Temple Quay, Avon St",BS2 0PS,bristol,See provider,,FE / HE course,2,business_professional,school_leaver|apprenticeship,"kaplan's Foundation Synoptic Assessment (FSYA) courses all cover the syllabus areas relating to the Work Effectively in Finance (WEFN) unit, which is assessed only as part of the synoptic exam. They a Type: FE / HE course",http://financial.kaplan.co.uk/TrainingandQuals/Accountancy/AAT/Pages/default.aspx,"AAT AQ2016 Foundation - Foundation Synoptic Assessment/Working Effectively in Finance (FSYA & WEFN) | Kaplan Talent Partners | Temple Quay, Avon St |  | FE / HE course |  | kaplan's Foundation Synoptic Assessment (FSYA) courses all cover the syllabus areas relating to the Work Effectively in Finance (WEFN) unit, which is assessed o | business_professional",ncs_course_directory,2026-06
NCS-10000446-eb32f36f-08bb-41f9-81a8-1803de0ca128,"CIMA Certificate BA4 - FECB - Fundamentals of Ethics, Corporate Governance & Business Law",Kaplan Talent Partners,10000446,"Temple Quay, Avon St",BS2 0PS,bristol,See provider,,Certificate,2,public_sector|business_professional,school_leaver|apprenticeship,Kaplan's CIMA BA4 course aims to support you in passing your exam and help you to gain the skills you need for a successful career in accountancy.  You'll work through a structured study schedule targ Type: Certificate,http://financial.kaplan.co.uk/TRAININGANDQUALS/ACCOUNTANCY/cima/certificate-level/Pages/classroom-courses.aspx,"CIMA Certificate BA4 - FECB - Fundamentals of Ethics, Corporate Governance & Business Law | Kaplan Talent Partners | Temple Quay, Avon St |  | Certificate |  | Kaplan's CIMA BA4 course aims to support you in passing your exam and help you to gain the skills you need for a successful career in accountancy.  You'll work  | public_sector business_professional",ncs_course_directory,2026-06
NCS-10065195-df400ae7-87d0-443c-8821-b222144eaa6f,A Level Business Studies,PATCHWAY COMMUNITY SCHOOL,10065195,Bristol,BS32 4AJ,bristol,See provider,,A Level,1,business_professional,school_leaver|apprenticeship,"People who have ever wondered.
 Why Adele and Andy Murray earn more money than the Prime Minister?
 How Primark sell clothes so cheaply?
 Why are more flowers sold on a Monday?
Business provides a Type: A Level",http://www.olympustrust.co.uk/post-16/a-z-of-courses,"A Level Business Studies | PATCHWAY COMMUNITY SCHOOL | Bristol |  | A Level |  | People who have ever wondered.
 Why Adele and Andy Murray earn more money than the Prime Minister?
 How Primark sell clothes so cheaply?
 Why are more flower | business_professional",ncs_course_directory,2026-06
NCS-10024554-1c2f4277-1eda-4057-b462-2cabbc633cee,Diploma in Residential Surveying and Valuation,SAVA LIMITED,10024554,Bristol,BS1 6HY,bristol,See provider,,Diploma,2,construction_green,school_leaver|apprenticeship,"The course teaches you everything you need to become a competent residential surveyor with no previous experience. Therefore, it is suitable for anyone to undertake, however a background in the proper Type: Diploma",https://sava.co.uk/qualifications/diploma-in-residential-surveying-valuation/,"Diploma in Residential Surveying and Valuation | SAVA LIMITED | Bristol |  | Diploma |  | The course teaches you everything you need to become a competent residential surveyor with no previous experience. Therefore, it is suitable for anyone to under | construction_green",ncs_course_directory,2026-06
NCS-10036143-91aefa53-60a8-4a4f-8a96-b39b645537e2,AQA A Level Business L3 - Yr 1,SOUTH GLOUCESTERSHIRE AND STROUD COLLEGE,10036143,Filton,BS34 7AT,bristol,See provider,4,Free Courses for Jobs,1,business_professional,school_leaver|apprenticeship,Most full-time courses at SGS are for learners aged 16-18 with some provision available for those aged 14 plus on request.  If you are aged 19 and over then formal qualifications that are a prerequisi Type: Free Courses for Jobs,https://sgscol.ac.uk,AQA A Level Business L3 - Yr 1 | SOUTH GLOUCESTERSHIRE AND STROUD COLLEGE | Filton |  | Free Courses for Jobs |  | Most full-time courses at SGS are for learners aged 16-18 with some provision available for those aged 14 plus on request.  If you are aged 19 and over then for | business_professional,ncs_course_directory,2026-06
NCS-10036143-a564ab6c-0975-4e36-b283-dece1c5e8ef1,AQA A Level Economics L3 - Yr 1,SOUTH GLOUCESTERSHIRE AND STROUD COLLEGE,10036143,Filton,BS34 7AT,bristol,See provider,4,Free Courses for Jobs,1,business_professional,school_leaver|apprenticeship,Most full-time courses at SGS are for learners aged 16-18 with some provision available for those aged 14 plus on request.  If you are aged 19 and over then formal qualifications that are a prerequisi Type: Free Courses for Jobs,https://sgscol.ac.uk,AQA A Level Economics L3 - Yr 1 | SOUTH GLOUCESTERSHIRE AND STROUD COLLEGE | Filton |  | Free Courses for Jobs |  | Most full-time courses at SGS are for learners aged 16-18 with some provision available for those aged 14 plus on request.  If you are aged 19 and over then for | business_professional,ncs_course_directory,2026-06
NCS-10036143-95ead1f0-4805-48cf-b234-e301539d3cc7,AQA A Level Psychology L3 - Yr 1,SOUTH GLOUCESTERSHIRE AND STROUD COLLEGE,10036143,Filton,BS34 7AT,bristol,See provider,4,Free Courses for Jobs,1,business_professional,school_leaver|apprenticeship,Most full-time courses at SGS are for learners aged 16-18 with some provision available for those aged 14 plus on request.  If you are aged 19 and over then formal qualifications that are a prerequisi Type: Free Courses for Jobs,https://sgscol.ac.uk,AQA A Level Psychology L3 - Yr 1 | SOUTH GLOUCESTERSHIRE AND STROUD COLLEGE | Filton |  | Free Courses for Jobs |  | Most full-time courses at SGS are for learners aged 16-18 with some provision available for those aged 14 plus on request.  If you are aged 19 and over then for | business_professional,ncs_course_directory,2026-06
NCS-10036143-a3683e14-4a54-4e6a-9c43-fa689bf7cb5f,AQA A Level Sociology L3 - Yr 1,SOUTH GLOUCESTERSHIRE AND STROUD COLLEGE,10036143,Filton,BS34 7AT,bristol,See provider,4,Free Courses for Jobs,1,business_professional,school_leaver|apprenticeship,Most full-time courses at SGS are for learners aged 16-18 with some provision available for those aged 14 plus on request.  If you are aged 19 and over then formal qualifications that are a prerequisi Type: Free Courses for Jobs,https://sgscol.ac.uk,AQA A Level Sociology L3 - Yr 1 | SOUTH GLOUCESTERSHIRE AND STROUD COLLEGE | Filton |  | Free Courses for Jobs |  | Most full-time courses at SGS are for learners aged 16-18 with some provision available for those aged 14 plus on request.  If you are aged 19 and over then for | business_professional,ncs_course_directory,2026-06
NCS-10036143-48032ea9-8fa4-49a5-8e49-7187b416894e,AQA Certificate in Mathematical Studies L3 (Core Maths),SOUTH GLOUCESTERSHIRE AND STROUD COLLEGE,10036143,Filton,BS34 7AT,bristol,See provider,4,Free Courses for Jobs,1,aerospace_manufacturing|cyber_digital,school_leaver|apprenticeship,Most full-time courses at SGS are for learners aged 16-18 with some provision available for those aged 14 plus on request.  If you are aged 19 and over then formal qualifications that are a prerequisi Type: Free Courses for Jobs,https://sgscol.ac.uk,AQA Certificate in Mathematical Studies L3 (Core Maths) | SOUTH GLOUCESTERSHIRE AND STROUD COLLEGE | Filton |  | Free Courses for Jobs |  | Most full-time courses at SGS are for learners aged 16-18 with some provision available for those aged 14 plus on request.  If you are aged 19 and over then for | aerospace_manufacturing cyber_digital,ncs_course_directory,2026-06
NCS-10036143-42947cd6-5dab-4a73-a211-e82f7a1deb69,ASCENTIS Access to Higher Education Diploma: Humanities Pathway,SOUTH GLOUCESTERSHIRE AND STROUD COLLEGE,10036143,Filton,BS34 7AT,bristol,See provider,4,Free Courses for Jobs,1,education_training,school_leaver|apprenticeship,Most full-time courses at SGS are for learners aged 16-18 with some provision available for those aged 14 plus on request.  If you are aged 19 and over then formal qualifications that are a prerequisi Type: Free Courses for Jobs,https://sgscol.ac.uk,ASCENTIS Access to Higher Education Diploma: Humanities Pathway | SOUTH GLOUCESTERSHIRE AND STROUD COLLEGE | Filton |  | Free Courses for Jobs |  | Most full-time courses at SGS are for learners aged 16-18 with some provision available for those aged 14 plus on request.  If you are aged 19 and over then for | education_training,ncs_course_directory,2026-06
NCS-10036143-12572f73-25c9-48ed-9e7d-d4b963505cba,ASCENTIS Access to Higher Education Diploma: Science Pathway,SOUTH GLOUCESTERSHIRE AND STROUD COLLEGE,10036143,Filton,BS34 7AT,bristol,See provider,4,Free Courses for Jobs,1,education_training|aerospace_manufacturing|cyber_digital,school_leaver|apprenticeship,Most full-time courses at SGS are for learners aged 16-18 with some provision available for those aged 14 plus on request.  If you are aged 19 and over then formal qualifications that are a prerequisi Type: Free Courses for Jobs,https://sgscol.ac.uk,ASCENTIS Access to Higher Education Diploma: Science Pathway | SOUTH GLOUCESTERSHIRE AND STROUD COLLEGE | Filton |  | Free Courses for Jobs |  | Most full-time courses at SGS are for learners aged 16-18 with some provision available for those aged 14 plus on request.  If you are aged 19 and over then for | education_training aerospace_manufacturing cyber_digital,ncs_course_directory,2026-06
NCS-10036143-21b8f1a8-66b8-4a98-b154-8849d22e4124,Access to Higher Education Diploma: Engineering,SOUTH GLOUCESTERSHIRE AND STROUD COLLEGE,10036143,Filton,BS34 7AT,bristol,See provider,4,Free Courses for Jobs,1,aerospace_manufacturing|education_training,school_leaver|apprenticeship,Most full-time courses at SGS are for learners aged 16-18 with some provision available for those aged 14 plus on request.  If you are aged 19 and over then formal qualifications that are a prerequisi Type: Free Courses for Jobs,https://sgscol.ac.uk,Access to Higher Education Diploma: Engineering | SOUTH GLOUCESTERSHIRE AND STROUD COLLEGE | Filton |  | Free Courses for Jobs |  | Most full-time courses at SGS are for learners aged 16-18 with some provision available for those aged 14 plus on request.  If you are aged 19 and over then for | aerospace_manufacturing education_training,ncs_course_directory,2026-06
NCS-10036143-f821bcc6-5229-4794-bafe-e4c2f659e50d,Access to Higher Education Diploma: Health and Social Care Pathway (Nursing & Midwifery),SOUTH GLOUCESTERSHIRE AND STROUD COLLEGE,10036143,Filton,BS34 7AT,bristol,See provider,4,Free Courses for Jobs,1,health_care|education_training,school_leaver|apprenticeship,Most full-time courses at SGS are for learners aged 16-18 with some provision available for those aged 14 plus on request.  If you are aged 19 and over then formal qualifications that are a prerequisi Type: Free Courses for Jobs,https://sgscol.ac.uk,Access to Higher Education Diploma: Health and Social Care Pathway (Nursing & Midwifery) | SOUTH GLOUCESTERSHIRE AND STROUD COLLEGE | Filton |  | Free Courses for Jobs |  | Most full-time courses at SGS are for learners aged 16-18 with some provision available for those aged 14 plus on request.  If you are aged 19 and over then for | health_care education_training,ncs_course_directory,2026-06
NCS-10036143-cd1ebcf7-1f89-4516-9f24-a571b3dd9586,BTEC National AAQ Medical Science (Extended Certificate) (Year1),SOUTH GLOUCESTERSHIRE AND STROUD COLLEGE,10036143,Filton,BS34 7AT,bristol,See provider,,BTEC,1,health_care|aerospace_manufacturing|cyber_digital,school_leaver|apprenticeship,Most full-time courses at SGS are for learners aged 16-18 with some provision available for those aged 14 plus on request.  If you are aged 19 and over then formal qualifications that are a prerequisi Type: BTEC,https://sgscol.ac.uk,BTEC National AAQ Medical Science (Extended Certificate) (Year1) | SOUTH GLOUCESTERSHIRE AND STROUD COLLEGE | Filton |  | BTEC |  | Most full-time courses at SGS are for learners aged 16-18 with some provision available for those aged 14 plus on request.  If you are aged 19 and over then for | health_care aerospace_manufacturing cyber_digital,ncs_course_directory,2026-06
NCS-10036143-320e754f-740d-4601-b63f-902020ef01ea,EDEXCEL BTEC First Certificate in Business L2,SOUTH GLOUCESTERSHIRE AND STROUD COLLEGE,10036143,Filton,BS34 7AT,bristol,See provider,,BTEC,1,business_professional,school_leaver|apprenticeship,Most full-time courses at SGS are for learners aged 16-18 with some provision available for those aged 14 plus on request.  If you are aged 19 and over then formal qualifications that are a prerequisi Type: BTEC,https://sgscol.ac.uk,EDEXCEL BTEC First Certificate in Business L2 | SOUTH GLOUCESTERSHIRE AND STROUD COLLEGE | Filton |  | BTEC |  | Most full-time courses at SGS are for learners aged 16-18 with some provision available for those aged 14 plus on request.  If you are aged 19 and over then for | business_professional,ncs_course_directory,2026-06
NCS-10036143-558bfae0-464b-4dab-91c6-09402527171a,EDEXCEL BTEC First Certificate in Travel and Tourism L2,SOUTH GLOUCESTERSHIRE AND STROUD COLLEGE,10036143,Filton,BS34 7AT,bristol,See provider,,BTEC,1,hospitality_tourism,school_leaver|apprenticeship,Most full-time courses at SGS are for learners aged 16-18 with some provision available for those aged 14 plus on request.  If you are aged 19 and over then formal qualifications that are a prerequisi Type: BTEC,https://sgscol.ac.uk,EDEXCEL BTEC First Certificate in Travel and Tourism L2 | SOUTH GLOUCESTERSHIRE AND STROUD COLLEGE | Filton |  | BTEC |  | Most full-time courses at SGS are for learners aged 16-18 with some provision available for those aged 14 plus on request.  If you are aged 19 and over then for | hospitality_tourism,ncs_course_directory,2026-06
NCS-10036143-c49ba492-a682-4b5b-a34a-9cbb5a1f4242,EDEXCEL BTEC National Foundation Diploma in Travel and Tourism L3,SOUTH GLOUCESTERSHIRE AND STROUD COLLEGE,10036143,Filton,BS34 7AT,bristol,See provider,4,Free Courses for Jobs,1,hospitality_tourism,school_leaver|apprenticeship,Most full-time courses at SGS are for learners aged 16-18 with some provision available for those aged 14 plus on request.  If you are aged 19 and over then formal qualifications that are a prerequisi Type: Free Courses for Jobs,https://sgscol.ac.uk,EDEXCEL BTEC National Foundation Diploma in Travel and Tourism L3 | SOUTH GLOUCESTERSHIRE AND STROUD COLLEGE | Filton |  | Free Courses for Jobs |  | Most full-time courses at SGS are for learners aged 16-18 with some provision available for those aged 14 plus on request.  If you are aged 19 and over then for | hospitality_tourism,ncs_course_directory,2026-06
NCS-10036143-56f80860-e8e3-4652-8ca1-c78f03c7c9ae,EDEXCEL BTEC Technical Diploma in Animal Care L2,SOUTH GLOUCESTERSHIRE AND STROUD COLLEGE,10036143,Filton,BS34 7AT,bristol,See provider,,BTEC,1,agri_tech_food,school_leaver|apprenticeship,Most full-time courses at SGS are for learners aged 16-18 with some provision available for those aged 14 plus on request.  If you are aged 19 and over then formal qualifications that are a prerequisi Type: BTEC,https://sgscol.ac.uk,EDEXCEL BTEC Technical Diploma in Animal Care L2 | SOUTH GLOUCESTERSHIRE AND STROUD COLLEGE | Filton |  | BTEC |  | Most full-time courses at SGS are for learners aged 16-18 with some provision available for those aged 14 plus on request.  If you are aged 19 and over then for | agri_tech_food,ncs_course_directory,2026-06
NCS-10036143-30f26653-1ba2-420b-8e05-8de9e0d2637b,L1 Pathways BTEC Level 1 Introductory Certificate in Health and Social Care,SOUTH GLOUCESTERSHIRE AND STROUD COLLEGE,10036143,Filton,BS34 7AT,bristol,See provider,,BTEC,1,health_care,school_leaver|apprenticeship,Most full-time courses at SGS are for learners aged 16-18 with some provision available for those aged 14 plus on request.  If you are aged 19 and over then formal qualifications that are a prerequisi Type: BTEC,https://sgscol.ac.uk,L1 Pathways BTEC Level 1 Introductory Certificate in Health and Social Care | SOUTH GLOUCESTERSHIRE AND STROUD COLLEGE | Filton |  | BTEC |  | Most full-time courses at SGS are for learners aged 16-18 with some provision available for those aged 14 plus on request.  If you are aged 19 and over then for | health_care,ncs_course_directory,2026-06
NCS-10036143-08592be4-fe0e-4f3c-b98d-401cd015b5f6,T Level Foundation Programme - Health and Social Care L2,SOUTH GLOUCESTERSHIRE AND STROUD COLLEGE,10036143,Filton,BS34 7AT,bristol,See provider,,T Level,1,health_care,school_leaver|apprenticeship,Most full-time courses at SGS are for learners aged 16-18 with some provision available for those aged 14 plus on request.  If you are aged 19 and over then formal qualifications that are a prerequisi Type: T Level,https://sgscol.ac.uk,T Level Foundation Programme - Health and Social Care L2 | SOUTH GLOUCESTERSHIRE AND STROUD COLLEGE | Filton |  | T Level |  | Most full-time courses at SGS are for learners aged 16-18 with some provision available for those aged 14 plus on request.  If you are aged 19 and over then for | health_care,ncs_course_directory,2026-06
NCS-10036143-43e86e10-e2fc-414e-af16-eeab450521e1,VTCT NVQ Diploma in Hairdressing L3,SOUTH GLOUCESTERSHIRE AND STROUD COLLEGE,10036143,Filton,BS34 7AT,bristol,See provider,4,NVQ,1,business_professional,apprenticeship,Most full-time courses at SGS are for learners aged 16-18 with some provision available for those aged 14 plus on request.  If you are aged 19 and over then formal qualifications that are a prerequisi Type: NVQ,https://sgscol.ac.uk,VTCT NVQ Diploma in Hairdressing L3 | SOUTH GLOUCESTERSHIRE AND STROUD COLLEGE | Filton |  | NVQ |  | Most full-time courses at SGS are for learners aged 16-18 with some provision available for those aged 14 plus on request.  If you are aged 19 and over then for | business_professional,ncs_course_directory,2026-06
NCS-10006130-19345709-f509-43dc-bdd8-e0e13c678373,*ATL3 - Law and Legal Work Level 2 BTEC Certificate (=1),ST BRENDAN'S SIXTH FORM COLLEGE,10006130,Bristol,BS4 5RQ,bristol,See provider,,BTEC,1,public_sector,school_leaver|apprenticeship,"This BTEC Level 2 course provides a good foundation for students wanting to access Level 3 BTEC Law. The course will give a good overview of the legal system, police powers and aspects of criminal law Type: BTEC",https://www.stbrn.ac.uk/find/courses/law-2/,"*ATL3 - Law and Legal Work Level 2 BTEC Certificate (=1) | ST BRENDAN'S SIXTH FORM COLLEGE | Bristol |  | BTEC |  | This BTEC Level 2 course provides a good foundation for students wanting to access Level 3 BTEC Law. The course will give a good overview of the legal system, p | public_sector",ncs_course_directory,2026-06
NCS-10006130-451d892f-e00b-462f-9a58-2832a27db579,ATL3 - Business BTEC First  Certificate (=3),ST BRENDAN'S SIXTH FORM COLLEGE,10006130,Bristol,BS4 5RQ,bristol,See provider,,BTEC,1,business_professional,school_leaver|apprenticeship,"BTEC First qualifications, specially designed for individuals seeking a vocational-focused education. By immersing yourself in a practical learning environment, you will acquire invaluable knowledge,  Type: BTEC",https://www.stbrn.ac.uk/find/courses/business/,"ATL3 - Business BTEC First  Certificate (=3) | ST BRENDAN'S SIXTH FORM COLLEGE | Bristol |  | BTEC |  | BTEC First qualifications, specially designed for individuals seeking a vocational-focused education. By immersing yourself in a practical learning environment, | business_professional",ncs_course_directory,2026-06
NCS-10006130-5aec5ae1-e573-49ff-949a-5dba32b4721d,ATL3 - Public Services Level 2 BTEC Certificate (=2),ST BRENDAN'S SIXTH FORM COLLEGE,10006130,Bristol,BS4 5RQ,bristol,See provider,,BTEC,1,business_professional,school_leaver|apprenticeship,"This one-year vocational course is suitable for students with a general interest in the work of the Public Services, and those who are aiming to pursue a career in any of the uniformed public service  Type: BTEC",https://www.stbrn.ac.uk/find/courses/public-services/,"ATL3 - Public Services Level 2 BTEC Certificate (=2) | ST BRENDAN'S SIXTH FORM COLLEGE | Bristol |  | BTEC |  | This one-year vocational course is suitable for students with a general interest in the work of the Public Services, and those who are aiming to pursue a career | business_professional",ncs_course_directory,2026-06
NCS-10006130-82bb6769-7915-4256-bcb0-1f7405c9989d,ATL3 - Public Services Level 2 BTEC Extended Certificate (=3),ST BRENDAN'S SIXTH FORM COLLEGE,10006130,Bristol,BS4 5RQ,bristol,See provider,,BTEC,1,business_professional,school_leaver|apprenticeship,"This one-year vocational course is suitable for students with a general interest in the work of the Public Services, and those who are aiming to pursue a career in any of the uniformed public service  Type: BTEC",https://www.stbrn.ac.uk/find/courses/public-services/,"ATL3 - Public Services Level 2 BTEC Extended Certificate (=3) | ST BRENDAN'S SIXTH FORM COLLEGE | Bristol |  | BTEC |  | This one-year vocational course is suitable for students with a general interest in the work of the Public Services, and those who are aiming to pursue a career | business_professional",ncs_course_directory,2026-06
NCS-10006130-150fb3dc-8913-4441-8709-c1fce45fb916,ATL3 - Sport Level 2 BTEC Extended Certificate (=3),ST BRENDAN'S SIXTH FORM COLLEGE,10006130,Bristol,BS4 5RQ,bristol,See provider,,BTEC,1,business_professional,school_leaver|apprenticeship,This course is a one-year vocational course that allows a sports industry enthusiast to develop the knowledge and skills required to support progression on to a Level 3 programme of study or to progre Type: BTEC,https://www.stbrn.ac.uk/find/courses/sport-first-certificate-extended/,ATL3 - Sport Level 2 BTEC Extended Certificate (=3) | ST BRENDAN'S SIXTH FORM COLLEGE | Bristol |  | BTEC |  | This course is a one-year vocational course that allows a sports industry enthusiast to develop the knowledge and skills required to support progression on to a | business_professional,ncs_course_directory,2026-06
NCS-10006130-5676557a-42d1-419f-8235-ba39b335a351,Applied Law Level 3 BTEC Extended Certificate (=1),ST BRENDAN'S SIXTH FORM COLLEGE,10006130,Bristol,BS4 5RQ,bristol,See provider,,BTEC,1,public_sector,school_leaver|apprenticeship,The BTEC Extended Certificate in Applied Law is designed to appeal to learners who are interested in a career in law or who are planning to go to university and want to gain a good understanding of la Type: BTEC,https://www.stbrn.ac.uk/find/courses/law-(applied)/,Applied Law Level 3 BTEC Extended Certificate (=1) | ST BRENDAN'S SIXTH FORM COLLEGE | Bristol |  | BTEC |  | The BTEC Extended Certificate in Applied Law is designed to appeal to learners who are interested in a career in law or who are planning to go to university and | public_sector,ncs_course_directory,2026-06
NCS-10006130-5be2365c-e42f-4fcc-b913-50a0d35d57fc,Business Level 3 BTEC Extended Certificate (=1),ST BRENDAN'S SIXTH FORM COLLEGE,10006130,Bristol,BS4 5RQ,bristol,See provider,,BTEC,1,business_professional,school_leaver|apprenticeship,These practical  work-related courses are designed for students who wish to gain a broad range of knowledge about dynamic business environments. Students must be prepared to work independently and to  Type: BTEC,https://www.stbrn.ac.uk/find/courses/business-3/,Business Level 3 BTEC Extended Certificate (=1) | ST BRENDAN'S SIXTH FORM COLLEGE | Bristol |  | BTEC |  | These practical  work-related courses are designed for students who wish to gain a broad range of knowledge about dynamic business environments. Students must b | business_professional,ncs_course_directory,2026-06
NCS-10006130-896ceaf7-fe2b-4ad2-b995-78610685f1aa,Music Performing Level 3 BTEC Extended Certificate (=1),ST BRENDAN'S SIXTH FORM COLLEGE,10006130,Bristol,BS4 5RQ,bristol,See provider,,BTEC,1,creative_events,school_leaver|apprenticeship,This course is aimed primarily at students who are interested in developing practical musical skills together with music theory and industry knowledge.  It is a highly practical course and is centred  Type: BTEC,https://www.stbrn.ac.uk/find/courses/music-performance/,Music Performing Level 3 BTEC Extended Certificate (=1) | ST BRENDAN'S SIXTH FORM COLLEGE | Bristol |  | BTEC |  | This course is aimed primarily at students who are interested in developing practical musical skills together with music theory and industry knowledge.  It is a | creative_events,ncs_course_directory,2026-06
NCS-10006130-2809f4cc-443c-40ac-a25b-3d42859b58d3,Performing Arts Level 3 BTEC  Extended Certificate (Musical Theatre) (=1),ST BRENDAN'S SIXTH FORM COLLEGE,10006130,Bristol,BS4 5RQ,bristol,See provider,,BTEC,1,creative_events,school_leaver|apprenticeship,This course is for practically minded students who have a keen interest in one or more areas of the Performing Arts industry and wish to receive outstanding tuition both in skill development as well a Type: BTEC,http://www.stbrn.ac.uk/find?c=Performing,Performing Arts Level 3 BTEC  Extended Certificate (Musical Theatre) (=1) | ST BRENDAN'S SIXTH FORM COLLEGE | Bristol |  | BTEC |  | This course is for practically minded students who have a keen interest in one or more areas of the Performing Arts industry and wish to receive outstanding tui | creative_events,ncs_course_directory,2026-06
NCS-10006130-2456e9e2-1bf9-4661-a00d-4db931ebe36d,Sport Level 3 BTEC Diploma (=2),ST BRENDAN'S SIXTH FORM COLLEGE,10006130,Bristol,BS4 5RQ,bristol,See provider,,BTEC,1,business_professional,school_leaver|apprenticeship,The sports courses offer a two-year vocational course that leads to the equivalent of one or two A-levels (dependent on the size of qualification you choose to study). It is a practical skills based c Type: BTEC,https://www.stbrn.ac.uk/find/courses/sport-2/,Sport Level 3 BTEC Diploma (=2) | ST BRENDAN'S SIXTH FORM COLLEGE | Bristol |  | BTEC |  | The sports courses offer a two-year vocational course that leads to the equivalent of one or two A-levels (dependent on the size of qualification you choose to  | business_professional,ncs_course_directory,2026-06
NCS-10031581-662bcca9-c892-4254-b494-a3b83da8d81f,Business BTEC Level 3 National Diploma,THE KINGS OF WESSEX ACADEMY,10031581,Cheddar,BS27 3AQ,bristol,See provider,,BTEC,1,business_professional,school_leaver|apprenticeship,BTEC National Qualifications provide a broad introduction that give students transferable knowledge and skills.  The Business Course is aimed at students who want to continue their education through a Type: BTEC,https://www.kowessex.co.uk/curriculum/enterprise-and-technology/,Business BTEC Level 3 National Diploma | THE KINGS OF WESSEX ACADEMY | Cheddar |  | BTEC |  | BTEC National Qualifications provide a broad introduction that give students transferable knowledge and skills.  The Business Course is aimed at students who wa | business_professional,ncs_course_directory,2026-06
NCS-10007164-cecbea05-d157-4c80-b1e3-cec00f9c4482,"BSc (Hons) Healthcare Science (Medical Physics)  - University of the West of England, Bristol (UWE, BRISTOL)",UWE,10007164,Bristol,BS16 1QY,bristol,See provider,,Higher education,2,health_care|aerospace_manufacturing|cyber_digital,school_leaver|apprenticeship,Study one of three specialist pathways on our Healthcare Science Practitioner (Medical Physics Technology) apprenticeship. Accredited by the National School of Healthcare Science as part of Health Edu Type: Higher education,https://www.uwe.ac.uk/courses/degree-apprenticeships/current-degree-apprenticeships/healthcare-science-practitioner-physiological-sciences,"BSc (Hons) Healthcare Science (Medical Physics)  - University of the West of England, Bristol (UWE, BRISTOL) | UWE | Bristol |  | Higher education |  | Study one of three specialist pathways on our Healthcare Science Practitioner (Medical Physics Technology) apprenticeship. Accredited by the National School of  | health_care aerospace_manufacturing cyber_digital",ncs_course_directory,2026-06
NCS-10007164-8675b235-fc43-46e7-8821-016d00539bf6,"BSc (Hons) in Quantity Surveying and Commercial Management - University of the West of England, Bristol (UWE Bristol)",UWE,10007164,Bristol,BS16 1QY,bristol,See provider,,Higher education,2,construction_green|business_professional,school_leaver|apprenticeship,"Our Chartered Surveyor apprenticeship pathways will give you the degree-level expertise needed to practise as a competent Chartered Surveyor. Benefit from expert guest speakers, modern facilities and  Type: Higher education",https://www.uwe.ac.uk/courses/degree-apprenticeships/current-degree-apprenticeships/chartered-quantity-surveyor,"BSc (Hons) in Quantity Surveying and Commercial Management - University of the West of England, Bristol (UWE Bristol) | UWE | Bristol |  | Higher education |  | Our Chartered Surveyor apprenticeship pathways will give you the degree-level expertise needed to practise as a competent Chartered Surveyor. Benefit from exper | construction_green business_professional",ncs_course_directory,2026-06
NCS-10007459-c13c48c1-8c61-4709-af0f-894ce73a6374,Access To He: Biomedical Sciences 17-18 Prg,University Centre Weston,10007459,WESTON SUPER MARE,BS23 2AL,bristol,See provider,4,Free Courses for Jobs,1,business_professional,school_leaver|apprenticeship,Courses for 16-18 year olds Type: Free Courses for Jobs,http://www.weston.ac.uk,Access To He: Biomedical Sciences 17-18 Prg | University Centre Weston | WESTON SUPER MARE |  | Free Courses for Jobs |  | Courses for 16-18 year olds | business_professional,ncs_course_directory,2026-06
NCS-10007459-1fbbd5fc-6300-48cd-aa07-87b734e00731,Access To He: Biomedical Sciences 17-18 Prg,University Centre Weston,10007459,WESTON SUPER MARE,BS23 2AL,bristol,See provider,4,Free Courses for Jobs,1,business_professional,school_leaver|apprenticeship,Courses for 16-18 year olds Type: Free Courses for Jobs,http://www.weston.ac.uk,Access To He: Biomedical Sciences 17-18 Prg | University Centre Weston | WESTON SUPER MARE |  | Free Courses for Jobs |  | Courses for 16-18 year olds | business_professional,ncs_course_directory,2026-06
NCS-10007459-79997ce9-e63f-45ca-b459-e2e0a9a29b96,"Advanced Subsidiary GCE in Business
AQA Level 3 Advanced Subsidiary GCE in Business",University Centre Weston,10007459,WESTON SUPER MARE,BS23 4QU,bristol,See provider,4,Free Courses for Jobs,1,business_professional,school_leaver|apprenticeship,Courses for 16-18 year olds Type: Free Courses for Jobs,http://www.weston.ac.uk,"Advanced Subsidiary GCE in Business
AQA Level 3 Advanced Subsidiary GCE in Business | University Centre Weston | WESTON SUPER MARE |  | Free Courses for Jobs |  | Courses for 16-18 year olds | business_professional",ncs_course_directory,2026-06
NCS-10007459-bf11464a-ae28-4c03-ab05-964be663874e,"Animal Care Land Based Studies, Certificate",University Centre Weston,10007459,WESTON SUPER MARE,BS23 2AL,bristol,See provider,,Certificate,1,agri_tech_food,school_leaver|apprenticeship,Courses for 16-18 year olds Type: Certificate,http://www.weston.ac.uk,"Animal Care Land Based Studies, Certificate | University Centre Weston | WESTON SUPER MARE |  | Certificate |  | Courses for 16-18 year olds | agri_tech_food",ncs_course_directory,2026-06
NCS-10007459-496dacb5-2cff-417e-9d9c-b6876e0d0605,"Animal Management and Science, T-Level",University Centre Weston,10007459,WESTON SUPER MARE,BS23 2AL,bristol,See provider,,T Level,1,business_professional|aerospace_manufacturing|cyber_digital,school_leaver|apprenticeship,Courses for 16-18 year olds Type: T Level,http://www.weston.ac.uk,"Animal Management and Science, T-Level | University Centre Weston | WESTON SUPER MARE |  | T Level |  | Courses for 16-18 year olds | business_professional aerospace_manufacturing cyber_digital",ncs_course_directory,2026-06
NCS-10007459-ffc5f38f-6fdf-4212-9b1b-b5dd91d2558f,"Animal Management, BTEC Extended Diploma",University Centre Weston,10007459,WESTON-SUPER-MARE,BS24 6AH,bristol,See provider,4,Free Courses for Jobs,1,business_professional,school_leaver|apprenticeship,Courses for 16-18 year olds Type: Free Courses for Jobs,http://www.weston.ac.uk,"Animal Management, BTEC Extended Diploma | University Centre Weston | WESTON-SUPER-MARE |  | Free Courses for Jobs |  | Courses for 16-18 year olds | business_professional",ncs_course_directory,2026-06
NCS-10007459-b5a9a6da-80c8-419d-b87f-132be717ee3d,"Art and Design, Pre-Degree",University Centre Weston,10007459,WESTON SUPER MARE,BS23 4QU,bristol,See provider,4,Free Courses for Jobs,1,creative_events,school_leaver|apprenticeship,Courses for 16-18 year olds Type: Free Courses for Jobs,http://www.weston.ac.uk,"Art and Design, Pre-Degree | University Centre Weston | WESTON SUPER MARE |  | Free Courses for Jobs |  | Courses for 16-18 year olds | creative_events",ncs_course_directory,2026-06
NCS-10007459-17b05571-5a5a-4c16-bacd-55d66b5c4ed2,Award in Health and Safety in a Construction Environment,University Centre Weston,10007459,Weston-super-Mare,BS23 2AL,bristol,See provider,,Certificate,2,agri_tech_food,school_leaver|apprenticeship,Courses for adults Type: Certificate,http://www.weston.ac.uk,Award in Health and Safety in a Construction Environment | University Centre Weston | Weston-super-Mare |  | Certificate |  | Courses for adults | agri_tech_food,ncs_course_directory,2026-06
NCS-10007459-4116028d-2914-426f-9737-cf365bf10df9,"Extended Diploma in Creative Practice: Art, Design and Communication",University Centre Weston,10007459,WESTON SUPER MARE,BS23 4QU,bristol,See provider,4,Free Courses for Jobs,1,creative_events,school_leaver|apprenticeship,Courses for 16-18 year olds Type: Free Courses for Jobs,http://www.weston.ac.uk,"Extended Diploma in Creative Practice: Art, Design and Communication | University Centre Weston | WESTON SUPER MARE |  | Free Courses for Jobs |  | Courses for 16-18 year olds | creative_events",ncs_course_directory,2026-06
NCS-10007459-3804a384-416d-479a-b834-627ec39cd3fd,"Sports Coaching & Physical Education, BTEC Extended Diploma",University Centre Weston,10007459,WESTON SUPER MARE,BS23 4QU,bristol,See provider,,BTEC,1,education_training,school_leaver|apprenticeship,Courses for 16-18 year olds Type: BTEC,http://www.weston.ac.uk,"Sports Coaching & Physical Education, BTEC Extended Diploma | University Centre Weston | WESTON SUPER MARE |  | BTEC |  | Courses for 16-18 year olds | education_training",ncs_course_directory,2026-06
NCS-10007459-3be6e170-310b-4ef9-9c53-128ab2010775,"T Level Construction - Design, Surveying and Planning for Construction",University Centre Weston,10007459,WESTON-SUPER-MARE,BS22 8NL,bristol,See provider,2,T Level,1,creative_events|construction_green,school_leaver|apprenticeship,"You'll learn specific topics in design, surveying and planning:

Project management
Budgeting and resource allocation
Procurement
Risk management

In addition to the core content, you will choo Type: T Level",https://www.weston.ac.uk/what-can-i-study/courses-16-18-year-olds/t-levels,"T Level Construction - Design, Surveying and Planning for Construction | University Centre Weston | WESTON-SUPER-MARE |  | T Level |  | You'll learn specific topics in design, surveying and planning:

Project management
Budgeting and resource allocation
Procurement
Risk management

In add | creative_events construction_green",ncs_course_directory,2026-06
NCS-10007459-ca931ecd-68e2-435c-a744-4c9e2047af63,T Level in Animal Care and Management,University Centre Weston,10007459,WESTON SUPER MARE,BS23 2AL,bristol,See provider,2,T Level,1,agri_tech_food|business_professional,school_leaver|apprenticeship,"You will develop an understanding of a broad range of issues relevant to the sector including sustainability, environmental legislation, sustainable development, climate change and waste management pr Type: T Level",https://www.weston.ac.uk/what-can-i-study/courses-16-18-year-olds/animal-management-t-levels/animal-care-and-management-t,"T Level in Animal Care and Management | University Centre Weston | WESTON SUPER MARE |  | T Level |  | You will develop an understanding of a broad range of issues relevant to the sector including sustainability, environmental legislation, sustainable development | agri_tech_food business_professional",ncs_course_directory,2026-06
NCS-10007459-f6510b50-f20a-4ba1-aeb8-82c5dbdfb5ed,"Travel and Tourism, BTEC Extended Diploma",University Centre Weston,10007459,WESTON SUPER MARE,BS23 2AL,bristol,See provider,4,Free Courses for Jobs,1,hospitality_tourism,school_leaver|apprenticeship,Courses for 16-18 year olds Type: Free Courses for Jobs,http://www.weston.ac.uk,"Travel and Tourism, BTEC Extended Diploma | University Centre Weston | WESTON SUPER MARE |  | Free Courses for Jobs |  | Courses for 16-18 year olds | hospitality_tourism",ncs_course_directory,2026-06
NCS-10000349-bf9438c7-ef1e-464f-ada3-f2a1be9a81e4,Travel and Tourism BTEC Level 3,ARCHWAY SCHOOL,10000349,STROUD,GL5 4AX,gloucestershire,See provider,,BTEC,1,hospitality_tourism,school_leaver|apprenticeship,"This qualification gives a broad introduction to the travel and tourism industry, with an emphasis on core knowledge and fundamental skills that are transferable across other sectors. Type: BTEC",https://www.archwayschool.net/Subjects/,"Travel and Tourism BTEC Level 3 | ARCHWAY SCHOOL | STROUD |  | BTEC |  | This qualification gives a broad introduction to the travel and tourism industry, with an emphasis on core knowledge and fundamental skills that are transferabl | hospitality_tourism",ncs_course_directory,2026-06
NCS-10056770-b712b0a4-7255-48d8-8ac2-3f20ad0d0124,NVQ Diploma in Beauty Therapy General,CEDARS TRAINING ACADEMY LIMITED,10056770,Gloucester,GL1 1EW,gloucestershire,See provider,,NVQ,2,business_professional,apprenticeship,Anyone considering a career as a beauty therapist. This course will suit you if you are new to beauty therapy or you have limited experience and just basic knowledge and skills. It could help you get  Type: NVQ,http://www.ibha.co.uk/What-We-Do/Qualifications/Level-2-Diploma-in-Beauty-Therapy-General,NVQ Diploma in Beauty Therapy General | CEDARS TRAINING ACADEMY LIMITED | Gloucester |  | NVQ |  | Anyone considering a career as a beauty therapist. This course will suit you if you are new to beauty therapy or you have limited experience and just basic know | business_professional,ncs_course_directory,2026-06
NCS-10056770-b123b406-c523-425f-9e37-0f629180886c,NVQ Diploma in Hairdressing,CEDARS TRAINING ACADEMY LIMITED,10056770,Gloucester,GL1 1EW,gloucestershire,See provider,,NVQ,2,business_professional,apprenticeship,"The Level 2 NVQ Diploma in Hairdressing is a job ready qualification based on National Occupational Standards (NOS). This qualification will provide you with the knowledge, understanding and skills to Type: NVQ",http://www.ibha.co.uk/What-We-Do/Qualifications/Level-2-Diploma-in-Hairdressing,NVQ Diploma in Hairdressing | CEDARS TRAINING ACADEMY LIMITED | Gloucester |  | NVQ |  | The Level 2 NVQ Diploma in Hairdressing is a job ready qualification based on National Occupational Standards (NOS). This qualification will provide you with th | business_professional,ncs_course_directory,2026-06
NCS-10056770-e8435891-f4b1-414c-989a-cbdaa368a862,NVQ Diploma in Nail Services,CEDARS TRAINING ACADEMY LIMITED,10056770,Gloucester,GL1 1EW,gloucestershire,See provider,,NVQ,2,business_professional,apprenticeship,Anyone considering a career as a beauty therapist. This course will suit you if you are new to beauty and nails or you have limited experience and just basic knowledge and skills. It could help you ge Type: NVQ,https://www.cedarstrainingacademy.co.uk,NVQ Diploma in Nail Services | CEDARS TRAINING ACADEMY LIMITED | Gloucester |  | NVQ |  | Anyone considering a career as a beauty therapist. This course will suit you if you are new to beauty and nails or you have limited experience and just basic kn | business_professional,ncs_course_directory,2026-06
NCS-10034622-9ac38074-c283-4f28-94ad-76cb48313efd,Cambridge Advanced National in Health and Social Care (VQ),CHIPPING CAMPDEN SCHOOL,10034622,Chipping Campden,GL55 6HU,gloucestershire,See provider,,FE / HE course,2,health_care,school_leaver|apprenticeship,"The aim of this vocational course is to provide learners with the skills, knowledge and understanding to progress into Higher Education or employment. It gives them the exciting opportunity to gain a  Type: FE / HE course",https://sixthform.campden.school/courses/health-social-care-single/,"Cambridge Advanced National in Health and Social Care (VQ) | CHIPPING CAMPDEN SCHOOL | Chipping Campden |  | FE / HE course |  | The aim of this vocational course is to provide learners with the skills, knowledge and understanding to progress into Higher Education or employment. It gives  | health_care",ncs_course_directory,2026-06
NCS-10035702-535b1dda-6924-4673-ba70-6fdb4abacae0,BTEC First Award in Travel and Tourism,CHURCHDOWN SCHOOL,10035702,Gloucester,GL3 2RB,gloucestershire,See provider,,BTEC,1,hospitality_tourism,school_leaver|apprenticeship,Students wishing to study Travel & Tourism Type: BTEC,https://www.churchdownschool.com,BTEC First Award in Travel and Tourism | CHURCHDOWN SCHOOL | Gloucester |  | BTEC |  | Students wishing to study Travel & Tourism | hospitality_tourism,ncs_course_directory,2026-06
NCS-10035702-ea7c7d5e-315b-4ae4-adf4-4983d5e6f6c2,BTEC National Extended Certificate in Applied Law,CHURCHDOWN SCHOOL,10035702,Gloucester,GL3 2RB,gloucestershire,See provider,,BTEC,1,public_sector,school_leaver|apprenticeship,Students wishing to study law Type: BTEC,https://www.churchdownschool.com,BTEC National Extended Certificate in Applied Law | CHURCHDOWN SCHOOL | Gloucester |  | BTEC |  | Students wishing to study law | public_sector,ncs_course_directory,2026-06
NCS-10001446-e5ba49e7-9a7b-468d-833f-ff7f38fd46ae,Animal Foundation Year for T Level,CIRENCESTER COLLEGE,10001446,Cirencester,GL7 1XA,gloucestershire,See provider,,T Level,1,business_professional,school_leaver|apprenticeship,Find out more on our website: cirencester.ac.uk Type: T Level,https://www.cirencester.ac.uk/?p=4887,Animal Foundation Year for T Level | CIRENCESTER COLLEGE | Cirencester |  | T Level |  | Find out more on our website: cirencester.ac.uk | business_professional,ncs_course_directory,2026-06
NCS-10001446-050b2ae3-22ce-4ed3-9fae-2c8c7c47da7b,Digital Foundation Year for T Level,CIRENCESTER COLLEGE,10001446,Cirencester,GL7 1XA,gloucestershire,See provider,,T Level,1,business_professional,school_leaver|apprenticeship,Find out more on our website: cirencester.ac.uk Type: T Level,https://www.cirencester.ac.uk/?p=4894,Digital Foundation Year for T Level | CIRENCESTER COLLEGE | Cirencester |  | T Level |  | Find out more on our website: cirencester.ac.uk | business_professional,ncs_course_directory,2026-06
NCS-10001446-cad97407-25a4-4b25-8adc-a4e3f9f743eb,Digital Music Production L3 BTEC Extended Certificate 360 glh RQF 2 Year,CIRENCESTER COLLEGE,10001446,Cirencester,GL7 1XA,gloucestershire,See provider,,BTEC,1,creative_events,school_leaver|apprenticeship,Find out more on our website: cirencester.ac.uk Type: BTEC,https://www.cirencester.ac.uk/?p=4829,Digital Music Production L3 BTEC Extended Certificate 360 glh RQF 2 Year | CIRENCESTER COLLEGE | Cirencester |  | BTEC |  | Find out more on our website: cirencester.ac.uk | creative_events,ncs_course_directory,2026-06
NCS-10001446-23a71728-d92a-4003-a601-13f4e0d6ac7a,Music (Performance) L3 BTEC National Extended Certificate 360 glh RQF (1C) 2 Year,CIRENCESTER COLLEGE,10001446,Cirencester,GL7 1XA,gloucestershire,See provider,,BTEC,1,creative_events,school_leaver|apprenticeship,Find out more on our website: cirencester.ac.uk Type: BTEC,https://www.cirencester.ac.uk/?p=4828,Music (Performance) L3 BTEC National Extended Certificate 360 glh RQF (1C) 2 Year | CIRENCESTER COLLEGE | Cirencester |  | BTEC |  | Find out more on our website: cirencester.ac.uk | creative_events,ncs_course_directory,2026-06
NCS-10001446-85d47e51-51ef-4933-9e04-a9f06c0e36db,"T Level Construction - Design, Surveying and Planning for Construction",CIRENCESTER COLLEGE,10001446,Cirencester,GL7 1XA,gloucestershire,See provider,2,T Level,1,creative_events|construction_green,school_leaver|apprenticeship,"The T-Level is a big subject with a large amount of theory content. It is the equivalent of doing 3 A'Levels. The range of topics we cover is very wide, and no two days in college are the same. Constr Type: T Level",https://www.cirencester.ac.uk/courses/t-levels/design-surveying-and-planning-for-construction-t-levels/,"T Level Construction - Design, Surveying and Planning for Construction | CIRENCESTER COLLEGE | Cirencester |  | T Level |  | The T-Level is a big subject with a large amount of theory content. It is the equivalent of doing 3 A'Levels. The range of topics we cover is very wide, and no  | creative_events construction_green",ncs_course_directory,2026-06
NCS-10001446-25807607-e449-4c1f-a02d-b13e37c6d16d,T Level Education and Early Years - Education and Early Years,CIRENCESTER COLLEGE,10001446,Cirencester,GL7 1XA,gloucestershire,See provider,2,T Level,1,education_training,school_leaver|apprenticeship,"This T-level is the new gold standard qualification and is ideal for those who want to work in a childcare setting. The course comes with a licence to practice allowing students, on completion of the  Type: T Level",https://www.cirencester.ac.uk/courses/t-levels/childcare-education-t-level/,T Level Education and Early Years - Education and Early Years | CIRENCESTER COLLEGE | Cirencester |  | T Level |  | This T-level is the new gold standard qualification and is ideal for those who want to work in a childcare setting. The course comes with a licence to practice  | education_training,ncs_course_directory,2026-06
NCS-10001446-36a10f5a-5eb7-47cc-9c80-5e70422c657c,T Level Health and Science - Healthcare Science,CIRENCESTER COLLEGE,10001446,Cirencester,GL7 1XA,gloucestershire,See provider,2,T Level,1,health_care|aerospace_manufacturing|cyber_digital,school_leaver|apprenticeship,"The content of the Health T-Level has been built from the ground up by employers, and so there is no better way of ensuring that you have the employable skills necessary to excel. This includes learni Type: T Level",https://www.cirencester.ac.uk/courses/t-levels/health-t-level-healthcare-science/,"T Level Health and Science - Healthcare Science | CIRENCESTER COLLEGE | Cirencester |  | T Level |  | The content of the Health T-Level has been built from the ground up by employers, and so there is no better way of ensuring that you have the employable skills  | health_care aerospace_manufacturing cyber_digital",ncs_course_directory,2026-06
NCS-10001446-55be5d7e-f832-4559-9f86-c22a8eb561d0,T Level in Animal Care and Management,CIRENCESTER COLLEGE,10001446,Cirencester,GL7 1XA,gloucestershire,See provider,2,T Level,1,agri_tech_food|business_professional,school_leaver|apprenticeship,"Students will develop an understanding of a broad range of relevant content to the sector, including:

Sustainability, including animal legislation, sustainable development, climate change and waste Type: T Level",https://www.cirencester.ac.uk/courses/t-levels/animal-care-management-t-level/,"T Level in Animal Care and Management | CIRENCESTER COLLEGE | Cirencester |  | T Level |  | Students will develop an understanding of a broad range of relevant content to the sector, including:

Sustainability, including animal legislation, sustainab | agri_tech_food business_professional",ncs_course_directory,2026-06
NCS-10001446-cb8e2d1a-e5d2-4b91-98c1-48810293386a,T Level in Legal Services,CIRENCESTER COLLEGE,10001446,Cirencester,GL7 1XA,gloucestershire,See provider,2,T Level,1,public_sector,school_leaver|apprenticeship,You will develop an understanding of a broad range of issues relevant to Legal Services within the core element of the course which sets the underpinning knowledge for the specialism that the learner  Type: T Level,https://www.cirencester.ac.uk/courses/t-levels/legal-services-t-level/,T Level in Legal Services | CIRENCESTER COLLEGE | Cirencester |  | T Level |  | You will develop an understanding of a broad range of issues relevant to Legal Services within the core element of the course which sets the underpinning knowle | public_sector,ncs_course_directory,2026-06
NCS-10001446-96fc726d-4ea7-4bb2-8907-9ba5ce535b2d,"Travel & Tourism (Travel, Tourism, Hosp & Events) L3 NCFE Extended Diploma 1080 glh RQF (3C) 2 Year",CIRENCESTER COLLEGE,10001446,Cirencester,GL7 1XA,gloucestershire,See provider,,Diploma,1,hospitality_tourism,school_leaver|apprenticeship,Find out more on our website: cirencester.ac.uk Type: Diploma,https://www.cirencester.ac.uk/?p=4834,"Travel & Tourism (Travel, Tourism, Hosp & Events) L3 NCFE Extended Diploma 1080 glh RQF (3C) 2 Year | CIRENCESTER COLLEGE | Cirencester |  | Diploma |  | Find out more on our website: cirencester.ac.uk | hospitality_tourism",ncs_course_directory,2026-06
NCS-10001446-0bd3294e-d931-4ad7-93d8-adab68aca400,Uniformed Protective Services (Policing) L3 BTEC National Extended Certificate 360 glh (2 Yr),CIRENCESTER COLLEGE,10001446,Cirencester,GL7 1XA,gloucestershire,See provider,,BTEC,1,public_sector,school_leaver|apprenticeship,Find out more on our website: cirencester.ac.uk Type: BTEC,https://www.cirencester.ac.uk/?p=501668,Uniformed Protective Services (Policing) L3 BTEC National Extended Certificate 360 glh (2 Yr) | CIRENCESTER COLLEGE | Cirencester |  | BTEC |  | Find out more on our website: cirencester.ac.uk | public_sector,ncs_course_directory,2026-06
NCS-10033702-b7a9c54e-9231-4df6-bfed-2c2583197b0f,Pearson BTEC Level 3 Diploma in Sport,CLEEVE SCHOOL,10033702,Cheltenham,GL52 8AE,gloucestershire,See provider,,BTEC,1,business_professional,school_leaver|apprenticeship,"This course specifically looks at a range of topics relating to sports
performance, including training, coaching, fitness testing, psychology, in a
variety of sporting environments. Study is practic Type: BTEC",https://www.cleeveschool.net/Welcome-to-Cleeve-Sixth-Form/,"Pearson BTEC Level 3 Diploma in Sport | CLEEVE SCHOOL | Cheltenham |  | BTEC |  | This course specifically looks at a range of topics relating to sports
performance, including training, coaching, fitness testing, psychology, in a
variety of | business_professional",ncs_course_directory,2026-06
NCS-10034612-0e4e7637-3c1f-490c-8f95-189815ca881e,Certificate in Health and Social Care,FARMOR'S SCHOOL,10034612,Fairford,GL7 4JQ,gloucestershire,See provider,,Certificate,1,health_care,school_leaver|apprenticeship,"This course gives you the opportunity to gain the right combination of knowledge, understanding and skills required for the care sector in the 21st century. Type: Certificate",https://www.farmors.gloucs.sch.uk/life-at-farmors/academic-life/subjects/health-and-social-care,"Certificate in Health and Social Care | FARMOR'S SCHOOL | Fairford |  | Certificate |  | This course gives you the opportunity to gain the right combination of knowledge, understanding and skills required for the care sector in the 21st century. | health_care",ncs_course_directory,2026-06
NCS-10034612-68c62bf1-f325-4b5d-b54e-5765bd81b991,Extended Certificate in Health and Social Care,FARMOR'S SCHOOL,10034612,Fairford,GL7 4JQ,gloucestershire,See provider,,Certificate,1,health_care,school_leaver|apprenticeship,"This course gives you the opportunity to gain the right combination of knowledge, understanding and skills required for the care sector in the 21st century. Type: Certificate",https://www.farmors.gloucs.sch.uk/life-at-farmors/academic-life/subjects/health-and-social-care,"Extended Certificate in Health and Social Care | FARMOR'S SCHOOL | Fairford |  | Certificate |  | This course gives you the opportunity to gain the right combination of knowledge, understanding and skills required for the care sector in the 21st century. | health_care",ncs_course_directory,2026-06
NCS-10040392-d8ec5292-4838-4ed0-b79b-1fdf46cb575e,NVQ Certificate in Curtain Wall Installation,Glass & Fenestration Training Solutions,10040392,Gloucester,GL1 2EQ,gloucestershire,See provider,,NVQ,3,business_professional,apprenticeship,"The aim of this qualification is to confirm that the candidate has the skills and knowledge to install Curtain Wall systems on site.
It is not expected that all curtain wall installers will carry out Type: NVQ",http://www.gftsltd.co.uk,"NVQ Certificate in Curtain Wall Installation | Glass & Fenestration Training Solutions | Gloucester |  | NVQ |  | The aim of this qualification is to confirm that the candidate has the skills and knowledge to install Curtain Wall systems on site.
It is not expected that al | business_professional",ncs_course_directory,2026-06
NCS-10080810-9fa37240-32a3-4082-8397-0b36d7abc8da,T Level in Animal Care and Management,HARTPURY COLLEGE OF FURTHER EDUCATION,10080810,GLOUCESTER,GL19 3BE,gloucestershire,See provider,2,T Level,1,agri_tech_food|business_professional,school_leaver|apprenticeship,"You will develop an understanding of a broad range of issues relevant to the sector including sustainability, environmental legislation, sustainable development, climate change and waste management pr Type: T Level",https://www.hartpury.ac.uk/college/study/t-levels/,"T Level in Animal Care and Management | HARTPURY COLLEGE OF FURTHER EDUCATION | GLOUCESTER |  | T Level |  | You will develop an understanding of a broad range of issues relevant to the sector including sustainability, environmental legislation, sustainable development | agri_tech_food business_professional",ncs_course_directory,2026-06
NCS-10004181-03b053e3-9582-43f7-94da-7d23bed63ef8,Car Licence to CAT C (Rigid/Class2) LGV/HGV Licence,MANTRA LEARNING LIMITED,10004181,Tortworth,GL12 8HQ,gloucestershire,2,6,Skills Bootcamp,3,aerospace_manufacturing,school_leaver|apprenticeship|internship,This is for those who want to upskill from Car licence to HGV CAT C driver (class 2). The HGV Skills Bootcamp is free for unemployed individuals and those looking to leave their current workplace and  Type: Skills Bootcamp Level: 2,https://thelogisticsacademy.co.uk/looking-to-learn/skills-bootcamps/,Car Licence to CAT C (Rigid/Class2) LGV/HGV Licence | MANTRA LEARNING LIMITED | Tortworth | 2 | Skills Bootcamp | TRANSPORT | This is for those who want to upskill from Car licence to HGV CAT C driver (class 2). The HGV Skills Bootcamp is free for unemployed individuals and those looki | aerospace_manufacturing,ncs_course_directory,2026-06
NCS-10004181-7bd2192b-88b5-4d2b-9e12-f10bb6610a3c,Car Licence to CAT C+E (Class1/Artic) HGV/LGV Licence,MANTRA LEARNING LIMITED,10004181,Tortworth,GL12 8HQ,gloucestershire,2,6,Skills Bootcamp,3,aerospace_manufacturing,school_leaver|apprenticeship|internship,This is for those who want to upskill from Car licence to HGV CAT C+E driver (class 2). The HGV Skills Bootcamp is free for unemployed individuals and those looking to leave their current workplace an Type: Skills Bootcamp Level: 2,https://thelogisticsacademy.co.uk/looking-to-learn/skills-bootcamps/,Car Licence to CAT C+E (Class1/Artic) HGV/LGV Licence | MANTRA LEARNING LIMITED | Tortworth | 2 | Skills Bootcamp | TRANSPORT | This is for those who want to upskill from Car licence to HGV CAT C+E driver (class 2). The HGV Skills Bootcamp is free for unemployed individuals and those loo | aerospace_manufacturing,ncs_course_directory,2026-06
NCS-10034599-549f2452-297e-4778-afd6-e831cac4fb45,A Level in Business,MARLING SCHOOL,10034599,Stroud,GL5 4HE,gloucestershire,See provider,,A Level,1,business_professional,school_leaver|apprenticeship,"This subject is of general interest and useful for whatever career path you are going to follow, whether in employment or running your own business. You will develop the necessary knowledge and unders Type: A Level",https://www.marlingsixthform.org/curriculum#subjects-offered,"A Level in Business | MARLING SCHOOL | Stroud |  | A Level |  | This subject is of general interest and useful for whatever career path you are going to follow, whether in employment or running your own business. You will de | business_professional",ncs_course_directory,2026-06
NCS-10038638-8b4864a2-093f-45c6-b7c2-a11787f14337,Computer Science,NEWENT COMMUNITY SCHOOL AND SIXTH FORM CENTRE,10038638,Newent,GL18 1QF,gloucestershire,See provider,,FE / HE course,1,cyber_digital|aerospace_manufacturing,school_leaver|apprenticeship,Contact provider for more information Type: FE / HE course,http://newent.gloucs.sch.uk/,Computer Science | NEWENT COMMUNITY SCHOOL AND SIXTH FORM CENTRE | Newent |  | FE / HE course |  | Contact provider for more information | cyber_digital aerospace_manufacturing,ncs_course_directory,2026-06
NCS-10005419-715f0dfb-4db4-49de-8fc0-b919a5c61c6b,Physical Education,REDNOCK SCHOOL,10005419,Dursley,GL11 4BY,gloucestershire,See provider,,FE / HE course,1,education_training,school_leaver|apprenticeship,"A Level PE is not only fun, exciting and full of teamwork, but also challenging and completely up to date, studying current issues in and around Sport. It includes areas such as Anatomy and Physiology Type: FE / HE course",https://rednockschool.org.uk/ks5-courses/,"Physical Education | REDNOCK SCHOOL | Dursley |  | FE / HE course |  | A Level PE is not only fun, exciting and full of teamwork, but also challenging and completely up to date, studying current issues in and around Sport. It inclu | education_training",ncs_course_directory,2026-06
NCS-10033782-03cf376d-dd07-4553-92f9-fcf636da3dd3,Business Studies,RIBSTON HALL HIGH SCHOOL,10033782,Gloucester,GL1 5LE,gloucestershire,See provider,,FE / HE course,1,business_professional,school_leaver|apprenticeship,"The course offers learner the opportunity to study different types of businesses in different industries.  it looks at why they exist, how they are set up and how they are run. Type: FE / HE course",https://www.ribstonhall.gloucs.sch.uk/sixthform/join-us,"Business Studies | RIBSTON HALL HIGH SCHOOL | Gloucester |  | FE / HE course |  | The course offers learner the opportunity to study different types of businesses in different industries.  it looks at why they exist, how they are set up and h | business_professional",ncs_course_directory,2026-06
NCS-10033782-90de42d6-7bd3-4a5d-8ae3-c6d14a6fa8cd,Physical Education,RIBSTON HALL HIGH SCHOOL,10033782,Gloucester,GL1 5LE,gloucestershire,See provider,,FE / HE course,1,education_training,school_leaver|apprenticeship,"Students have the chance to take on the roles of performer, leader or official at AS, before focusing on one of these roles at A2. In their chosen roles, they willstudents to:? develop theoretical kno Type: FE / HE course",https://www.ribstonhall.gloucs.sch.uk/sixthform/join-us,"Physical Education | RIBSTON HALL HIGH SCHOOL | Gloucester |  | FE / HE course |  | Students have the chance to take on the roles of performer, leader or official at AS, before focusing on one of these roles at A2. In their chosen roles, they w | education_training",ncs_course_directory,2026-06
NCS-10064844-f23a7e2c-3d00-46bd-9d1e-21512d3e0384,GCE A Level in Computer Science,SGS BERKELEY GREEN UTC,10064844,Berkeley,GL13 9FB,gloucestershire,See provider,,A Level,1,cyber_digital|aerospace_manufacturing,school_leaver|apprenticeship,"This course is for students who want to continue studying physics after GCSE. You'll already be familiar with some of the topics like forces and electricity, but the A level will give you the chance t Type: A Level",https://www.ocr.org.uk/Images/170844-specification-accredited-a-level-gce-computer-science-h446.pdf,"GCE A Level in Computer Science | SGS BERKELEY GREEN UTC | Berkeley |  | A Level |  | This course is for students who want to continue studying physics after GCSE. You'll already be familiar with some of the topics like forces and electricity, bu | cyber_digital aerospace_manufacturing",ncs_course_directory,2026-06
NCS-10036143-cc366295-cda9-4ab5-8eea-190d1683d048,ASCENTIS Access to HE Diploma Art and Design,SOUTH GLOUCESTERSHIRE AND STROUD COLLEGE,10036143,Stroud,GL5 4AH,gloucestershire,See provider,,Access to HE,1,creative_events,school_leaver|apprenticeship,Most full-time courses at SGS are for learners aged 16-18 with some provision available for those aged 14 plus on request.  If you are aged 19 and over then formal qualifications that are a prerequisi Type: Access to HE,https://sgscol.ac.uk,ASCENTIS Access to HE Diploma Art and Design | SOUTH GLOUCESTERSHIRE AND STROUD COLLEGE | Stroud |  | Access to HE |  | Most full-time courses at SGS are for learners aged 16-18 with some provision available for those aged 14 plus on request.  If you are aged 19 and over then for | creative_events,ncs_course_directory,2026-06
NCS-10036143-464afd34-0ffb-4de3-ac60-983d3fe5a825,BTEC Introductory Certificate in Digital Media Level 1,SOUTH GLOUCESTERSHIRE AND STROUD COLLEGE,10036143,Stroud,GL5 4AH,gloucestershire,See provider,,BTEC,1,creative_events,school_leaver|apprenticeship,Most full-time courses at SGS are for learners aged 16-18 with some provision available for those aged 14 plus on request.  If you are aged 19 and over then formal qualifications that are a prerequisi Type: BTEC,https://sgscol.ac.uk,BTEC Introductory Certificate in Digital Media Level 1 | SOUTH GLOUCESTERSHIRE AND STROUD COLLEGE | Stroud |  | BTEC |  | Most full-time courses at SGS are for learners aged 16-18 with some provision available for those aged 14 plus on request.  If you are aged 19 and over then for | creative_events,ncs_course_directory,2026-06
NCS-10036143-30ca9511-d0d2-4a9c-b2b6-e29d7473565f,BTEC Level 2 First Extended Certificate in Applied Science,SOUTH GLOUCESTERSHIRE AND STROUD COLLEGE,10036143,Stroud,GL5 4AH,gloucestershire,See provider,,BTEC,1,aerospace_manufacturing|cyber_digital,school_leaver|apprenticeship,Most full-time courses at SGS are for learners aged 16-18 with some provision available for those aged 14 plus on request.  If you are aged 19 and over then formal qualifications that are a prerequisi Type: BTEC,https://sgscol.ac.uk,BTEC Level 2 First Extended Certificate in Applied Science | SOUTH GLOUCESTERSHIRE AND STROUD COLLEGE | Stroud |  | BTEC |  | Most full-time courses at SGS are for learners aged 16-18 with some provision available for those aged 14 plus on request.  If you are aged 19 and over then for | aerospace_manufacturing cyber_digital,ncs_course_directory,2026-06
NCS-10034789-f8a05e84-45c2-4db8-b672-f1cac24653f7,BTEC National Extended Certificate in Digital Content Production,ST PETER'S CATHOLIC HIGH SCHOOL AND SIXTH FORM CENTRE,10034789,Gloucester,GL4 0DD,gloucestershire,See provider,,BTEC,1,business_professional,school_leaver|apprenticeship,Student who would like a more hands on and practical approach to producing media. Type: BTEC,https://qualifications.pearson.com/en/qualifications/btec-nationals/creative-digital-media-production-2016.html,BTEC National Extended Certificate in Digital Content Production | ST PETER'S CATHOLIC HIGH SCHOOL AND SIXTH FORM CENTRE | Gloucester |  | BTEC |  | Student who would like a more hands on and practical approach to producing media. | business_professional,ncs_course_directory,2026-06
NCS-10030802-a72d6cb4-28d8-482a-8cee-6c87d6867a26,Civil Engineering and Groundworks,THE CONSTRUCTION SKILLS PEOPLE LTD,10030802,Gloucestershire,,gloucestershire,3,6,Skills Bootcamp,,aerospace_manufacturing,school_leaver|apprenticeship|internship,This programme is aimed at individuals wishing to start a career in the construction industry and will provide CSCS Health and Safety training and core construction principles Type: Skills Bootcamp Level: 3,https://skillsacademies.com/courses/skills-bootcamp-in-groundworks-and-civil-engineering/,Civil Engineering and Groundworks | THE CONSTRUCTION SKILLS PEOPLE LTD | Gloucestershire | 3 | Skills Bootcamp | CONSTRUCTION | This programme is aimed at individuals wishing to start a career in the construction industry and will provide CSCS Health and Safety training and core construc | aerospace_manufacturing,ncs_course_directory,2026-06
NCS-10030802-14e31982-f6a4-417a-9f53-89ede155ee4a,Construction Supervision,THE CONSTRUCTION SKILLS PEOPLE LTD,10030802,Gloucestershire,,gloucestershire,3,6,Skills Bootcamp,,construction_green,school_leaver|apprenticeship|internship,"Skills Bootcamps are free, flexible courses of up to 16 weeks, for people looking for a new role or job opportunity. You will be offered an interview with an employer once you complete your course. If Type: Skills Bootcamp Level: 3",https://constructionskillspeople.com/west-of-england-combined-authority/,"Construction Supervision | THE CONSTRUCTION SKILLS PEOPLE LTD | Gloucestershire | 3 | Skills Bootcamp | CONSTRUCTION | Skills Bootcamps are free, flexible courses of up to 16 weeks, for people looking for a new role or job opportunity. You will be offered an interview with an em | construction_green",ncs_course_directory,2026-06
NCS-10030802-561c5e51-8173-4c57-b815-d232b6b621ed,NVQ Diploma in Occupational Work Supervision (Construction),THE CONSTRUCTION SKILLS PEOPLE LTD,10030802,Gloucestershire,,gloucestershire,See provider,4,NVQ,,business_professional,apprenticeship,The course is aimed for individuals already working in the construction sector in a foreman or supervisory role.  The programme is delivered at the learners place of employment over a period of approx Type: NVQ,https://constructionskillspeople.com/courses/l3-nvq-diploma-occupational-work-supervision-construction/,NVQ Diploma in Occupational Work Supervision (Construction) | THE CONSTRUCTION SKILLS PEOPLE LTD | Gloucestershire |  | NVQ |  | The course is aimed for individuals already working in the construction sector in a foreman or supervisory role.  The programme is delivered at the learners pla | business_professional,ncs_course_directory,2026-06
NCS-10033257-fd616791-a403-47aa-8c44-460e837784ba,Computer Science,THE CRYPT SCHOOL,10033257,Gloucester,GL2 5AE,gloucestershire,See provider,,FE / HE course,1,cyber_digital|aerospace_manufacturing,school_leaver|apprenticeship,"All assessment units require the candidate to exhibit essential skills developed through the study of Computer Science, i.e. the ability to identify, understand, analyse and evaluate key critical conc Type: FE / HE course",https://cryptschool.org/admissions/prospectus-1/,"Computer Science | THE CRYPT SCHOOL | Gloucester |  | FE / HE course |  | All assessment units require the candidate to exhibit essential skills developed through the study of Computer Science, i.e. the ability to identify, understand | cyber_digital aerospace_manufacturing",ncs_course_directory,2026-06
NCS-10052473-64a0c1a8-6a37-4129-8200-76974c404a4d,NVQ Diploma in Decorative Finishing and Industrial Painting Occupations (Construction),Tendean,10052473,Gloucestershire,,gloucestershire,See provider,,NVQ,,business_professional,apprenticeship,"You must be aged over 19 years of age, employed or self employed in the industry and living in Hull, Cambridge, Hertfordshire, Bedfordshire, Buckinghamshire, Oxfordshire, Surrey, Essex, Kent, Wiltshir Type: NVQ",http://www.tendean.com,"NVQ Diploma in Decorative Finishing and Industrial Painting Occupations (Construction) | Tendean | Gloucestershire |  | NVQ |  | You must be aged over 19 years of age, employed or self employed in the industry and living in Hull, Cambridge, Hertfordshire, Bedfordshire, Buckinghamshire, Ox | business_professional",ncs_course_directory,2026-06
NCS-10052473-b47e3ec6-238e-40b0-924a-0b4195c4c98e,NVQ Diploma in Plumbing and Heating,Tendean,10052473,Gloucestershire,,gloucestershire,See provider,,NVQ,,business_professional,apprenticeship,"You must be aged over 19 years of age, employed or self employed in the industry and living in Hull, Cambridge, Hertfordshire, Bedfordshire, Buckinghamshire, Oxfordshire, Surrey, Essex, Kent, Wiltshir Type: NVQ",http://www.tendean.com,"NVQ Diploma in Plumbing and Heating | Tendean | Gloucestershire |  | NVQ |  | You must be aged over 19 years of age, employed or self employed in the industry and living in Hull, Cambridge, Hertfordshire, Bedfordshire, Buckinghamshire, Ox | business_professional",ncs_course_directory,2026-06
NCS-10052473-90bbf5c4-61b3-499d-9b78-4194e7550898,NVQ Diploma in Trowel Occupations (Construction),Tendean,10052473,Gloucestershire,,gloucestershire,See provider,,NVQ,,business_professional,apprenticeship,"You must be aged over 19 years of age, employed or self employed in the industry and living in Hull, Cambridge, Hertfordshire, Bedfordshire, Buckinghamshire, Oxfordshire, Surrey, Essex, Kent, Wiltshir Type: NVQ",http://www.tendean.com,"NVQ Diploma in Trowel Occupations (Construction) | Tendean | Gloucestershire |  | NVQ |  | You must be aged over 19 years of age, employed or self employed in the industry and living in Hull, Cambridge, Hertfordshire, Bedfordshire, Buckinghamshire, Ox | business_professional",ncs_course_directory,2026-06
NCS-10052473-7efebf80-64e8-4986-8ce3-9a7031cd83d4,NVQ Diploma in Wood Occupations (Construction),Tendean,10052473,Gloucestershire,,gloucestershire,See provider,,NVQ,,business_professional,apprenticeship,"You must be aged over 19 years of age, employed or self employed in the industry and living in Hull, Cambridge, Hertfordshire, Bedfordshire, Buckinghamshire, Oxfordshire, Surrey, Essex, Kent, Wiltshir Type: NVQ",http://www.tendean.com,"NVQ Diploma in Wood Occupations (Construction) | Tendean | Gloucestershire |  | NVQ |  | You must be aged over 19 years of age, employed or self employed in the industry and living in Hull, Cambridge, Hertfordshire, Bedfordshire, Buckinghamshire, Ox | business_professional",ncs_course_directory,2026-06
NCS-10022116-a5293d8f-06f1-4d3a-8b7d-d730ece8860f,Level 3 NVQ Diploma Occupational Work Supervision (Construction),Training and Assessment Training Consultants,10022116,Gloucestershire,,gloucestershire,See provider,,NVQ,,business_professional,apprenticeship,The Level 3 NVQ Diploma in Occupational Work Supervision qualification has been developed for delivery in a working environment; this means you need to be employed to study this qualification.It has b Type: NVQ,https://www.tacltd.org.uk/qualifications/level-3-nvq-diploma-occupational-work-supervision-construction/,Level 3 NVQ Diploma Occupational Work Supervision (Construction) | Training and Assessment Training Consultants | Gloucestershire |  | NVQ |  | The Level 3 NVQ Diploma in Occupational Work Supervision qualification has been developed for delivery in a working environment; this means you need to be emplo | business_professional,ncs_course_directory,2026-06
NCS-10000878-37622b69-7ff8-410f-a496-e706e0697dc8,CABWI L2 Unit MUNC11C - Joint materials by butt fusion processes above 315mm for utilities network construction,UNIVERSITY CENTRE SOMERSET COLLEGE GROUP,10000878,Gloucestershire,,gloucestershire,See provider,,FE / HE course,,business_professional,school_leaver|apprenticeship,"UCS College Group offers a wide range of courses across its four colleges and also offsite. 
		Courses cover many areas and can be used for different purposes 
		such as furthering personal developmen Type: FE / HE course",https://www.ucscollegegroup.ac.uk/courses/,"CABWI L2 Unit MUNC11C - Joint materials by butt fusion processes above 315mm for utilities network construction | UNIVERSITY CENTRE SOMERSET COLLEGE GROUP | Gloucestershire |  | FE / HE course |  | UCS College Group offers a wide range of courses across its four colleges and also offsite. 
		Courses cover many areas and can be used for different purposes 
 | business_professional",ncs_course_directory,2026-06
NCS-10000878-d4b07ec3-e5bd-42be-a8db-6aaee7d60ebb,EMTA L2 NVQ Dip Engineering Maintenance and Installation yr 3 of 3,UNIVERSITY CENTRE SOMERSET COLLEGE GROUP,10000878,Gloucestershire,,gloucestershire,See provider,,NVQ,,aerospace_manufacturing,apprenticeship,"UCS College Group offers a wide range of courses across its four colleges and also offsite. 
		Courses cover many areas and can be used for different purposes 
		such as furthering personal developmen Type: NVQ",https://www.ucscollegegroup.ac.uk/courses/,"EMTA L2 NVQ Dip Engineering Maintenance and Installation yr 3 of 3 | UNIVERSITY CENTRE SOMERSET COLLEGE GROUP | Gloucestershire |  | NVQ |  | UCS College Group offers a wide range of courses across its four colleges and also offsite. 
		Courses cover many areas and can be used for different purposes 
 | aerospace_manufacturing",ncs_course_directory,2026-06
NCS-10000878-04fbbf7a-bcd6-4337-8642-2f18c6e92314,Edexcel L2 NVQ Cert Plant Operations - Rear Tipping Dumper (TRANSPORTING LOADS) QQ7002432,UNIVERSITY CENTRE SOMERSET COLLEGE GROUP,10000878,Gloucestershire,,gloucestershire,See provider,,NVQ,,business_professional,apprenticeship,"UCS College Group offers a wide range of courses across its four colleges and also offsite. 
		Courses cover many areas and can be used for different purposes 
		such as furthering personal developmen Type: NVQ",https://www.ucscollegegroup.ac.uk/courses/,"Edexcel L2 NVQ Cert Plant Operations - Rear Tipping Dumper (TRANSPORTING LOADS) QQ7002432 | UNIVERSITY CENTRE SOMERSET COLLEGE GROUP | Gloucestershire |  | NVQ |  | UCS College Group offers a wide range of courses across its four colleges and also offsite. 
		Courses cover many areas and can be used for different purposes 
 | business_professional",ncs_course_directory,2026-06
NCS-10000878-1b3e818f-9339-40bc-832e-2168a0b4a85b,NOCN L2 NVQ Dip Controlling Lifting Operations (Construction) - Slinger/Signaller,UNIVERSITY CENTRE SOMERSET COLLEGE GROUP,10000878,Gloucestershire,,gloucestershire,See provider,,NVQ,,business_professional,apprenticeship,"UCS College Group offers a wide range of courses across its four colleges and also offsite. 
		Courses cover many areas and can be used for different purposes 
		such as furthering personal developmen Type: NVQ",https://www.ucscollegegroup.ac.uk/courses/,"NOCN L2 NVQ Dip Controlling Lifting Operations (Construction) - Slinger/Signaller | UNIVERSITY CENTRE SOMERSET COLLEGE GROUP | Gloucestershire |  | NVQ |  | UCS College Group offers a wide range of courses across its four colleges and also offsite. 
		Courses cover many areas and can be used for different purposes 
 | business_professional",ncs_course_directory,2026-06
NCS-10000878-e265f519-7fa3-430b-9e21-70fbb0e49d7b,NOCN L4 NVQ Dip in Controlling Lifting Operations (Construction) - Supervising Lifts Q005843 Continuers,UNIVERSITY CENTRE SOMERSET COLLEGE GROUP,10000878,Gloucestershire,,gloucestershire,See provider,,NVQ,,business_professional,apprenticeship,"UCS College Group offers a wide range of courses across its four colleges and also offsite. 
		Courses cover many areas and can be used for different purposes 
		such as furthering personal developmen Type: NVQ",https://www.ucscollegegroup.ac.uk/courses/,"NOCN L4 NVQ Dip in Controlling Lifting Operations (Construction) - Supervising Lifts Q005843 Continuers | UNIVERSITY CENTRE SOMERSET COLLEGE GROUP | Gloucestershire |  | NVQ |  | UCS College Group offers a wide range of courses across its four colleges and also offsite. 
		Courses cover many areas and can be used for different purposes 
 | business_professional",ncs_course_directory,2026-06
NCS-10000878-816178c4-919f-4251-a133-57ad809f18fa,NOCN L5 NVQ Dip in Controlling Lifting Operations (Construction) - Planning Lifts,UNIVERSITY CENTRE SOMERSET COLLEGE GROUP,10000878,Gloucestershire,,gloucestershire,See provider,,NVQ,,business_professional,apprenticeship,"UCS College Group offers a wide range of courses across its four colleges and also offsite. 
		Courses cover many areas and can be used for different purposes 
		such as furthering personal developmen Type: NVQ",https://www.ucscollegegroup.ac.uk/courses/,"NOCN L5 NVQ Dip in Controlling Lifting Operations (Construction) - Planning Lifts | UNIVERSITY CENTRE SOMERSET COLLEGE GROUP | Gloucestershire |  | NVQ |  | UCS College Group offers a wide range of courses across its four colleges and also offsite. 
		Courses cover many areas and can be used for different purposes 
 | business_professional",ncs_course_directory,2026-06
NCS-10000878-8e5e140e-d9f0-4b4e-8bd4-fbb14162081f,NOCN Level 2 NVQ Certificate in Plant Operations Telehandler (Construction) - Fork-lift Trucks (301351) Continuers,UNIVERSITY CENTRE SOMERSET COLLEGE GROUP,10000878,Gloucestershire,,gloucestershire,See provider,,NVQ,,business_professional,apprenticeship,"UCS College Group offers a wide range of courses across its four colleges and also offsite. 
		Courses cover many areas and can be used for different purposes 
		such as furthering personal developmen Type: NVQ",https://www.ucscollegegroup.ac.uk/courses/,"NOCN Level 2 NVQ Certificate in Plant Operations Telehandler (Construction) - Fork-lift Trucks (301351) Continuers | UNIVERSITY CENTRE SOMERSET COLLEGE GROUP | Gloucestershire |  | NVQ |  | UCS College Group offers a wide range of courses across its four colleges and also offsite. 
		Courses cover many areas and can be used for different purposes 
 | business_professional",ncs_course_directory,2026-06
NCS-10000878-e3c9eb22-83c7-4d4d-a3ef-6c74ffa2fff7,NOCN Level 2 NVQ Diploma in Plant Operations (Construction) - Excavating (319273),UNIVERSITY CENTRE SOMERSET COLLEGE GROUP,10000878,Gloucestershire,,gloucestershire,See provider,,NVQ,,business_professional,apprenticeship,"UCS College Group offers a wide range of courses across its four colleges and also offsite. 
		Courses cover many areas and can be used for different purposes 
		such as furthering personal developmen Type: NVQ",https://www.ucscollegegroup.ac.uk/courses/,"NOCN Level 2 NVQ Diploma in Plant Operations (Construction) - Excavating (319273) | UNIVERSITY CENTRE SOMERSET COLLEGE GROUP | Gloucestershire |  | NVQ |  | UCS College Group offers a wide range of courses across its four colleges and also offsite. 
		Courses cover many areas and can be used for different purposes 
 | business_professional",ncs_course_directory,2026-06
NCS-10026108-128b3052-aa5f-4839-b30e-a4522f3dcfd5,BTEC National Extended Diploma in Sports Coaching and Development,Virtual Learning UK,10026108,Lydney,GL15 5HE,gloucestershire,See provider,,BTEC,1,business_professional,school_leaver|apprenticeship,"If you're aged 16-18 and interested in Performing Arts, our range of courses could be for you. VLUK has teamed up with a number of prestigious venues across the UK to bring you the nationally recognis Type: BTEC",http://www.vluk.org,"BTEC National Extended Diploma in Sports Coaching and Development | Virtual Learning UK | Lydney |  | BTEC |  | If you're aged 16-18 and interested in Performing Arts, our range of courses could be for you. VLUK has teamed up with a number of prestigious venues across the | business_professional",ncs_course_directory,2026-06
