leaver_id,interest_sectors,target_sectors,dominant_riasec,r,i,a,s,e,c,source,cohort,sample_weight,persona_seed
glos_technical_specialist_0,business_professional|cyber_digital,business_professional|cyber_digital,Investigative|Conventional,0.1019,0.3116,0.1115,0.1156,0.1012,0.2582,glos_priors,synthetic_glos,3.5,Technical Specialist
glos_technical_specialist_2,business_professional|cyber_digital,business_professional|cyber_digital,Investigative|Conventional,0.1008,0.3016,0.0988,0.0715,0.1548,0.2726,glos_priors,synthetic_glos,3.5,Technical Specialist
glos_technical_specialist_3,business_professional|cyber_digital,business_professional|cyber_digital,Investigative|Conventional,0.0768,0.3422,0.0875,0.0819,0.1288,0.2828,glos_priors,synthetic_glos,3.5,Technical Specialist
glos_technical_specialist_6,business_professional,business_professional,Investigative|Conventional,0.068,0.3343,0.0785,0.0971,0.1408,0.2814,glos_priors,synthetic_glos,3.5,Technical Specialist
glos_technical_specialist_7,business_professional,business_professional,Investigative|Conventional,0.0946,0.3292,0.0915,0.096,0.148,0.2408,glos_priors,synthetic_glos,3.5,Technical Specialist
glos_technical_specialist_8,business_professional,business_professional,Investigative|Conventional,0.0809,0.3038,0.0849,0.121,0.1181,0.2913,glos_priors,synthetic_glos,3.5,Technical Specialist
glos_hands-on_maker_0,aerospace_manufacturing|agri_tech_food|construction_green,aerospace_manufacturing|agri_tech_food|construction_green,Realistic|Conventional,0.3353,0.1777,0.0647,0.0676,0.1174,0.2372,glos_priors,synthetic_glos,3.5,Hands-on Maker
glos_hands-on_maker_1,aerospace_manufacturing|construction_green,aerospace_manufacturing|construction_green,Realistic|Conventional,0.3019,0.1842,0.0773,0.0885,0.1403,0.2078,glos_priors,synthetic_glos,3.5,Hands-on Maker
glos_hands-on_maker_2,aerospace_manufacturing|agri_tech_food|construction_green,aerospace_manufacturing|agri_tech_food|construction_green,Realistic|Conventional,0.3088,0.1729,0.066,0.1002,0.126,0.2261,glos_priors,synthetic_glos,3.5,Hands-on Maker
glos_hands-on_maker_6,aerospace_manufacturing|construction_green,aerospace_manufacturing|construction_green,Realistic|Conventional,0.2936,0.1782,0.0873,0.1181,0.1256,0.1971,glos_priors,synthetic_glos,3.5,Hands-on Maker
glos_hands-on_maker_7,aerospace_manufacturing|agri_tech_food|construction_green,aerospace_manufacturing|agri_tech_food|construction_green,Realistic|Conventional,0.3213,0.1812,0.1158,0.0638,0.1181,0.1997,glos_priors,synthetic_glos,3.5,Hands-on Maker
glos_hands-on_maker_8,agri_tech_food|construction_green,agri_tech_food|construction_green,Realistic|Conventional,0.3226,0.1727,0.0592,0.0683,0.1391,0.2381,glos_priors,synthetic_glos,3.5,Hands-on Maker
glos_hands-on_maker_9,aerospace_manufacturing|construction_green,aerospace_manufacturing|construction_green,Realistic|Conventional,0.3366,0.1665,0.0487,0.0993,0.1234,0.2254,glos_priors,synthetic_glos,3.5,Hands-on Maker
glos_people_&_care_0,education_training|health_care|public_sector,education_training|health_care|public_sector,Social|Conventional,0.1202,0.1295,0.1094,0.3118,0.1292,0.2,glos_priors,synthetic_glos,3.5,People & Care
glos_people_&_care_1,education_training|health_care,education_training|health_care,Social|Conventional,0.0964,0.1194,0.0848,0.3346,0.1313,0.2336,glos_priors,synthetic_glos,3.5,People & Care
glos_people_&_care_2,education_training|public_sector,education_training|public_sector,Social|Conventional,0.1125,0.1173,0.1297,0.2908,0.1481,0.2015,glos_priors,synthetic_glos,3.5,People & Care
glos_people_&_care_3,health_care,health_care,Social|Conventional,0.1393,0.1286,0.087,0.2943,0.1405,0.2104,glos_priors,synthetic_glos,3.5,People & Care
glos_people_&_care_4,education_training|health_care|public_sector,education_training|health_care|public_sector,Social|Conventional,0.1255,0.1513,0.0845,0.2833,0.1276,0.2279,glos_priors,synthetic_glos,3.5,People & Care
glos_people_&_care_5,public_sector,public_sector,Social|Conventional,0.1186,0.1474,0.0924,0.3241,0.1299,0.1875,glos_priors,synthetic_glos,3.5,People & Care
glos_people_&_care_6,education_training|health_care|public_sector,education_training|health_care|public_sector,Social|Conventional,0.1281,0.1241,0.1166,0.2853,0.114,0.2321,glos_priors,synthetic_glos,3.5,People & Care
glos_people_&_care_7,education_training|health_care|public_sector,education_training|health_care|public_sector,Social|Conventional,0.1266,0.1363,0.1139,0.3045,0.1423,0.1764,glos_priors,synthetic_glos,3.5,People & Care
glos_people_&_care_9,education_training|health_care|public_sector,education_training|health_care|public_sector,Social|Conventional,0.1166,0.1196,0.1027,0.3035,0.151,0.2066,glos_priors,synthetic_glos,3.5,People & Care
glos_creative_/_commercial_0,business_professional|creative_events|hospitality_retail|hospitality_tourism,business_professional|creative_events|hospitality_retail|hospitality_tourism,Artistic|Enterprising,0.0666,0.1145,0.2807,0.1611,0.2374,0.1398,glos_priors,synthetic_glos,3.5,Creative / Commercial
glos_creative_/_commercial_1,creative_events|hospitality_retail|hospitality_tourism,creative_events|hospitality_retail|hospitality_tourism,Artistic|Enterprising,0.0781,0.1536,0.2915,0.1344,0.2368,0.1056,glos_priors,synthetic_glos,3.5,Creative / Commercial
glos_creative_/_commercial_3,creative_events,creative_events,Artistic|Enterprising,0.0987,0.1165,0.2445,0.1315,0.2937,0.115,glos_priors,synthetic_glos,3.5,Creative / Commercial
glos_creative_/_commercial_5,business_professional|creative_events|hospitality_tourism,business_professional|creative_events|hospitality_tourism,Artistic|Enterprising,0.0731,0.1175,0.255,0.1555,0.2549,0.144,glos_priors,synthetic_glos,3.5,Creative / Commercial
glos_creative_/_commercial_6,business_professional,business_professional,Artistic|Enterprising,0.0822,0.1284,0.2626,0.1545,0.2423,0.13,glos_priors,synthetic_glos,3.5,Creative / Commercial
glos_creative_/_commercial_7,business_professional,business_professional,Artistic|Enterprising,0.0777,0.1072,0.288,0.1707,0.242,0.1145,glos_priors,synthetic_glos,3.5,Creative / Commercial
glos_creative_/_commercial_8,business_professional|creative_events|hospitality_tourism,business_professional|creative_events|hospitality_tourism,Artistic|Enterprising,0.095,0.1168,0.2702,0.1204,0.259,0.1387,glos_priors,synthetic_glos,3.5,Creative / Commercial
glos_creative_/_commercial_9,creative_events,creative_events,Artistic|Enterprising,0.0697,0.1216,0.2739,0.1509,0.2517,0.1321,glos_priors,synthetic_glos,3.5,Creative / Commercial
bridge_receptionist_0,aerospace_manufacturing|business_professional|public_sector,aerospace_manufacturing|business_professional|public_sector,Conventional|Social,0.075,0.1331,0.0516,0.2544,0.1941,0.2919,onet_bridge,synthetic_occupation,0.75,
bridge_accountant_1,business_professional|cyber_digital,business_professional|cyber_digital,Conventional|Investigative,0.0798,0.2589,0.0312,0.1414,0.1577,0.331,onet_bridge,synthetic_occupation,0.75,
bridge_ta_2,business_professional|health_care|hospitality_tourism,business_professional|health_care|hospitality_tourism,Social|Conventional,0.1198,0.1237,0.1473,0.2663,0.1208,0.2221,onet_bridge,synthetic_occupation,0.75,
bridge_business_admin_4,business_professional|creative_events|hospitality_tourism,business_professional|creative_events|hospitality_tourism,Conventional|Social,0.0702,0.1433,0.11,0.228,0.1779,0.2706,onet_bridge,synthetic_occupation,0.75,
bridge_cad_tech_5,business_professional|cyber_digital,business_professional|cyber_digital,Investigative|Conventional,0.1341,0.2641,0.2232,0.0674,0.081,0.2302,onet_bridge,synthetic_occupation,0.75,
bridge_cad_tech_6,business_professional|cyber_digital,business_professional|cyber_digital,Investigative|Conventional,0.1322,0.2395,0.238,0.0986,0.0524,0.2393,onet_bridge,synthetic_occupation,0.75,
bridge_insurance_7,business_professional|hospitality_retail,business_professional|hospitality_retail,Conventional|Enterprising,0.1053,0.0822,0.0738,0.2126,0.2481,0.2781,onet_bridge,synthetic_occupation,0.75,
bridge_call_centre_8,business_professional|creative_events|hospitality_retail,business_professional|creative_events|hospitality_retail,Enterprising|Conventional,0.0876,0.0751,0.1091,0.2267,0.273,0.2285,onet_bridge,synthetic_occupation,0.75,
bridge_hca_10,health_care,health_care,Social|Conventional,0.1521,0.1333,0.0842,0.2789,0.1385,0.2131,onet_bridge,synthetic_occupation,0.75,
bridge_biotech_11,business_professional|cyber_digital,business_professional|cyber_digital,Investigative|Conventional,0.1654,0.3383,0.082,0.0825,0.1253,0.2064,onet_bridge,synthetic_occupation,0.75,
bridge_sales_assoc_12,business_professional|hospitality_retail,business_professional|hospitality_retail,Enterprising|Conventional,0.0804,0.0651,0.0804,0.2265,0.3099,0.2377,onet_bridge,synthetic_occupation,0.75,
bridge_lab_tech_13,business_professional|cyber_digital,business_professional|cyber_digital,Investigative|Conventional,0.1287,0.2842,0.082,0.1298,0.1125,0.2628,onet_bridge,synthetic_occupation,0.75,
bridge_security_guard_14,aerospace_manufacturing|business_professional|hospitality_retail,aerospace_manufacturing|business_professional|hospitality_retail,Realistic|Conventional,0.2266,0.0999,0.0663,0.1943,0.1868,0.2262,onet_bridge,synthetic_occupation,0.75,
bridge_network_tech_15,business_professional|cyber_digital,business_professional|cyber_digital,Conventional|Investigative,0.1602,0.264,0.0378,0.0671,0.1173,0.3537,onet_bridge,synthetic_occupation,0.75,
bridge_agri_tech_16,aerospace_manufacturing|construction_green|creative_events,aerospace_manufacturing|construction_green|creative_events,Realistic|Investigative,0.2477,0.2327,0.0797,0.1521,0.1239,0.164,onet_bridge,synthetic_occupation,0.75,
bridge_research_asst_17,business_professional|cyber_digital,business_professional|cyber_digital,Investigative|Conventional,0.0639,0.2664,0.1455,0.2091,0.0735,0.2416,onet_bridge,synthetic_occupation,0.75,
bridge_drone_op_18,aerospace_manufacturing|construction_green,aerospace_manufacturing|construction_green,Realistic|Investigative,0.2553,0.2405,0.0662,0.1113,0.1182,0.2086,onet_bridge,synthetic_occupation,0.75,
bridge_logistics_19,business_professional,business_professional,Conventional|Enterprising,0.1586,0.1654,0.0714,0.1358,0.2219,0.2468,onet_bridge,synthetic_occupation,0.75,
bridge_sales_assoc_20,business_professional|hospitality_retail,business_professional|hospitality_retail,Enterprising|Social,0.1294,0.0762,0.1305,0.2185,0.2486,0.1967,onet_bridge,synthetic_occupation,0.75,
bridge_food_sci_21,business_professional|cyber_digital,business_professional|cyber_digital,Investigative|Conventional,0.1386,0.3005,0.1182,0.0928,0.1224,0.2274,onet_bridge,synthetic_occupation,0.75,
bridge_agri_tech_22,aerospace_manufacturing|construction_green,aerospace_manufacturing|construction_green,Realistic|Conventional,0.2586,0.2116,0.0441,0.1223,0.1409,0.2225,onet_bridge,synthetic_occupation,0.75,
bridge_env_tech_23,business_professional|cyber_digital,business_professional|cyber_digital,Investigative|Conventional,0.171,0.2451,0.098,0.144,0.1336,0.2084,onet_bridge,synthetic_occupation,0.75,
bridge_business_admin_25,business_professional|education_training|health_care,business_professional|education_training|health_care,Conventional|Social,0.0515,0.1315,0.0736,0.2099,0.1969,0.3365,onet_bridge,synthetic_occupation,0.75,
bridge_marketing_26,business_professional|creative_events|hospitality_retail,business_professional|creative_events|hospitality_retail,Enterprising|Investigative,0.0598,0.1805,0.1796,0.1716,0.2431,0.1654,onet_bridge,synthetic_occupation,0.75,
bridge_estate_agent_27,business_professional|cyber_digital|hospitality_retail,business_professional|cyber_digital|hospitality_retail,Enterprising|Conventional,0.0932,0.0962,0.0606,0.186,0.3542,0.2098,onet_bridge,synthetic_occupation,0.75,
bridge_museum_28,business_professional|education_training|public_sector,business_professional|education_training|public_sector,Artistic|Conventional,0.087,0.1559,0.2257,0.1809,0.1396,0.2109,onet_bridge,synthetic_occupation,0.75,
bridge_insurance_29,business_professional|creative_events|hospitality_retail,business_professional|creative_events|hospitality_retail,Enterprising|Conventional,0.0418,0.1086,0.1182,0.19,0.3143,0.2272,onet_bridge,synthetic_occupation,0.75,
bridge_sustainability_officer_30,business_professional|creative_events|cyber_digital,business_professional|creative_events|cyber_digital,Investigative|Conventional,0.1242,0.2318,0.1108,0.1575,0.1682,0.2076,onet_bridge,synthetic_occupation,0.75,
bridge_site_supervisor_34,aerospace_manufacturing|construction_green|hospitality_retail,aerospace_manufacturing|construction_green|hospitality_retail,Conventional|Enterprising,0.2024,0.1398,0.0882,0.1425,0.2051,0.2219,onet_bridge,synthetic_occupation,0.75,
bridge_bar_staff_35,business_professional|hospitality_retail,business_professional|hospitality_retail,Social|Enterprising,0.16,0.0534,0.1537,0.2506,0.2222,0.16,onet_bridge,synthetic_occupation,0.75,
bridge_biomed_eng_38,business_professional|cyber_digital,business_professional|cyber_digital,Investigative|Conventional,0.1814,0.3421,0.0698,0.1006,0.0994,0.2067,onet_bridge,synthetic_occupation,0.75,
bridge_cloud_eng_39,business_professional|cyber_digital,business_professional|cyber_digital,Investigative|Conventional,0.0941,0.3156,0.0783,0.1257,0.1235,0.2628,onet_bridge,synthetic_occupation,0.75,
bridge_biomed_eng_41,agri_tech_food|cyber_digital|health_care,agri_tech_food|cyber_digital|health_care,Investigative|Conventional,0.1788,0.2823,0.088,0.1546,0.0919,0.2043,onet_bridge,synthetic_occupation,0.75,
bridge_civil_servant_42,business_professional|health_care|hospitality_tourism,business_professional|health_care|hospitality_tourism,Social|Conventional,0.1023,0.1678,0.0803,0.2603,0.1778,0.2115,onet_bridge,synthetic_occupation,0.75,
bridge_logistics_43,business_professional,business_professional,Conventional|Enterprising,0.1509,0.1742,0.0633,0.1082,0.2184,0.285,onet_bridge,synthetic_occupation,0.75,
bridge_front_of_house_44,business_professional|hospitality_retail,business_professional|hospitality_retail,Social|Enterprising,0.137,0.0917,0.1013,0.2373,0.2337,0.1991,onet_bridge,synthetic_occupation,0.75,
bridge_call_centre_45,aerospace_manufacturing|business_professional|hospitality_retail,aerospace_manufacturing|business_professional|hospitality_retail,Social|Enterprising,0.0575,0.135,0.0852,0.2425,0.2414,0.2383,onet_bridge,synthetic_occupation,0.75,
bridge_sales_assoc_46,aerospace_manufacturing|business_professional|hospitality_retail,aerospace_manufacturing|business_professional|hospitality_retail,Enterprising|Social,0.12,0.1232,0.1072,0.188,0.2767,0.1849,onet_bridge,synthetic_occupation,0.75,
bridge_florist_47,creative_events,creative_events,Artistic|Conventional,0.121,0.0761,0.3195,0.1753,0.1223,0.1857,onet_bridge,synthetic_occupation,0.75,
bridge_web_dev_48,business_professional|cyber_digital,business_professional|cyber_digital,Investigative|Conventional,0.0705,0.2367,0.1863,0.1513,0.1482,0.207,onet_bridge,synthetic_occupation,0.75,
bridge_video_editor_50,business_professional|creative_events|cyber_digital,business_professional|creative_events|cyber_digital,Artistic|Enterprising,0.1079,0.1568,0.3202,0.0895,0.1931,0.1325,onet_bridge,synthetic_occupation,0.75,
bridge_local_gov_51,business_professional|cyber_digital,business_professional|cyber_digital,Conventional|Social,0.0259,0.1278,0.0774,0.227,0.2127,0.3292,onet_bridge,synthetic_occupation,0.75,
bridge_local_gov_53,business_professional,business_professional,Conventional|Social,0.0486,0.1563,0.0984,0.2,0.1378,0.359,onet_bridge,synthetic_occupation,0.75,
bridge_industrial_eng_54,business_professional|cyber_digital|health_care,business_professional|cyber_digital|health_care,Investigative|Conventional,0.1838,0.2543,0.1223,0.0582,0.1483,0.2331,onet_bridge,synthetic_occupation,0.75,
bridge_insurance_56,business_professional,business_professional,Conventional|Enterprising,0.0709,0.1531,0.1092,0.1612,0.2352,0.2703,onet_bridge,synthetic_occupation,0.75,
bridge_teacher_57,health_care|hospitality_tourism|public_sector,health_care|hospitality_tourism|public_sector,Social|Conventional,0.0367,0.1711,0.1695,0.2814,0.161,0.1802,onet_bridge,synthetic_occupation,0.75,
bridge_biotech_58,business_professional|cyber_digital,business_professional|cyber_digital,Investigative|Conventional,0.1847,0.2987,0.1048,0.0995,0.0986,0.2137,onet_bridge,synthetic_occupation,0.75,
bridge_sales_assoc_59,business_professional|health_care|hospitality_retail,business_professional|health_care|hospitality_retail,Enterprising|Social,0.1356,0.1,0.1237,0.2277,0.2633,0.1497,onet_bridge,synthetic_occupation,0.75,
bridge_nurse_62,education_training|health_care,education_training|health_care,Social|Investigative,0.1306,0.1831,0.0588,0.3036,0.144,0.1799,onet_bridge,synthetic_occupation,0.75,
bridge_network_tech_63,business_professional|cyber_digital,business_professional|cyber_digital,Conventional|Investigative,0.2055,0.272,0.0682,0.0913,0.0854,0.2776,onet_bridge,synthetic_occupation,0.75,
bridge_logistics_64,business_professional|cyber_digital,business_professional|cyber_digital,Conventional|Investigative,0.183,0.2002,0.0621,0.1007,0.188,0.2661,onet_bridge,synthetic_occupation,0.75,
bridge_warehouse_65,aerospace_manufacturing|construction_green|hospitality_retail,aerospace_manufacturing|construction_green|hospitality_retail,Realistic|Conventional,0.2952,0.0902,0.0604,0.1399,0.1455,0.2688,onet_bridge,synthetic_occupation,0.75,
bridge_cloud_eng_67,business_professional|cyber_digital,business_professional|cyber_digital,Conventional|Investigative,0.1671,0.2292,0.1011,0.1303,0.1084,0.2639,onet_bridge,synthetic_occupation,0.75,
bridge_cloud_eng_68,business_professional|cyber_digital,business_professional|cyber_digital,Investigative|Conventional,0.1128,0.2914,0.1204,0.0726,0.1619,0.2408,onet_bridge,synthetic_occupation,0.75,
bridge_call_centre_69,business_professional|hospitality_retail,business_professional|hospitality_retail,Enterprising|Social,0.0629,0.0899,0.0955,0.2711,0.2806,0.2,onet_bridge,synthetic_occupation,0.75,
bridge_content_creator_70,business_professional|creative_events|hospitality_retail,business_professional|creative_events|hospitality_retail,Enterprising|Artistic,0.0481,0.1367,0.2156,0.2013,0.2347,0.1635,onet_bridge,synthetic_occupation,0.75,
bridge_fire_fighter_71,aerospace_manufacturing|health_care|public_sector,aerospace_manufacturing|health_care|public_sector,Realistic|Social,0.2195,0.172,0.0427,0.2094,0.1543,0.2022,onet_bridge,synthetic_occupation,0.75,
bridge_early_years_73,health_care|hospitality_retail|hospitality_tourism,health_care|hospitality_retail|hospitality_tourism,Social|Conventional,0.0872,0.0855,0.1776,0.2971,0.1532,0.1995,onet_bridge,synthetic_occupation,0.75,
bridge_electrician_74,aerospace_manufacturing|construction_green,aerospace_manufacturing|construction_green,Realistic|Investigative,0.2851,0.201,0.1297,0.1094,0.0785,0.1963,onet_bridge,synthetic_occupation,0.75,
bridge_cad_tech_75,business_professional|cyber_digital,business_professional|cyber_digital,Investigative|Conventional,0.1357,0.2243,0.2135,0.0777,0.1308,0.218,onet_bridge,synthetic_occupation,0.75,
bridge_drone_op_76,aerospace_manufacturing|construction_green|cyber_digital,aerospace_manufacturing|construction_green|cyber_digital,Investigative|Conventional,0.1991,0.2444,0.1094,0.0821,0.1657,0.1993,onet_bridge,synthetic_occupation,0.75,
bridge_ta_77,business_professional|hospitality_retail|hospitality_tourism,business_professional|hospitality_retail|hospitality_tourism,Social|Conventional,0.0823,0.139,0.1102,0.2785,0.1473,0.2428,onet_bridge,synthetic_occupation,0.75,
bridge_food_sci_80,business_professional|creative_events|cyber_digital,business_professional|creative_events|cyber_digital,Investigative|Conventional,0.1402,0.3084,0.1255,0.1153,0.122,0.1886,onet_bridge,synthetic_occupation,0.75,
bridge_data_analyst_81,business_professional|cyber_digital,business_professional|cyber_digital,Conventional|Investigative,0.0835,0.2795,0.1051,0.0959,0.1546,0.2813,onet_bridge,synthetic_occupation,0.75,
bridge_journalist_82,business_professional|creative_events|cyber_digital,business_professional|creative_events|cyber_digital,Enterprising|Investigative,0.0225,0.2115,0.1793,0.1595,0.2357,0.1914,onet_bridge,synthetic_occupation,0.75,
bridge_ux_designer_83,creative_events,creative_events,Artistic|Conventional,0.1007,0.1549,0.2646,0.128,0.1545,0.1972,onet_bridge,synthetic_occupation,0.75,
bridge_network_tech_84,business_professional|cyber_digital,business_professional|cyber_digital,Conventional|Investigative,0.1718,0.271,0.0738,0.0872,0.1176,0.2786,onet_bridge,synthetic_occupation,0.75,
bridge_food_sci_86,business_professional|cyber_digital,business_professional|cyber_digital,Investigative|Conventional,0.1368,0.2821,0.1107,0.1359,0.0818,0.2528,onet_bridge,synthetic_occupation,0.75,
bridge_kitchen_porter_87,business_professional|construction_green|hospitality_retail,business_professional|construction_green|hospitality_retail,Realistic|Conventional,0.309,0.0421,0.0972,0.1638,0.1291,0.2588,onet_bridge,synthetic_occupation,0.75,
bridge_beauty_89,business_professional|health_care|hospitality_retail,business_professional|health_care|hospitality_retail,Social|Enterprising,0.1307,0.0977,0.183,0.2291,0.1871,0.1724,onet_bridge,synthetic_occupation,0.75,
bridge_museum_90,education_training|health_care|public_sector,education_training|health_care|public_sector,Artistic|Conventional,0.0923,0.1512,0.2181,0.2,0.1258,0.2126,onet_bridge,synthetic_occupation,0.75,
bridge_cad_tech_91,business_professional|cyber_digital,business_professional|cyber_digital,Conventional|Investigative,0.1062,0.2405,0.1725,0.0917,0.1133,0.2757,onet_bridge,synthetic_occupation,0.75,
bridge_lab_tech_92,business_professional|cyber_digital,business_professional|cyber_digital,Conventional|Investigative,0.1839,0.2561,0.1014,0.0988,0.0894,0.2703,onet_bridge,synthetic_occupation,0.75,
bridge_hca_93,creative_events|health_care|hospitality_tourism,creative_events|health_care|hospitality_tourism,Social|Realistic,0.1952,0.1105,0.0909,0.3073,0.1141,0.1821,onet_bridge,synthetic_occupation,0.75,
bridge_surveyor_94,aerospace_manufacturing|construction_green|cyber_digital,aerospace_manufacturing|construction_green|cyber_digital,Conventional|Investigative,0.1887,0.1964,0.1203,0.0798,0.1707,0.2441,onet_bridge,synthetic_occupation,0.75,
bridge_baker_95,aerospace_manufacturing|construction_green,aerospace_manufacturing|construction_green,Conventional|Realistic,0.1962,0.1369,0.1689,0.1335,0.1475,0.217,onet_bridge,synthetic_occupation,0.75,
bridge_social_worker_96,health_care|public_sector,health_care|public_sector,Social|Conventional,0.098,0.1797,0.0935,0.2949,0.1268,0.207,onet_bridge,synthetic_occupation,0.75,
bridge_paramedic_97,business_professional|cyber_digital|health_care,business_professional|cyber_digital|health_care,Social|Realistic,0.2181,0.1932,0.039,0.2584,0.1154,0.1759,onet_bridge,synthetic_occupation,0.75,
bridge_chef_98,aerospace_manufacturing|construction_green,aerospace_manufacturing|construction_green,Realistic|Artistic,0.2442,0.0812,0.216,0.1356,0.1648,0.1581,onet_bridge,synthetic_occupation,0.75,
bridge_builder_99,aerospace_manufacturing|construction_green,aerospace_manufacturing|construction_green,Realistic|Conventional,0.3756,0.096,0.0361,0.1585,0.1579,0.1759,onet_bridge,synthetic_occupation,0.75,
bridge_local_gov_100,business_professional|education_training|health_care,business_professional|education_training|health_care,Conventional|Social,0.0693,0.1143,0.1158,0.2325,0.1634,0.3047,onet_bridge,synthetic_occupation,0.75,
bridge_local_gov_101,business_professional,business_professional,Conventional|Social,0.0876,0.1586,0.1089,0.1856,0.1851,0.2742,onet_bridge,synthetic_occupation,0.75,
bridge_forest_worker_103,aerospace_manufacturing|construction_green,aerospace_manufacturing|construction_green,Realistic|Conventional,0.3341,0.1548,0.1029,0.1152,0.1289,0.1642,onet_bridge,synthetic_occupation,0.75,
bridge_digital_marketer_104,business_professional|creative_events|hospitality_retail,business_professional|creative_events|hospitality_retail,Enterprising|Artistic,0.0586,0.1613,0.2292,0.1443,0.2456,0.1611,onet_bridge,synthetic_occupation,0.75,
bridge_museum_105,creative_events,creative_events,Artistic|Conventional,0.1103,0.1399,0.2418,0.1703,0.1432,0.1944,onet_bridge,synthetic_occupation,0.75,
bridge_pharmacy_tech_106,business_professional|cyber_digital|health_care,business_professional|cyber_digital|health_care,Conventional|Investigative,0.1188,0.2824,0.0237,0.1614,0.1045,0.3091,onet_bridge,synthetic_occupation,0.75,
bridge_youth_worker_107,business_professional|education_training|hospitality_retail,business_professional|education_training|hospitality_retail,Social|Enterprising,0.0916,0.1424,0.1427,0.2761,0.1812,0.166,onet_bridge,synthetic_occupation,0.75,
bridge_forest_worker_109,aerospace_manufacturing|construction_green,aerospace_manufacturing|construction_green,Realistic|Social,0.2721,0.1382,0.153,0.1822,0.1038,0.1507,onet_bridge,synthetic_occupation,0.75,
bridge_carpenter_110,aerospace_manufacturing|construction_green,aerospace_manufacturing|construction_green,Realistic|Conventional,0.3298,0.12,0.1691,0.0548,0.1264,0.1999,onet_bridge,synthetic_occupation,0.75,
bridge_food_sci_111,business_professional|cyber_digital,business_professional|cyber_digital,Investigative|Conventional,0.1115,0.3419,0.0765,0.1397,0.1223,0.2081,onet_bridge,synthetic_occupation,0.75,
bridge_sales_rep_112,aerospace_manufacturing|business_professional|hospitality_retail,aerospace_manufacturing|business_professional|hospitality_retail,Enterprising|Social,0.0873,0.1323,0.1159,0.2119,0.2996,0.153,onet_bridge,synthetic_occupation,0.75,
bridge_paramedic_113,health_care,health_care,Social|Realistic,0.2491,0.1567,0.0406,0.2794,0.1196,0.1546,onet_bridge,synthetic_occupation,0.75,
bridge_occupational_therapist_115,health_care|public_sector,health_care|public_sector,Social|Investigative,0.1467,0.2224,0.1411,0.2289,0.1018,0.1591,onet_bridge,synthetic_occupation,0.75,
bridge_welder_116,aerospace_manufacturing|construction_green|cyber_digital,aerospace_manufacturing|construction_green|cyber_digital,Realistic|Conventional,0.2962,0.1741,0.0923,0.1032,0.104,0.2303,onet_bridge,synthetic_occupation,0.75,
bridge_surveyor_117,aerospace_manufacturing|construction_green|cyber_digital,aerospace_manufacturing|construction_green|cyber_digital,Conventional|Investigative,0.189,0.2011,0.1206,0.1207,0.1588,0.2097,onet_bridge,synthetic_occupation,0.75,
bridge_kitchen_porter_119,aerospace_manufacturing|construction_green,aerospace_manufacturing|construction_green,Realistic|Conventional,0.3017,0.0502,0.1284,0.1433,0.1627,0.2136,onet_bridge,synthetic_occupation,0.75,
bridge_cnc_machinist_120,aerospace_manufacturing|construction_green,aerospace_manufacturing|construction_green,Realistic|Conventional,0.2688,0.1907,0.0558,0.0992,0.1384,0.2471,onet_bridge,synthetic_occupation,0.75,
bridge_cnc_machinist_123,aerospace_manufacturing|construction_green|health_care,aerospace_manufacturing|construction_green|health_care,Realistic|Conventional,0.322,0.2103,0.0786,0.0748,0.0726,0.2417,onet_bridge,synthetic_occupation,0.75,
bridge_fire_fighter_124,aerospace_manufacturing|construction_green|health_care,aerospace_manufacturing|construction_green|health_care,Realistic|Conventional,0.2653,0.1446,0.0923,0.1842,0.1024,0.2113,onet_bridge,synthetic_occupation,0.75,
bridge_content_creator_125,business_professional|creative_events|hospitality_retail,business_professional|creative_events|hospitality_retail,Artistic|Enterprising,0.03,0.1164,0.2572,0.2125,0.2374,0.1464,onet_bridge,synthetic_occupation,0.75,
bridge_brewery_126,aerospace_manufacturing|construction_green,aerospace_manufacturing|construction_green,Conventional|Realistic,0.1908,0.1815,0.1727,0.0814,0.1563,0.2174,onet_bridge,synthetic_occupation,0.75,
bridge_forest_worker_128,aerospace_manufacturing|construction_green|health_care,aerospace_manufacturing|construction_green|health_care,Realistic|Conventional,0.2627,0.1748,0.0714,0.1819,0.1125,0.1967,onet_bridge,synthetic_occupation,0.75,
bridge_biomed_eng_129,agri_tech_food|cyber_digital|health_care,agri_tech_food|cyber_digital|health_care,Investigative|Conventional,0.169,0.3046,0.0732,0.1589,0.0905,0.2039,onet_bridge,synthetic_occupation,0.75,
bridge_warehouse_130,aerospace_manufacturing|construction_green|health_care,aerospace_manufacturing|construction_green|health_care,Realistic|Conventional,0.2843,0.128,0.084,0.0822,0.1482,0.2733,onet_bridge,synthetic_occupation,0.75,
bridge_physio_131,health_care,health_care,Social|Investigative,0.166,0.1907,0.0825,0.2601,0.1207,0.1801,onet_bridge,synthetic_occupation,0.75,
bridge_cnc_machinist_132,aerospace_manufacturing|construction_green,aerospace_manufacturing|construction_green,Realistic|Conventional,0.3104,0.1732,0.1087,0.0847,0.0832,0.2399,onet_bridge,synthetic_occupation,0.75,
bridge_journalist_133,business_professional|creative_events|cyber_digital,business_professional|creative_events|cyber_digital,Artistic|Enterprising,0.0626,0.1962,0.2329,0.171,0.2082,0.129,onet_bridge,synthetic_occupation,0.75,
bridge_social_worker_134,health_care,health_care,Social|Conventional,0.1495,0.1581,0.0965,0.2745,0.1378,0.1835,onet_bridge,synthetic_occupation,0.75,
bridge_aerospace_tech_135,aerospace_manufacturing|construction_green|health_care,aerospace_manufacturing|construction_green|health_care,Realistic|Investigative,0.2621,0.2203,0.1299,0.0782,0.1182,0.1912,onet_bridge,synthetic_occupation,0.75,
bridge_biomed_eng_136,aerospace_manufacturing|agri_tech_food|health_care,aerospace_manufacturing|agri_tech_food|health_care,Investigative|Conventional,0.1945,0.2563,0.127,0.1384,0.0695,0.2142,onet_bridge,synthetic_occupation,0.75,
bridge_lab_tech_137,aerospace_manufacturing|construction_green|cyber_digital,aerospace_manufacturing|construction_green|cyber_digital,Investigative|Realistic,0.2318,0.3216,0.0241,0.112,0.092,0.2186,onet_bridge,synthetic_occupation,0.75,
bridge_industrial_eng_138,business_professional|cyber_digital,business_professional|cyber_digital,Investigative|Conventional,0.168,0.2447,0.0644,0.0917,0.2072,0.2239,onet_bridge,synthetic_occupation,0.75,
bridge_business_admin_141,business_professional,business_professional,Conventional|Social,0.1194,0.0717,0.1179,0.2081,0.1327,0.3502,onet_bridge,synthetic_occupation,0.75,
bridge_call_centre_142,business_professional|hospitality_retail,business_professional|hospitality_retail,Enterprising|Conventional,0.0912,0.0904,0.0843,0.1966,0.2787,0.2588,onet_bridge,synthetic_occupation,0.75,
bridge_hca_143,education_training|health_care,education_training|health_care,Social|Realistic,0.193,0.152,0.0806,0.2995,0.1019,0.1729,onet_bridge,synthetic_occupation,0.75,
bridge_logistics_144,business_professional,business_professional,Conventional|Investigative,0.1758,0.1915,0.0609,0.0666,0.1847,0.3205,onet_bridge,synthetic_occupation,0.75,
bridge_project_manager_146,business_professional,business_professional,Conventional|Enterprising,0.0876,0.154,0.1121,0.1589,0.2331,0.2542,onet_bridge,synthetic_occupation,0.75,
bridge_florist_147,creative_events|hospitality_retail,creative_events|hospitality_retail,Artistic|Realistic,0.179,0.0958,0.281,0.1576,0.1701,0.1165,onet_bridge,synthetic_occupation,0.75,
bridge_quality_control_148,aerospace_manufacturing|construction_green,aerospace_manufacturing|construction_green,Realistic|Conventional,0.2865,0.2337,0.0409,0.0647,0.0886,0.2856,onet_bridge,synthetic_occupation,0.75,
bridge_green_energy_149,aerospace_manufacturing|construction_green|cyber_digital,aerospace_manufacturing|construction_green|cyber_digital,Realistic|Enterprising,0.3033,0.1288,0.0885,0.1126,0.194,0.1728,onet_bridge,synthetic_occupation,0.75,
bridge_social_worker_150,health_care|public_sector,health_care|public_sector,Social|Conventional,0.1141,0.1582,0.1064,0.2899,0.1631,0.1684,onet_bridge,synthetic_occupation,0.75,
bridge_pharmacy_tech_151,business_professional|cyber_digital,business_professional|cyber_digital,Conventional|Investigative,0.0818,0.2429,0.0749,0.1951,0.1166,0.2887,onet_bridge,synthetic_occupation,0.75,
bridge_env_tech_152,agri_tech_food|cyber_digital|health_care,agri_tech_food|cyber_digital|health_care,Investigative|Conventional,0.178,0.2596,0.0854,0.178,0.1075,0.1915,onet_bridge,synthetic_occupation,0.75,
bridge_photographer_153,aerospace_manufacturing|construction_green|creative_events,aerospace_manufacturing|construction_green|creative_events,Artistic|Conventional,0.155,0.1214,0.2852,0.0775,0.1674,0.1936,onet_bridge,synthetic_occupation,0.75,
bridge_carpenter_154,aerospace_manufacturing|construction_green,aerospace_manufacturing|construction_green,Realistic|Conventional,0.3415,0.168,0.1155,0.0517,0.1498,0.1735,onet_bridge,synthetic_occupation,0.75,
bridge_food_sci_155,business_professional|cyber_digital,business_professional|cyber_digital,Investigative|Conventional,0.1586,0.305,0.0731,0.0554,0.1331,0.2748,onet_bridge,synthetic_occupation,0.75,
bridge_plumber_156,aerospace_manufacturing|construction_green,aerospace_manufacturing|construction_green,Realistic|Conventional,0.3129,0.1489,0.0219,0.146,0.1663,0.2041,onet_bridge,synthetic_occupation,0.75,
bridge_sales_assoc_157,business_professional|hospitality_retail,business_professional|hospitality_retail,Social|Enterprising,0.0868,0.145,0.0921,0.2528,0.2369,0.1863,onet_bridge,synthetic_occupation,0.75,
bridge_builder_159,aerospace_manufacturing|construction_green,aerospace_manufacturing|construction_green,Realistic|Conventional,0.3897,0.145,0.0341,0.1121,0.143,0.176,onet_bridge,synthetic_occupation,0.75,
bridge_security_guard_161,aerospace_manufacturing|business_professional|hospitality_retail,aerospace_manufacturing|business_professional|hospitality_retail,Conventional|Realistic,0.1999,0.1025,0.0595,0.1736,0.1855,0.2791,onet_bridge,synthetic_occupation,0.75,
bridge_beauty_162,business_professional|creative_events|hospitality_tourism,business_professional|creative_events|hospitality_tourism,Social|Artistic,0.1247,0.1164,0.1946,0.2036,0.1865,0.174,onet_bridge,synthetic_occupation,0.75,
bridge_mental_health_163,cyber_digital|health_care|public_sector,cyber_digital|health_care|public_sector,Social|Investigative,0.1215,0.1912,0.1063,0.3387,0.106,0.1363,onet_bridge,synthetic_occupation,0.75,
bridge_librarian_165,aerospace_manufacturing|business_professional|construction_green,aerospace_manufacturing|business_professional|construction_green,Conventional|Social,0.0674,0.2011,0.1204,0.2054,0.129,0.2767,onet_bridge,synthetic_occupation,0.75,
bridge_hca_166,business_professional|cyber_digital|health_care,business_professional|cyber_digital|health_care,Social|Realistic,0.2067,0.1428,0.07,0.2779,0.0997,0.2029,onet_bridge,synthetic_occupation,0.75,
bridge_agri_tech_167,aerospace_manufacturing|construction_green,aerospace_manufacturing|construction_green,Realistic|Conventional,0.2332,0.1947,0.0965,0.1937,0.0851,0.1968,onet_bridge,synthetic_occupation,0.75,
bridge_elec_engineer_168,aerospace_manufacturing|construction_green|cyber_digital,aerospace_manufacturing|construction_green|cyber_digital,Investigative|Realistic,0.1923,0.294,0.1125,0.0895,0.1327,0.1789,onet_bridge,synthetic_occupation,0.75,
bridge_sales_rep_169,business_professional|hospitality_retail,business_professional|hospitality_retail,Enterprising|Social,0.1118,0.1004,0.1097,0.1975,0.3014,0.1792,onet_bridge,synthetic_occupation,0.75,
bridge_hvac_171,aerospace_manufacturing|construction_green,aerospace_manufacturing|construction_green,Realistic|Conventional,0.2975,0.138,0.0664,0.1273,0.1581,0.2127,onet_bridge,synthetic_occupation,0.75,
bridge_social_worker_172,education_training|health_care|public_sector,education_training|health_care|public_sector,Social|Investigative,0.0974,0.1841,0.1225,0.2888,0.1477,0.1595,onet_bridge,synthetic_occupation,0.75,
bridge_sales_assoc_173,business_professional|hospitality_retail,business_professional|hospitality_retail,Enterprising|Conventional,0.1183,0.0841,0.1548,0.1785,0.2414,0.2229,onet_bridge,synthetic_occupation,0.75,
bridge_cad_tech_174,business_professional|cyber_digital,business_professional|cyber_digital,Investigative|Conventional,0.1329,0.2397,0.2131,0.0918,0.0902,0.2323,onet_bridge,synthetic_occupation,0.75,
bridge_accountant_175,business_professional|creative_events|hospitality_tourism,business_professional|creative_events|hospitality_tourism,Conventional|Investigative,0.087,0.2179,0.0305,0.1516,0.1843,0.3287,onet_bridge,synthetic_occupation,0.75,
bridge_sales_assoc_176,business_professional|cyber_digital|hospitality_retail,business_professional|cyber_digital|hospitality_retail,Enterprising|Social,0.0879,0.0774,0.1442,0.2111,0.2885,0.1909,onet_bridge,synthetic_occupation,0.75,
bridge_apprentice_chef_177,aerospace_manufacturing|construction_green,aerospace_manufacturing|construction_green,Realistic|Conventional,0.2799,0.0871,0.1601,0.1399,0.1638,0.1692,onet_bridge,synthetic_occupation,0.75,
bridge_surveyor_178,business_professional|cyber_digital,business_professional|cyber_digital,Investigative|Conventional,0.1641,0.2764,0.0677,0.1145,0.1481,0.2292,onet_bridge,synthetic_occupation,0.75,
bridge_carpenter_179,aerospace_manufacturing|construction_green,aerospace_manufacturing|construction_green,Realistic|Investigative,0.2907,0.1697,0.1363,0.0899,0.1495,0.164,onet_bridge,synthetic_occupation,0.75,
bridge_game_dev_180,creative_events|hospitality_tourism,creative_events|hospitality_tourism,Artistic|Investigative,0.0537,0.2304,0.2771,0.0836,0.1752,0.1799,onet_bridge,synthetic_occupation,0.75,
bridge_nurse_181,business_professional|health_care|public_sector,business_professional|health_care|public_sector,Social|Conventional,0.0928,0.2082,0.0505,0.2516,0.1664,0.2305,onet_bridge,synthetic_occupation,0.75,
bridge_sustainability_officer_182,business_professional|cyber_digital,business_professional|cyber_digital,Investigative|Conventional,0.1102,0.205,0.1229,0.181,0.1823,0.1986,onet_bridge,synthetic_occupation,0.75,
bridge_chef_183,aerospace_manufacturing|construction_green,aerospace_manufacturing|construction_green,Realistic|Artistic,0.2337,0.0742,0.208,0.1295,0.1937,0.1608,onet_bridge,synthetic_occupation,0.75,
bridge_sales_assoc_185,business_professional|hospitality_retail,business_professional|hospitality_retail,Enterprising|Social,0.0924,0.0701,0.0936,0.2397,0.2714,0.2327,onet_bridge,synthetic_occupation,0.75,
bridge_bar_staff_186,business_professional|hospitality_retail,business_professional|hospitality_retail,Enterprising|Social,0.1399,0.0972,0.1361,0.2419,0.2458,0.1392,onet_bridge,synthetic_occupation,0.75,
bridge_network_tech_187,business_professional|cyber_digital,business_professional|cyber_digital,Conventional|Investigative,0.1472,0.2636,0.044,0.1788,0.0995,0.2669,onet_bridge,synthetic_occupation,0.75,
bridge_hotel_manager_188,business_professional|hospitality_retail,business_professional|hospitality_retail,Enterprising|Conventional,0.1377,0.1248,0.1267,0.1705,0.2649,0.1755,onet_bridge,synthetic_occupation,0.75,
bridge_agri_tech_189,aerospace_manufacturing|construction_green,aerospace_manufacturing|construction_green,Realistic|Conventional,0.2432,0.1603,0.0639,0.148,0.1606,0.2239,onet_bridge,synthetic_occupation,0.75,
bridge_mech_engineer_190,aerospace_manufacturing|construction_green|cyber_digital,aerospace_manufacturing|construction_green|cyber_digital,Investigative|Realistic,0.2199,0.2877,0.0676,0.0849,0.1341,0.2058,onet_bridge,synthetic_occupation,0.75,
bridge_estate_agent_191,business_professional|hospitality_retail,business_professional|hospitality_retail,Enterprising|Conventional,0.097,0.1221,0.1125,0.178,0.2919,0.1984,onet_bridge,synthetic_occupation,0.75,
bridge_data_analyst_192,business_professional|cyber_digital,business_professional|cyber_digital,Investigative|Conventional,0.062,0.3187,0.0459,0.1101,0.1459,0.3173,onet_bridge,synthetic_occupation,0.75,
bridge_plumber_193,aerospace_manufacturing|construction_green,aerospace_manufacturing|construction_green,Realistic|Conventional,0.2488,0.1677,0.0687,0.1421,0.1491,0.2235,onet_bridge,synthetic_occupation,0.75,
bridge_travel_agent_195,business_professional|health_care|hospitality_retail,business_professional|health_care|hospitality_retail,Enterprising|Conventional,0.0444,0.1035,0.1704,0.2192,0.2347,0.2278,onet_bridge,synthetic_occupation,0.75,
bridge_network_tech_197,aerospace_manufacturing|construction_green|cyber_digital,aerospace_manufacturing|construction_green|cyber_digital,Conventional|Investigative,0.1884,0.229,0.0604,0.1343,0.1007,0.2873,onet_bridge,synthetic_occupation,0.75,
bridge_aerospace_tech_199,aerospace_manufacturing|construction_green|cyber_digital,aerospace_manufacturing|construction_green|cyber_digital,Investigative|Realistic,0.2012,0.278,0.1257,0.0886,0.1061,0.2004,onet_bridge,synthetic_occupation,0.75,
bridge_photographer_200,creative_events,creative_events,Artistic|Realistic,0.1634,0.1566,0.2786,0.1198,0.1505,0.1312,onet_bridge,synthetic_occupation,0.75,
bridge_biotech_201,business_professional|cyber_digital,business_professional|cyber_digital,Investigative|Conventional,0.1595,0.3063,0.1138,0.0861,0.098,0.2363,onet_bridge,synthetic_occupation,0.75,
bridge_plumber_202,aerospace_manufacturing|construction_green|cyber_digital,aerospace_manufacturing|construction_green|cyber_digital,Realistic|Conventional,0.2631,0.1778,0.0446,0.1516,0.1288,0.234,onet_bridge,synthetic_occupation,0.75,
bridge_farm_manager_204,agri_tech_food|business_professional|construction_green,agri_tech_food|business_professional|construction_green,Enterprising|Realistic,0.2143,0.1687,0.0962,0.1208,0.2409,0.1593,onet_bridge,synthetic_occupation,0.75,
bridge_biomed_eng_205,agri_tech_food|cyber_digital,agri_tech_food|cyber_digital,Investigative|Realistic,0.1675,0.3152,0.0927,0.1469,0.1255,0.1521,onet_bridge,synthetic_occupation,0.75,
bridge_youth_worker_206,education_training|health_care|public_sector,education_training|health_care|public_sector,Social|Artistic,0.0406,0.1313,0.1759,0.3269,0.1576,0.1677,onet_bridge,synthetic_occupation,0.75,
bridge_physio_207,business_professional|creative_events|health_care,business_professional|creative_events|health_care,Social|Conventional,0.1923,0.2068,0.0559,0.2363,0.1016,0.2071,onet_bridge,synthetic_occupation,0.75,
bridge_site_supervisor_208,aerospace_manufacturing|agri_tech_food|hospitality_retail,aerospace_manufacturing|agri_tech_food|hospitality_retail,Enterprising|Realistic,0.21,0.1204,0.1079,0.1097,0.2539,0.1982,onet_bridge,synthetic_occupation,0.75,
bridge_accountant_209,business_professional|creative_events|hospitality_tourism,business_professional|creative_events|hospitality_tourism,Conventional|Investigative,0.0899,0.2216,0.029,0.1327,0.1453,0.3815,onet_bridge,synthetic_occupation,0.75,
bridge_mech_engineer_211,aerospace_manufacturing|construction_green,aerospace_manufacturing|construction_green,Investigative|Realistic,0.2412,0.243,0.1028,0.0736,0.1356,0.2039,onet_bridge,synthetic_occupation,0.75,
bridge_env_tech_212,business_professional|cyber_digital,business_professional|cyber_digital,Investigative|Conventional,0.1732,0.2439,0.1113,0.146,0.1169,0.2088,onet_bridge,synthetic_occupation,0.75,
bridge_civil_servant_213,aerospace_manufacturing|business_professional|construction_green,aerospace_manufacturing|business_professional|construction_green,Conventional|Social,0.0885,0.2121,0.0543,0.2332,0.1487,0.2631,onet_bridge,synthetic_occupation,0.75,
bridge_sales_assoc_215,business_professional|hospitality_retail,business_professional|hospitality_retail,Enterprising|Social,0.0965,0.0723,0.0814,0.2422,0.2926,0.2149,onet_bridge,synthetic_occupation,0.75,
bridge_early_years_216,business_professional|health_care|hospitality_tourism,business_professional|health_care|hospitality_tourism,Social|Enterprising,0.1246,0.1227,0.153,0.2522,0.1828,0.1647,onet_bridge,synthetic_occupation,0.75,
bridge_youth_worker_217,health_care|public_sector,health_care|public_sector,Social|Enterprising,0.1198,0.1373,0.0974,0.3245,0.1727,0.1483,onet_bridge,synthetic_occupation,0.75,
bridge_video_editor_219,creative_events,creative_events,Artistic|Conventional,0.0977,0.1747,0.3093,0.0918,0.1402,0.1862,onet_bridge,synthetic_occupation,0.75,
bridge_civil_engineer_220,business_professional|creative_events|cyber_digital,business_professional|creative_events|cyber_digital,Investigative|Conventional,0.1561,0.267,0.0664,0.1105,0.1369,0.2631,onet_bridge,synthetic_occupation,0.75,
bridge_estate_agent_221,aerospace_manufacturing|business_professional|hospitality_retail,aerospace_manufacturing|business_professional|hospitality_retail,Enterprising|Social,0.0931,0.125,0.139,0.1733,0.3081,0.1614,onet_bridge,synthetic_occupation,0.75,
bridge_business_admin_222,aerospace_manufacturing|business_professional|construction_green,aerospace_manufacturing|business_professional|construction_green,Conventional|Investigative,0.0915,0.1746,0.0776,0.1592,0.1451,0.3519,onet_bridge,synthetic_occupation,0.75,
bridge_it_support_223,business_professional|cyber_digital,business_professional|cyber_digital,Conventional|Investigative,0.1175,0.2209,0.054,0.189,0.1863,0.2323,onet_bridge,synthetic_occupation,0.75,
bridge_financial_clerk_225,business_professional|creative_events|hospitality_tourism,business_professional|creative_events|hospitality_tourism,Conventional|Investigative,0.0684,0.1752,0.1045,0.1277,0.1694,0.3547,onet_bridge,synthetic_occupation,0.75,
bridge_marketing_227,business_professional|hospitality_retail,business_professional|hospitality_retail,Enterprising|Conventional,0.0666,0.1435,0.1687,0.1579,0.2729,0.1904,onet_bridge,synthetic_occupation,0.75,
bridge_journalist_230,business_professional|creative_events|hospitality_tourism,business_professional|creative_events|hospitality_tourism,Artistic|Social,0.0942,0.1688,0.2221,0.2047,0.1718,0.1383,onet_bridge,synthetic_occupation,0.75,
bridge_chef_231,construction_green|creative_events|hospitality_tourism,construction_green|creative_events|hospitality_tourism,Realistic|Artistic,0.2064,0.1175,0.2,0.1476,0.1706,0.1579,onet_bridge,synthetic_occupation,0.75,
bridge_builder_232,aerospace_manufacturing|construction_green|creative_events,aerospace_manufacturing|construction_green|creative_events,Realistic|Conventional,0.3652,0.138,0.075,0.1011,0.1494,0.1714,onet_bridge,synthetic_occupation,0.75,
bridge_electrician_233,aerospace_manufacturing|construction_green,aerospace_manufacturing|construction_green,Realistic|Conventional,0.2519,0.1716,0.1049,0.1035,0.1738,0.1943,onet_bridge,synthetic_occupation,0.75,
bridge_sports_coach_234,hospitality_retail|hospitality_tourism,hospitality_retail|hospitality_tourism,Social|Enterprising,0.1799,0.1174,0.1297,0.2311,0.213,0.129,onet_bridge,synthetic_occupation,0.75,
bridge_apprentice_chef_235,aerospace_manufacturing|construction_green|health_care,aerospace_manufacturing|construction_green|health_care,Realistic|Conventional,0.283,0.0967,0.1572,0.136,0.1301,0.197,onet_bridge,synthetic_occupation,0.75,
bridge_financial_clerk_236,business_professional|cyber_digital,business_professional|cyber_digital,Conventional|Investigative,0.0781,0.208,0.0551,0.1017,0.1665,0.3907,onet_bridge,synthetic_occupation,0.75,
bridge_logistics_237,business_professional,business_professional,Conventional|Enterprising,0.1704,0.158,0.0534,0.1092,0.2295,0.2794,onet_bridge,synthetic_occupation,0.75,
bridge_insurance_238,business_professional|hospitality_retail,business_professional|hospitality_retail,Enterprising|Conventional,0.1398,0.0945,0.0731,0.1909,0.2767,0.2251,onet_bridge,synthetic_occupation,0.75,
bridge_avionics_239,aerospace_manufacturing|construction_green,aerospace_manufacturing|construction_green,Conventional|Realistic,0.2326,0.2262,0.0885,0.0988,0.0994,0.2544,onet_bridge,synthetic_occupation,0.75,
bridge_cnc_machinist_240,aerospace_manufacturing|construction_green,aerospace_manufacturing|construction_green,Realistic|Conventional,0.3482,0.1563,0.0761,0.0285,0.1056,0.2854,onet_bridge,synthetic_occupation,0.75,
bridge_fire_fighter_241,aerospace_manufacturing|construction_green,aerospace_manufacturing|construction_green,Realistic|Social,0.2598,0.1608,0.0407,0.2041,0.1451,0.1895,onet_bridge,synthetic_occupation,0.75,
bridge_beauty_242,business_professional|hospitality_retail|hospitality_tourism,business_professional|hospitality_retail|hospitality_tourism,Social|Enterprising,0.1275,0.1009,0.1717,0.2205,0.2078,0.1716,onet_bridge,synthetic_occupation,0.75,
bridge_civil_servant_243,business_professional,business_professional,Conventional|Social,0.108,0.1598,0.0728,0.2182,0.2013,0.2399,onet_bridge,synthetic_occupation,0.75,
bridge_lab_tech_244,aerospace_manufacturing|construction_green|cyber_digital,aerospace_manufacturing|construction_green|cyber_digital,Investigative|Conventional,0.2033,0.3011,0.0657,0.1082,0.0866,0.235,onet_bridge,synthetic_occupation,0.75,
bridge_kitchen_porter_245,construction_green|cyber_digital|hospitality_tourism,construction_green|cyber_digital|hospitality_tourism,Realistic|Conventional,0.2731,0.1013,0.0703,0.1989,0.1347,0.2217,onet_bridge,synthetic_occupation,0.75,
bridge_biotech_246,agri_tech_food|cyber_digital|health_care,agri_tech_food|cyber_digital|health_care,Investigative|Conventional,0.1687,0.3402,0.0951,0.1443,0.0622,0.1896,onet_bridge,synthetic_occupation,0.75,
bridge_events_manager_247,business_professional|hospitality_retail,business_professional|hospitality_retail,Enterprising|Conventional,0.073,0.113,0.1878,0.1708,0.2402,0.2153,onet_bridge,synthetic_occupation,0.75,
bridge_mental_health_248,education_training|health_care|public_sector,education_training|health_care|public_sector,Social|Investigative,0.0837,0.1941,0.1338,0.312,0.1029,0.1734,onet_bridge,synthetic_occupation,0.75,
bridge_front_of_house_251,business_professional|cyber_digital|hospitality_retail,business_professional|cyber_digital|hospitality_retail,Conventional|Enterprising,0.1101,0.1056,0.1077,0.2028,0.2148,0.2591,onet_bridge,synthetic_occupation,0.75,
bridge_surveyor_252,aerospace_manufacturing|construction_green|cyber_digital,aerospace_manufacturing|construction_green|cyber_digital,Conventional|Investigative,0.2007,0.2261,0.0364,0.0802,0.2247,0.2319,onet_bridge,synthetic_occupation,0.75,
bridge_sustainability_officer_253,business_professional|cyber_digital,business_professional|cyber_digital,Investigative|Conventional,0.113,0.2108,0.1185,0.1786,0.1767,0.2024,onet_bridge,synthetic_occupation,0.75,
bridge_sports_coach_254,health_care|hospitality_retail|hospitality_tourism,health_care|hospitality_retail|hospitality_tourism,Social|Enterprising,0.2091,0.0805,0.1226,0.2504,0.2139,0.1234,onet_bridge,synthetic_occupation,0.75,
bridge_customer_service_256,health_care|hospitality_retail|hospitality_tourism,health_care|hospitality_retail|hospitality_tourism,Conventional|Social,0.0729,0.0954,0.1312,0.2358,0.2231,0.2416,onet_bridge,synthetic_occupation,0.75,
bridge_builder_258,aerospace_manufacturing|construction_green,aerospace_manufacturing|construction_green,Realistic|Enterprising,0.4032,0.1639,0.079,0.0623,0.1721,0.1195,onet_bridge,synthetic_occupation,0.75,
bridge_content_creator_259,business_professional|creative_events|hospitality_retail,business_professional|creative_events|hospitality_retail,Enterprising|Social,0.0852,0.1041,0.1932,0.2138,0.2487,0.1551,onet_bridge,synthetic_occupation,0.75,
bridge_food_sci_260,business_professional|cyber_digital,business_professional|cyber_digital,Investigative|Conventional,0.1792,0.2758,0.1021,0.1175,0.1313,0.194,onet_bridge,synthetic_occupation,0.75,
bridge_cyber_analyst_262,business_professional|creative_events|cyber_digital,business_professional|creative_events|cyber_digital,Investigative|Conventional,0.1204,0.3484,0.0827,0.0693,0.0667,0.3126,onet_bridge,synthetic_occupation,0.75,
bridge_marketing_263,aerospace_manufacturing|business_professional|hospitality_retail,aerospace_manufacturing|business_professional|hospitality_retail,Enterprising|Conventional,0.0855,0.1579,0.161,0.1377,0.2447,0.2132,onet_bridge,synthetic_occupation,0.75,
bridge_ta_264,business_professional|hospitality_retail|hospitality_tourism,business_professional|hospitality_retail|hospitality_tourism,Social|Conventional,0.1042,0.1146,0.1565,0.2687,0.1308,0.2251,onet_bridge,synthetic_occupation,0.75,
bridge_network_tech_265,business_professional|cyber_digital,business_professional|cyber_digital,Conventional|Investigative,0.1904,0.258,0.0639,0.1389,0.0784,0.2705,onet_bridge,synthetic_occupation,0.75,
bridge_bar_staff_266,cyber_digital|hospitality_retail|hospitality_tourism,cyber_digital|hospitality_retail|hospitality_tourism,Social|Enterprising,0.1427,0.0503,0.1745,0.2761,0.2471,0.1093,onet_bridge,synthetic_occupation,0.75,
bridge_mental_health_267,health_care,health_care,Social|Conventional,0.1293,0.1459,0.0902,0.3176,0.1404,0.1766,onet_bridge,synthetic_occupation,0.75,
bridge_photographer_268,creative_events,creative_events,Artistic|Realistic,0.1788,0.1397,0.2708,0.1117,0.137,0.162,onet_bridge,synthetic_occupation,0.75,
bridge_site_supervisor_270,aerospace_manufacturing|business_professional|construction_green,aerospace_manufacturing|business_professional|construction_green,Realistic|Conventional,0.2301,0.1425,0.1057,0.1003,0.2023,0.219,onet_bridge,synthetic_occupation,0.75,
bridge_pharmacy_tech_271,business_professional|health_care,business_professional|health_care,Conventional|Social,0.1521,0.1946,0.062,0.2287,0.0691,0.2936,onet_bridge,synthetic_occupation,0.75,
bridge_digital_marketer_272,business_professional|hospitality_retail,business_professional|hospitality_retail,Enterprising|Conventional,0.0571,0.1452,0.1655,0.1526,0.2736,0.206,onet_bridge,synthetic_occupation,0.75,
bridge_site_supervisor_273,agri_tech_food|business_professional|construction_green,agri_tech_food|business_professional|construction_green,Enterprising|Realistic,0.2164,0.1104,0.0896,0.1471,0.2581,0.1784,onet_bridge,synthetic_occupation,0.75,
bridge_museum_274,business_professional|creative_events|public_sector,business_professional|creative_events|public_sector,Artistic|Social,0.1405,0.1509,0.215,0.1954,0.1037,0.1945,onet_bridge,synthetic_occupation,0.75,
bridge_biomed_eng_275,business_professional|cyber_digital,business_professional|cyber_digital,Investigative|Conventional,0.1458,0.3023,0.088,0.1443,0.0914,0.2283,onet_bridge,synthetic_occupation,0.75,
bridge_electrician_276,aerospace_manufacturing|construction_green,aerospace_manufacturing|construction_green,Realistic|Conventional,0.3038,0.1835,0.0844,0.0944,0.1161,0.2178,onet_bridge,synthetic_occupation,0.75,
bridge_horticulture_277,aerospace_manufacturing|construction_green,aerospace_manufacturing|construction_green,Realistic|Investigative,0.2349,0.1889,0.0884,0.1464,0.1606,0.1807,onet_bridge,synthetic_occupation,0.75,
bridge_builder_279,aerospace_manufacturing|construction_green,aerospace_manufacturing|construction_green,Realistic|Conventional,0.3404,0.0966,0.0878,0.0951,0.1645,0.2155,onet_bridge,synthetic_occupation,0.75,
bridge_site_supervisor_280,aerospace_manufacturing|business_professional|hospitality_retail,aerospace_manufacturing|business_professional|hospitality_retail,Enterprising|Conventional,0.1706,0.1271,0.1064,0.1512,0.224,0.2207,onet_bridge,synthetic_occupation,0.75,
bridge_journalist_282,business_professional|creative_events|hospitality_retail,business_professional|creative_events|hospitality_retail,Enterprising|Artistic,0.0895,0.1674,0.208,0.1651,0.2122,0.1578,onet_bridge,synthetic_occupation,0.75,
bridge_local_gov_285,business_professional,business_professional,Conventional|Social,0.0288,0.1582,0.1112,0.2257,0.1765,0.2996,onet_bridge,synthetic_occupation,0.75,
bridge_estate_agent_286,business_professional|hospitality_retail,business_professional|hospitality_retail,Enterprising|Artistic,0.0947,0.12,0.1744,0.1504,0.3087,0.1517,onet_bridge,synthetic_occupation,0.75,
bridge_care_home_287,health_care,health_care,Social|Conventional,0.1696,0.0704,0.1151,0.3428,0.07,0.2321,onet_bridge,synthetic_occupation,0.75,
bridge_ux_designer_288,creative_events,creative_events,Artistic|Enterprising,0.083,0.1709,0.2541,0.1671,0.1746,0.1504,onet_bridge,synthetic_occupation,0.75,
bridge_mechatronics_289,aerospace_manufacturing|construction_green,aerospace_manufacturing|construction_green,Conventional|Realistic,0.2215,0.1931,0.1064,0.1254,0.11,0.2435,onet_bridge,synthetic_occupation,0.75,
bridge_lab_tech_290,business_professional|cyber_digital,business_professional|cyber_digital,Investigative|Conventional,0.1902,0.2508,0.0664,0.1444,0.1244,0.2238,onet_bridge,synthetic_occupation,0.75,
bridge_vet_nurse_291,business_professional|health_care,business_professional|health_care,Social|Conventional,0.1695,0.1975,0.0858,0.2303,0.0969,0.2199,onet_bridge,synthetic_occupation,0.75,
bridge_software_dev_292,business_professional|cyber_digital,business_professional|cyber_digital,Investigative|Conventional,0.0906,0.341,0.1445,0.1061,0.0938,0.2239,onet_bridge,synthetic_occupation,0.75,
bridge_ux_designer_294,creative_events,creative_events,Artistic|Social,0.068,0.1784,0.2659,0.1785,0.1475,0.1617,onet_bridge,synthetic_occupation,0.75,
bridge_beauty_296,business_professional|hospitality_retail|hospitality_tourism,business_professional|hospitality_retail|hospitality_tourism,Social|Artistic,0.1079,0.0873,0.2198,0.2309,0.1931,0.161,onet_bridge,synthetic_occupation,0.75,
bridge_nurse_297,business_professional|hospitality_retail|hospitality_tourism,business_professional|hospitality_retail|hospitality_tourism,Social|Conventional,0.1231,0.1598,0.0795,0.2625,0.1464,0.2287,onet_bridge,synthetic_occupation,0.75,
bridge_digital_marketer_298,business_professional|health_care|hospitality_retail,business_professional|health_care|hospitality_retail,Enterprising|Conventional,0.0747,0.1618,0.1624,0.1217,0.2782,0.2012,onet_bridge,synthetic_occupation,0.75,
bridge_electrician_299,aerospace_manufacturing|construction_green,aerospace_manufacturing|construction_green,Realistic|Investigative,0.2883,0.2301,0.0614,0.063,0.1605,0.1967,onet_bridge,synthetic_occupation,0.75,
bridge_nurse_300,health_care,health_care,Social|Investigative,0.117,0.203,0.0645,0.2796,0.1418,0.1942,onet_bridge,synthetic_occupation,0.75,
bridge_front_of_house_301,business_professional|health_care|hospitality_tourism,business_professional|health_care|hospitality_tourism,Conventional|Social,0.0574,0.0835,0.1212,0.2495,0.2292,0.2593,onet_bridge,synthetic_occupation,0.75,
bridge_entrepreneur_303,business_professional|cyber_digital|hospitality_retail,business_professional|cyber_digital|hospitality_retail,Enterprising|Investigative,0.1207,0.1698,0.1099,0.1335,0.2969,0.1692,onet_bridge,synthetic_occupation,0.75,
bridge_sound_tech_304,business_professional|creative_events,business_professional|creative_events,Conventional|Artistic,0.1299,0.1451,0.2172,0.1306,0.1452,0.232,onet_bridge,synthetic_occupation,0.75,
bridge_teacher_305,business_professional|education_training|hospitality_retail,business_professional|education_training|hospitality_retail,Social|Investigative,0.0876,0.1765,0.1624,0.2322,0.1723,0.1691,onet_bridge,synthetic_occupation,0.75,
bridge_retail_manager_306,business_professional|hospitality_retail,business_professional|hospitality_retail,Enterprising|Conventional,0.1177,0.0401,0.1154,0.192,0.28,0.2548,onet_bridge,synthetic_occupation,0.75,
bridge_quality_control_307,aerospace_manufacturing|construction_green,aerospace_manufacturing|construction_green,Conventional|Realistic,0.2229,0.2054,0.0708,0.0946,0.1391,0.2673,onet_bridge,synthetic_occupation,0.75,
bridge_lab_tech_309,business_professional|cyber_digital,business_professional|cyber_digital,Conventional|Investigative,0.1602,0.2597,0.0622,0.1673,0.0846,0.266,onet_bridge,synthetic_occupation,0.75,
bridge_sustainability_officer_310,business_professional|education_training|public_sector,business_professional|education_training|public_sector,Conventional|Social,0.0941,0.1848,0.1651,0.1998,0.1529,0.2032,onet_bridge,synthetic_occupation,0.75,
bridge_early_years_311,aerospace_manufacturing|education_training|health_care,aerospace_manufacturing|education_training|health_care,Social|Conventional,0.1337,0.1366,0.1718,0.2456,0.128,0.1844,onet_bridge,synthetic_occupation,0.75,
bridge_web_dev_312,business_professional|cyber_digital,business_professional|cyber_digital,Investigative|Conventional,0.0696,0.2404,0.2201,0.0796,0.1664,0.224,onet_bridge,synthetic_occupation,0.75,
bridge_welder_313,aerospace_manufacturing|construction_green,aerospace_manufacturing|construction_green,Realistic|Conventional,0.3627,0.1157,0.0935,0.109,0.0933,0.2257,onet_bridge,synthetic_occupation,0.75,
bridge_network_tech_314,aerospace_manufacturing|construction_green|cyber_digital,aerospace_manufacturing|construction_green|cyber_digital,Investigative|Conventional,0.2021,0.2425,0.0783,0.1235,0.1147,0.2389,onet_bridge,synthetic_occupation,0.75,
bridge_project_manager_315,aerospace_manufacturing|business_professional|construction_green,aerospace_manufacturing|business_professional|construction_green,Conventional|Enterprising,0.1489,0.1623,0.0846,0.1604,0.2052,0.2385,onet_bridge,synthetic_occupation,0.75,
bridge_bar_staff_318,hospitality_retail|hospitality_tourism,hospitality_retail|hospitality_tourism,Social|Enterprising,0.1604,0.0692,0.1411,0.2536,0.2514,0.1244,onet_bridge,synthetic_occupation,0.75,
bridge_surveyor_320,business_professional|cyber_digital,business_professional|cyber_digital,Conventional|Investigative,0.1615,0.218,0.0961,0.0739,0.1929,0.2576,onet_bridge,synthetic_occupation,0.75,
bridge_marketing_321,business_professional|hospitality_retail,business_professional|hospitality_retail,Enterprising|Conventional,0.0642,0.1494,0.171,0.1545,0.2483,0.2127,onet_bridge,synthetic_occupation,0.75,
bridge_teacher_322,education_training|health_care|public_sector,education_training|health_care|public_sector,Social|Investigative,0.041,0.2218,0.1321,0.2659,0.1712,0.1682,onet_bridge,synthetic_occupation,0.75,
bridge_agri_tech_323,aerospace_manufacturing|construction_green,aerospace_manufacturing|construction_green,Realistic|Investigative,0.2356,0.2081,0.1079,0.1234,0.118,0.2071,onet_bridge,synthetic_occupation,0.75,
bridge_hotel_manager_324,business_professional|creative_events|hospitality_retail,business_professional|creative_events|hospitality_retail,Enterprising|Conventional,0.0894,0.0806,0.1126,0.1951,0.2904,0.2319,onet_bridge,synthetic_occupation,0.75,
bridge_mechatronics_325,aerospace_manufacturing|construction_green,aerospace_manufacturing|construction_green,Realistic|Investigative,0.2468,0.2421,0.0808,0.1131,0.0973,0.2198,onet_bridge,synthetic_occupation,0.75,
bridge_early_years_326,health_care|hospitality_retail|hospitality_tourism,health_care|hospitality_retail|hospitality_tourism,Social|Enterprising,0.1025,0.0895,0.1774,0.2599,0.2115,0.1593,onet_bridge,synthetic_occupation,0.75,
bridge_ux_designer_327,creative_events,creative_events,Artistic|Conventional,0.1059,0.1595,0.2574,0.1331,0.1353,0.2088,onet_bridge,synthetic_occupation,0.75,
bridge_sustainability_officer_328,business_professional,business_professional,Conventional|Enterprising,0.1059,0.1779,0.126,0.1828,0.1955,0.212,onet_bridge,synthetic_occupation,0.75,
bridge_horticulture_330,aerospace_manufacturing|construction_green,aerospace_manufacturing|construction_green,Realistic|Conventional,0.2518,0.168,0.1218,0.1079,0.1635,0.1869,onet_bridge,synthetic_occupation,0.75,
bridge_photographer_331,creative_events,creative_events,Artistic|Enterprising,0.142,0.099,0.3141,0.1203,0.1679,0.1567,onet_bridge,synthetic_occupation,0.75,
bridge_video_editor_332,creative_events,creative_events,Artistic|Enterprising,0.112,0.1267,0.3032,0.0773,0.2024,0.1784,onet_bridge,synthetic_occupation,0.75,
bridge_sustainability_officer_333,aerospace_manufacturing|business_professional|cyber_digital,aerospace_manufacturing|business_professional|cyber_digital,Investigative|Enterprising,0.1481,0.2134,0.1458,0.1433,0.182,0.1675,onet_bridge,synthetic_occupation,0.75,
bridge_mental_health_334,health_care|public_sector,health_care|public_sector,Social|Conventional,0.0979,0.1427,0.1366,0.3303,0.1438,0.1486,onet_bridge,synthetic_occupation,0.75,
bridge_welder_335,aerospace_manufacturing|construction_green,aerospace_manufacturing|construction_green,Realistic|Investigative,0.3401,0.1795,0.1367,0.1074,0.0818,0.1545,onet_bridge,synthetic_occupation,0.75,
bridge_mech_engineer_336,aerospace_manufacturing|construction_green|cyber_digital,aerospace_manufacturing|construction_green|cyber_digital,Investigative|Conventional,0.1949,0.236,0.1388,0.11,0.1229,0.1974,onet_bridge,synthetic_occupation,0.75,
bridge_elec_engineer_337,aerospace_manufacturing|construction_green|cyber_digital,aerospace_manufacturing|construction_green|cyber_digital,Investigative|Conventional,0.1877,0.2996,0.0906,0.0974,0.1276,0.1971,onet_bridge,synthetic_occupation,0.75,
bridge_ta_338,business_professional|health_care|hospitality_retail,business_professional|health_care|hospitality_retail,Social|Conventional,0.1156,0.0806,0.0912,0.2961,0.1641,0.2524,onet_bridge,synthetic_occupation,0.75,
bridge_quality_control_339,aerospace_manufacturing|construction_green,aerospace_manufacturing|construction_green,Conventional|Realistic,0.2426,0.1923,0.0712,0.0526,0.1538,0.2876,onet_bridge,synthetic_occupation,0.75,
bridge_baker_340,aerospace_manufacturing|construction_green,aerospace_manufacturing|construction_green,Realistic|Conventional,0.2534,0.1032,0.1664,0.1119,0.1489,0.2162,onet_bridge,synthetic_occupation,0.75,
bridge_software_dev_341,business_professional|creative_events|cyber_digital,business_professional|creative_events|cyber_digital,Investigative|Conventional,0.0795,0.2741,0.1324,0.0752,0.1926,0.2462,onet_bridge,synthetic_occupation,0.75,
bridge_librarian_342,business_professional,business_professional,Conventional|Social,0.0721,0.1437,0.1428,0.2246,0.148,0.2687,onet_bridge,synthetic_occupation,0.75,
bridge_call_centre_343,business_professional|hospitality_retail,business_professional|hospitality_retail,Enterprising|Conventional,0.1097,0.0902,0.1519,0.194,0.2556,0.1986,onet_bridge,synthetic_occupation,0.75,
bridge_photographer_346,creative_events,creative_events,Artistic|Enterprising,0.1471,0.1462,0.2553,0.1094,0.189,0.153,onet_bridge,synthetic_occupation,0.75,
bridge_nurse_347,education_training|health_care|public_sector,education_training|health_care|public_sector,Social|Conventional,0.0825,0.1683,0.1243,0.2956,0.1135,0.2158,onet_bridge,synthetic_occupation,0.75,
bridge_estate_agent_349,business_professional|hospitality_retail,business_professional|hospitality_retail,Enterprising|Conventional,0.1245,0.1313,0.1236,0.1787,0.2628,0.1792,onet_bridge,synthetic_occupation,0.75,
bridge_librarian_350,business_professional|creative_events|hospitality_tourism,business_professional|creative_events|hospitality_tourism,Conventional|Social,0.0657,0.1607,0.1478,0.2339,0.105,0.2869,onet_bridge,synthetic_occupation,0.75,
bridge_marketing_351,business_professional|creative_events|hospitality_retail,business_professional|creative_events|hospitality_retail,Enterprising|Artistic,0.0912,0.1617,0.1792,0.14,0.258,0.1699,onet_bridge,synthetic_occupation,0.75,
bridge_agri_tech_352,aerospace_manufacturing|construction_green,aerospace_manufacturing|construction_green,Conventional|Realistic,0.2155,0.1905,0.0751,0.15,0.1279,0.241,onet_bridge,synthetic_occupation,0.75,
bridge_mech_engineer_353,aerospace_manufacturing|construction_green|cyber_digital,aerospace_manufacturing|construction_green|cyber_digital,Investigative|Conventional,0.1982,0.2513,0.1086,0.1245,0.1005,0.2169,onet_bridge,synthetic_occupation,0.75,
bridge_museum_354,creative_events,creative_events,Artistic|Investigative,0.0896,0.1856,0.26,0.169,0.1257,0.17,onet_bridge,synthetic_occupation,0.75,
bridge_call_centre_355,business_professional|hospitality_retail,business_professional|hospitality_retail,Enterprising|Conventional,0.0618,0.0691,0.1057,0.2094,0.2853,0.2687,onet_bridge,synthetic_occupation,0.75,
bridge_agri_tech_356,aerospace_manufacturing|construction_green|health_care,aerospace_manufacturing|construction_green|health_care,Investigative|Conventional,0.2088,0.2123,0.1058,0.1537,0.11,0.2094,onet_bridge,synthetic_occupation,0.75,
bridge_mech_engineer_357,business_professional|cyber_digital,business_professional|cyber_digital,Investigative|Conventional,0.18,0.285,0.088,0.1278,0.1367,0.1826,onet_bridge,synthetic_occupation,0.75,
bridge_aerospace_tech_359,aerospace_manufacturing|construction_green|cyber_digital,aerospace_manufacturing|construction_green|cyber_digital,Investigative|Realistic,0.2401,0.2682,0.114,0.084,0.1133,0.1804,onet_bridge,synthetic_occupation,0.75,
bridge_biotech_360,business_professional|cyber_digital,business_professional|cyber_digital,Investigative|Conventional,0.1255,0.2982,0.0938,0.1507,0.1026,0.2291,onet_bridge,synthetic_occupation,0.75,
bridge_entrepreneur_361,business_professional|creative_events|hospitality_retail,business_professional|creative_events|hospitality_retail,Enterprising|Conventional,0.1263,0.1213,0.1253,0.1709,0.2595,0.1967,onet_bridge,synthetic_occupation,0.75,
bridge_mental_health_362,education_training|health_care|public_sector,education_training|health_care|public_sector,Social|Investigative,0.0776,0.1731,0.1273,0.2927,0.1685,0.1607,onet_bridge,synthetic_occupation,0.75,
bridge_industrial_eng_363,business_professional|cyber_digital,business_professional|cyber_digital,Conventional|Investigative,0.1692,0.2237,0.0891,0.095,0.175,0.2481,onet_bridge,synthetic_occupation,0.75,
bridge_local_gov_364,business_professional,business_professional,Conventional|Social,0.0792,0.1528,0.0728,0.2296,0.1663,0.2993,onet_bridge,synthetic_occupation,0.75,
bridge_beauty_365,business_professional|cyber_digital|hospitality_retail,business_professional|cyber_digital|hospitality_retail,Social|Enterprising,0.1794,0.0945,0.1485,0.2054,0.1996,0.1726,onet_bridge,synthetic_occupation,0.75,
bridge_electrician_366,aerospace_manufacturing|construction_green,aerospace_manufacturing|construction_green,Realistic|Conventional,0.2947,0.2008,0.0728,0.1036,0.1197,0.2084,onet_bridge,synthetic_occupation,0.75,
bridge_local_gov_367,business_professional,business_professional,Conventional|Enterprising,0.0944,0.14,0.1124,0.1636,0.1841,0.3056,onet_bridge,synthetic_occupation,0.75,
bridge_photographer_368,business_professional|creative_events|cyber_digital,business_professional|creative_events|cyber_digital,Artistic|Enterprising,0.1638,0.1085,0.2507,0.1152,0.1904,0.1714,onet_bridge,synthetic_occupation,0.75,
bridge_beauty_369,business_professional|hospitality_retail|hospitality_tourism,business_professional|hospitality_retail|hospitality_tourism,Social|Enterprising,0.1184,0.1048,0.1707,0.2147,0.207,0.1842,onet_bridge,synthetic_occupation,0.75,
bridge_cad_tech_370,business_professional|creative_events|cyber_digital,business_professional|creative_events|cyber_digital,Investigative|Conventional,0.1389,0.2488,0.1957,0.0691,0.1288,0.2187,onet_bridge,synthetic_occupation,0.75,
bridge_cnc_machinist_371,aerospace_manufacturing|construction_green,aerospace_manufacturing|construction_green,Realistic|Conventional,0.2864,0.1935,0.0988,0.0936,0.0771,0.2506,onet_bridge,synthetic_occupation,0.75,
bridge_farm_manager_372,aerospace_manufacturing|business_professional|construction_green,aerospace_manufacturing|business_professional|construction_green,Enterprising|Conventional,0.1942,0.1597,0.0888,0.0895,0.2425,0.2254,onet_bridge,synthetic_occupation,0.75,
bridge_chef_373,aerospace_manufacturing|construction_green,aerospace_manufacturing|construction_green,Realistic|Enterprising,0.2491,0.1097,0.176,0.1071,0.1999,0.1583,onet_bridge,synthetic_occupation,0.75,
bridge_training_officer_374,health_care|hospitality_retail|hospitality_tourism,health_care|hospitality_retail|hospitality_tourism,Social|Conventional,0.0954,0.1102,0.1327,0.2583,0.1799,0.2235,onet_bridge,synthetic_occupation,0.75,
bridge_hr_375,business_professional|hospitality_retail,business_professional|hospitality_retail,Conventional|Social,0.0376,0.1566,0.0881,0.2447,0.223,0.2501,onet_bridge,synthetic_occupation,0.75,
bridge_aerospace_tech_376,aerospace_manufacturing|construction_green|cyber_digital,aerospace_manufacturing|construction_green|cyber_digital,Investigative|Realistic,0.2144,0.2239,0.1269,0.0895,0.1334,0.2119,onet_bridge,synthetic_occupation,0.75,
bridge_local_gov_379,business_professional|cyber_digital,business_professional|cyber_digital,Conventional|Social,0.0535,0.1834,0.0929,0.2245,0.1679,0.2778,onet_bridge,synthetic_occupation,0.75,
bridge_electrician_381,aerospace_manufacturing|construction_green,aerospace_manufacturing|construction_green,Realistic|Conventional,0.3137,0.1446,0.1152,0.1012,0.1082,0.217,onet_bridge,synthetic_occupation,0.75,
bridge_travel_agent_382,business_professional|health_care|hospitality_retail,business_professional|health_care|hospitality_retail,Enterprising|Social,0.0759,0.0916,0.1614,0.2204,0.2508,0.1999,onet_bridge,synthetic_occupation,0.75,
bridge_insurance_383,business_professional|health_care|hospitality_retail,business_professional|health_care|hospitality_retail,Enterprising|Social,0.096,0.1282,0.0925,0.2259,0.2473,0.2102,onet_bridge,synthetic_occupation,0.75,
bridge_bar_staff_384,business_professional|hospitality_retail,business_professional|hospitality_retail,Enterprising|Social,0.1362,0.072,0.1613,0.226,0.2332,0.1714,onet_bridge,synthetic_occupation,0.75,
bridge_librarian_385,business_professional|cyber_digital,business_professional|cyber_digital,Conventional|Investigative,0.0509,0.2081,0.1767,0.1853,0.1048,0.2742,onet_bridge,synthetic_occupation,0.75,
bridge_sustainability_officer_387,aerospace_manufacturing|business_professional|construction_green,aerospace_manufacturing|business_professional|construction_green,Conventional|Investigative,0.0826,0.2013,0.1276,0.1829,0.1837,0.2218,onet_bridge,synthetic_occupation,0.75,
bridge_hvac_388,aerospace_manufacturing|construction_green,aerospace_manufacturing|construction_green,Realistic|Conventional,0.2667,0.1869,0.1027,0.145,0.0927,0.206,onet_bridge,synthetic_occupation,0.75,
bridge_photographer_389,creative_events,creative_events,Artistic|Enterprising,0.1611,0.1059,0.2773,0.1371,0.189,0.1297,onet_bridge,synthetic_occupation,0.75,
bridge_horticulture_390,aerospace_manufacturing|construction_green,aerospace_manufacturing|construction_green,Realistic|Conventional,0.2018,0.184,0.1364,0.1227,0.1555,0.1996,onet_bridge,synthetic_occupation,0.75,
bridge_events_manager_391,business_professional|hospitality_retail,business_professional|hospitality_retail,Enterprising|Conventional,0.0763,0.1253,0.1647,0.1924,0.2433,0.1981,onet_bridge,synthetic_occupation,0.75,
bridge_civil_servant_392,business_professional,business_professional,Conventional|Social,0.0884,0.1499,0.0564,0.2224,0.2136,0.2692,onet_bridge,synthetic_occupation,0.75,
bridge_vet_nurse_393,creative_events|health_care|hospitality_tourism,creative_events|health_care|hospitality_tourism,Social|Investigative,0.1602,0.1956,0.0857,0.2291,0.1426,0.1869,onet_bridge,synthetic_occupation,0.75,
bridge_green_energy_394,aerospace_manufacturing|construction_green,aerospace_manufacturing|construction_green,Realistic|Investigative,0.332,0.1906,0.0588,0.1136,0.1233,0.1817,onet_bridge,synthetic_occupation,0.75,
bridge_social_worker_395,education_training|health_care|public_sector,education_training|health_care|public_sector,Social|Investigative,0.0886,0.176,0.1304,0.2903,0.1546,0.1602,onet_bridge,synthetic_occupation,0.75,
bridge_nurse_396,business_professional|health_care,business_professional|health_care,Social|Conventional,0.1469,0.1747,0.1097,0.241,0.0984,0.2293,onet_bridge,synthetic_occupation,0.75,
bridge_research_asst_398,business_professional|cyber_digital|health_care,business_professional|cyber_digital|health_care,Investigative|Conventional,0.0574,0.2694,0.1263,0.1863,0.1061,0.2545,onet_bridge,synthetic_occupation,0.75,
bridge_librarian_399,business_professional|education_training|public_sector,business_professional|education_training|public_sector,Conventional|Social,0.0841,0.1396,0.2035,0.2099,0.1093,0.2536,onet_bridge,synthetic_occupation,0.75,
bridge_quality_control_400,aerospace_manufacturing|construction_green|cyber_digital,aerospace_manufacturing|construction_green|cyber_digital,Conventional|Investigative,0.1929,0.247,0.0615,0.0965,0.0842,0.3181,onet_bridge,synthetic_occupation,0.75,
bridge_estate_agent_401,business_professional|hospitality_retail,business_professional|hospitality_retail,Enterprising|Social,0.096,0.1069,0.1525,0.2101,0.264,0.1704,onet_bridge,synthetic_occupation,0.75,
bridge_security_guard_402,aerospace_manufacturing|business_professional|hospitality_tourism,aerospace_manufacturing|business_professional|hospitality_tourism,Realistic|Conventional,0.2166,0.1138,0.1022,0.1858,0.1745,0.2071,onet_bridge,synthetic_occupation,0.75,
bridge_welder_403,aerospace_manufacturing|construction_green|cyber_digital,aerospace_manufacturing|construction_green|cyber_digital,Realistic|Conventional,0.3351,0.1605,0.076,0.0705,0.1243,0.2336,onet_bridge,synthetic_occupation,0.75,
bridge_social_worker_405,business_professional|health_care|hospitality_tourism,business_professional|health_care|hospitality_tourism,Social|Conventional,0.1243,0.1233,0.1258,0.2495,0.1498,0.2273,onet_bridge,synthetic_occupation,0.75,
bridge_receptionist_406,business_professional|health_care|hospitality_tourism,business_professional|health_care|hospitality_tourism,Conventional|Social,0.0929,0.1038,0.1295,0.247,0.1735,0.2532,onet_bridge,synthetic_occupation,0.75,
bridge_graphic_designer_407,business_professional|creative_events|cyber_digital,business_professional|creative_events|cyber_digital,Artistic|Conventional,0.0626,0.1419,0.2941,0.1397,0.1687,0.1931,onet_bridge,synthetic_occupation,0.75,
bridge_youth_worker_408,health_care|public_sector,health_care|public_sector,Social|Conventional,0.1178,0.1194,0.1553,0.2979,0.1394,0.1703,onet_bridge,synthetic_occupation,0.75,
bridge_game_dev_409,creative_events,creative_events,Artistic|Investigative,0.1137,0.2195,0.2456,0.1152,0.1339,0.1721,onet_bridge,synthetic_occupation,0.75,
bridge_brewery_410,aerospace_manufacturing|construction_green,aerospace_manufacturing|construction_green,Conventional|Realistic,0.2249,0.1442,0.1404,0.1068,0.1518,0.232,onet_bridge,synthetic_occupation,0.75,
bridge_museum_411,business_professional|health_care|hospitality_tourism,business_professional|health_care|hospitality_tourism,Social|Artistic,0.1189,0.1314,0.2099,0.2254,0.135,0.1795,onet_bridge,synthetic_occupation,0.75,
bridge_content_creator_412,business_professional|creative_events|hospitality_retail,business_professional|creative_events|hospitality_retail,Enterprising|Artistic,0.0861,0.1239,0.2235,0.1655,0.2529,0.1481,onet_bridge,synthetic_occupation,0.75,
bridge_beauty_413,business_professional|creative_events|hospitality_retail,business_professional|creative_events|hospitality_retail,Social|Enterprising,0.1049,0.1067,0.1929,0.2225,0.2146,0.1584,onet_bridge,synthetic_occupation,0.75,
bridge_industrial_eng_414,aerospace_manufacturing|construction_green,aerospace_manufacturing|construction_green,Conventional|Investigative,0.2117,0.2119,0.0964,0.0872,0.1396,0.2531,onet_bridge,synthetic_occupation,0.75,
bridge_call_centre_415,business_professional|hospitality_retail,business_professional|hospitality_retail,Enterprising|Conventional,0.0641,0.0887,0.1048,0.227,0.2612,0.2541,onet_bridge,synthetic_occupation,0.75,
bridge_police_416,aerospace_manufacturing|construction_green|health_care,aerospace_manufacturing|construction_green|health_care,Social|Conventional,0.1845,0.1602,0.0911,0.2216,0.1446,0.1981,onet_bridge,synthetic_occupation,0.75,
bridge_youth_worker_417,health_care|public_sector,health_care|public_sector,Social|Conventional,0.1292,0.141,0.1304,0.2848,0.1302,0.1844,onet_bridge,synthetic_occupation,0.75,
bridge_video_editor_418,creative_events,creative_events,Artistic|Conventional,0.1217,0.1199,0.2972,0.1357,0.1536,0.172,onet_bridge,synthetic_occupation,0.75,
bridge_forest_worker_419,aerospace_manufacturing|construction_green,aerospace_manufacturing|construction_green,Realistic|Conventional,0.2893,0.176,0.076,0.1315,0.1205,0.2067,onet_bridge,synthetic_occupation,0.75,
bridge_avionics_421,aerospace_manufacturing|construction_green|creative_events,aerospace_manufacturing|construction_green|creative_events,Realistic|Conventional,0.3127,0.1807,0.1195,0.087,0.1042,0.196,onet_bridge,synthetic_occupation,0.75,
bridge_lab_tech_422,aerospace_manufacturing|construction_green|cyber_digital,aerospace_manufacturing|construction_green|cyber_digital,Investigative|Conventional,0.1958,0.3127,0.0777,0.1073,0.0859,0.2205,onet_bridge,synthetic_occupation,0.75,
bridge_kitchen_porter_423,aerospace_manufacturing|construction_green,aerospace_manufacturing|construction_green,Realistic|Conventional,0.2795,0.1025,0.082,0.1927,0.1305,0.2129,onet_bridge,synthetic_occupation,0.75,
bridge_bar_staff_424,business_professional|hospitality_retail,business_professional|hospitality_retail,Enterprising|Social,0.138,0.1239,0.1404,0.1987,0.2459,0.1532,onet_bridge,synthetic_occupation,0.75,
bridge_fire_fighter_426,health_care,health_care,Social|Realistic,0.2261,0.1137,0.1038,0.2343,0.1351,0.187,onet_bridge,synthetic_occupation,0.75,
bridge_journalist_427,business_professional|creative_events|hospitality_retail,business_professional|creative_events|hospitality_retail,Artistic|Social,0.0638,0.1878,0.2156,0.1891,0.1839,0.1598,onet_bridge,synthetic_occupation,0.75,
bridge_customer_service_428,business_professional|health_care|hospitality_tourism,business_professional|health_care|hospitality_tourism,Conventional|Social,0.0764,0.1072,0.138,0.226,0.2035,0.2489,onet_bridge,synthetic_occupation,0.75,
bridge_sports_coach_429,business_professional|cyber_digital|health_care,business_professional|cyber_digital|health_care,Social|Realistic,0.2234,0.1255,0.092,0.2593,0.1898,0.11,onet_bridge,synthetic_occupation,0.75,
bridge_social_worker_430,business_professional|health_care|hospitality_retail,business_professional|health_care|hospitality_retail,Social|Enterprising,0.1234,0.1687,0.0636,0.2678,0.2029,0.1736,onet_bridge,synthetic_occupation,0.75,
bridge_front_of_house_431,health_care|hospitality_retail|hospitality_tourism,health_care|hospitality_retail|hospitality_tourism,Social|Conventional,0.0939,0.0759,0.1291,0.2563,0.2185,0.2263,onet_bridge,synthetic_occupation,0.75,
bridge_electrician_432,aerospace_manufacturing|construction_green,aerospace_manufacturing|construction_green,Realistic|Conventional,0.3149,0.1911,0.0849,0.0623,0.0988,0.248,onet_bridge,synthetic_occupation,0.75,
bridge_project_manager_433,aerospace_manufacturing|business_professional,aerospace_manufacturing|business_professional,Enterprising|Conventional,0.0951,0.1757,0.0861,0.1495,0.2684,0.2252,onet_bridge,synthetic_occupation,0.75,
bridge_teacher_435,business_professional|education_training|public_sector,business_professional|education_training|public_sector,Social|Conventional,0.0916,0.1709,0.1565,0.2348,0.1364,0.2098,onet_bridge,synthetic_occupation,0.75,
bridge_paralegal_436,business_professional,business_professional,Conventional|Investigative,0.0793,0.1902,0.1054,0.1662,0.1796,0.2792,onet_bridge,synthetic_occupation,0.75,
bridge_events_manager_437,business_professional|hospitality_retail|hospitality_tourism,business_professional|hospitality_retail|hospitality_tourism,Social|Enterprising,0.0924,0.091,0.1889,0.2302,0.2207,0.1767,onet_bridge,synthetic_occupation,0.75,
bridge_green_energy_438,aerospace_manufacturing|construction_green,aerospace_manufacturing|construction_green,Realistic|Investigative,0.2945,0.2292,0.077,0.1058,0.1005,0.193,onet_bridge,synthetic_occupation,0.75,
bridge_welder_439,aerospace_manufacturing|construction_green,aerospace_manufacturing|construction_green,Realistic|Conventional,0.3866,0.1352,0.0524,0.0964,0.0773,0.252,onet_bridge,synthetic_occupation,0.75,
bridge_youth_worker_440,health_care|public_sector,health_care|public_sector,Social|Enterprising,0.1072,0.1525,0.1283,0.2912,0.1736,0.1473,onet_bridge,synthetic_occupation,0.75,
bridge_warehouse_441,business_professional|construction_green|hospitality_retail,business_professional|construction_green|hospitality_retail,Conventional|Realistic,0.2359,0.0917,0.1002,0.1393,0.1736,0.2593,onet_bridge,synthetic_occupation,0.75,
bridge_call_centre_442,business_professional|hospitality_retail,business_professional|hospitality_retail,Enterprising|Conventional,0.0887,0.0815,0.0585,0.2194,0.2922,0.2597,onet_bridge,synthetic_occupation,0.75,
bridge_research_asst_444,business_professional|cyber_digital,business_professional|cyber_digital,Investigative|Conventional,0.0576,0.2733,0.1308,0.2154,0.0964,0.2265,onet_bridge,synthetic_occupation,0.75,
bridge_agri_tech_445,aerospace_manufacturing|construction_green,aerospace_manufacturing|construction_green,Investigative|Realistic,0.2546,0.2596,0.0571,0.1398,0.1004,0.1885,onet_bridge,synthetic_occupation,0.75,
bridge_chef_446,creative_events|hospitality_retail|hospitality_tourism,creative_events|hospitality_retail|hospitality_tourism,Enterprising|Artistic,0.2093,0.0906,0.2116,0.159,0.2186,0.1109,onet_bridge,synthetic_occupation,0.75,
bridge_data_analyst_447,business_professional|cyber_digital,business_professional|cyber_digital,Investigative|Conventional,0.0681,0.3167,0.1012,0.0863,0.1277,0.2999,onet_bridge,synthetic_occupation,0.75,
bridge_surveyor_448,business_professional|cyber_digital,business_professional|cyber_digital,Conventional|Enterprising,0.1595,0.1946,0.1044,0.1101,0.2057,0.2258,onet_bridge,synthetic_occupation,0.75,
bridge_research_asst_449,business_professional|cyber_digital,business_professional|cyber_digital,Investigative|Conventional,0.0832,0.2702,0.1193,0.1634,0.1257,0.2382,onet_bridge,synthetic_occupation,0.75,
bridge_biomed_eng_450,business_professional|cyber_digital,business_professional|cyber_digital,Investigative|Conventional,0.1403,0.2602,0.1527,0.1205,0.0861,0.2402,onet_bridge,synthetic_occupation,0.75,
bridge_physio_453,business_professional|cyber_digital|health_care,business_professional|cyber_digital|health_care,Social|Investigative,0.1483,0.219,0.0934,0.2264,0.1078,0.2052,onet_bridge,synthetic_occupation,0.75,
bridge_front_of_house_454,business_professional|health_care|hospitality_retail,business_professional|health_care|hospitality_retail,Social|Conventional,0.0636,0.1143,0.0883,0.3059,0.1938,0.234,onet_bridge,synthetic_occupation,0.75,
bridge_sales_rep_455,business_professional|cyber_digital|hospitality_retail,business_professional|cyber_digital|hospitality_retail,Enterprising|Social,0.0687,0.1306,0.1117,0.1817,0.3455,0.1618,onet_bridge,synthetic_occupation,0.75,
bridge_vet_nurse_456,creative_events|health_care|hospitality_tourism,creative_events|health_care|hospitality_tourism,Social|Investigative,0.1821,0.1847,0.1083,0.2217,0.1242,0.179,onet_bridge,synthetic_occupation,0.75,
bridge_bar_staff_457,aerospace_manufacturing|hospitality_retail|hospitality_tourism,aerospace_manufacturing|hospitality_retail|hospitality_tourism,Social|Enterprising,0.1637,0.0928,0.1551,0.2416,0.2362,0.1107,onet_bridge,synthetic_occupation,0.75,
bridge_travel_agent_458,business_professional|hospitality_retail|hospitality_tourism,business_professional|hospitality_retail|hospitality_tourism,Enterprising|Conventional,0.027,0.0759,0.1947,0.2019,0.2682,0.2324,onet_bridge,synthetic_occupation,0.75,
bridge_software_dev_459,business_professional|cyber_digital,business_professional|cyber_digital,Investigative|Conventional,0.1141,0.2697,0.2089,0.054,0.1165,0.2369,onet_bridge,synthetic_occupation,0.75,
bridge_ta_460,business_professional|cyber_digital|health_care,business_professional|cyber_digital|health_care,Social|Conventional,0.1428,0.1907,0.1205,0.2541,0.0779,0.2141,onet_bridge,synthetic_occupation,0.75,
bridge_welder_461,aerospace_manufacturing|construction_green|creative_events,aerospace_manufacturing|construction_green|creative_events,Realistic|Conventional,0.3543,0.16,0.1083,0.066,0.0693,0.2421,onet_bridge,synthetic_occupation,0.75,
bridge_sales_assoc_462,business_professional|hospitality_retail,business_professional|hospitality_retail,Enterprising|Conventional,0.1412,0.0586,0.0823,0.2206,0.2607,0.2365,onet_bridge,synthetic_occupation,0.75,
bridge_training_officer_463,health_care|hospitality_retail|hospitality_tourism,health_care|hospitality_retail|hospitality_tourism,Conventional|Social,0.0834,0.1359,0.1564,0.2165,0.1894,0.2186,onet_bridge,synthetic_occupation,0.75,
bridge_green_energy_464,aerospace_manufacturing|construction_green|health_care,aerospace_manufacturing|construction_green|health_care,Realistic|Investigative,0.2975,0.2022,0.0852,0.1391,0.0828,0.1931,onet_bridge,synthetic_occupation,0.75,
bridge_hca_466,health_care,health_care,Social|Conventional,0.1547,0.1624,0.0977,0.2962,0.0982,0.1907,onet_bridge,synthetic_occupation,0.75,
bridge_lab_tech_467,business_professional|cyber_digital|health_care,business_professional|cyber_digital|health_care,Conventional|Investigative,0.1796,0.2821,0.0863,0.1004,0.0593,0.2923,onet_bridge,synthetic_occupation,0.75,
bridge_beauty_468,business_professional|hospitality_retail|hospitality_tourism,business_professional|hospitality_retail|hospitality_tourism,Enterprising|Social,0.1046,0.1058,0.1857,0.213,0.215,0.1759,onet_bridge,synthetic_occupation,0.75,
bridge_hotel_manager_469,business_professional|hospitality_retail,business_professional|hospitality_retail,Enterprising|Conventional,0.1029,0.0781,0.1142,0.208,0.2627,0.2341,onet_bridge,synthetic_occupation,0.75,
bridge_industrial_eng_470,aerospace_manufacturing|construction_green|cyber_digital,aerospace_manufacturing|construction_green|cyber_digital,Conventional|Investigative,0.2025,0.2144,0.0797,0.0922,0.1883,0.2229,onet_bridge,synthetic_occupation,0.75,
bridge_game_dev_471,creative_events,creative_events,Artistic|Conventional,0.0825,0.166,0.2557,0.1152,0.1598,0.2207,onet_bridge,synthetic_occupation,0.75,
bridge_youth_worker_472,business_professional|health_care|hospitality_retail,business_professional|health_care|hospitality_retail,Social|Enterprising,0.0988,0.1197,0.1381,0.2687,0.1967,0.178,onet_bridge,synthetic_occupation,0.75,
bridge_civil_engineer_473,business_professional|creative_events|cyber_digital,business_professional|creative_events|cyber_digital,Investigative|Conventional,0.1692,0.2603,0.1346,0.0886,0.1335,0.2138,onet_bridge,synthetic_occupation,0.75,
bridge_logistics_474,business_professional,business_professional,Conventional|Enterprising,0.1291,0.171,0.0472,0.1288,0.2361,0.2877,onet_bridge,synthetic_occupation,0.75,
bridge_chef_475,agri_tech_food|creative_events|hospitality_tourism,agri_tech_food|creative_events|hospitality_tourism,Artistic|Conventional,0.184,0.1094,0.2065,0.1202,0.1779,0.2019,onet_bridge,synthetic_occupation,0.75,
bridge_careers_adviser_476,education_training|hospitality_retail|public_sector,education_training|hospitality_retail|public_sector,Social|Conventional,0.0487,0.1699,0.1328,0.2923,0.1733,0.183,onet_bridge,synthetic_occupation,0.75,
bridge_green_energy_477,aerospace_manufacturing|construction_green,aerospace_manufacturing|construction_green,Realistic|Conventional,0.2809,0.177,0.1092,0.1073,0.1413,0.1844,onet_bridge,synthetic_occupation,0.75,
bridge_chef_479,creative_events|health_care|hospitality_retail,creative_events|health_care|hospitality_retail,Artistic|Realistic,0.1944,0.1086,0.2184,0.1273,0.1863,0.1649,onet_bridge,synthetic_occupation,0.75,
jc_0_1261,construction_green|education_training|hospitality_tourism,construction_green|education_training|hospitality_tourism,Realistic|Artistic,0.1826,0.1598,0.1735,0.1735,0.1735,0.137,jobcannon,adult_online,0.85,Hands-on Maker
jc_0_411,aerospace_manufacturing|construction_green|creative_events,aerospace_manufacturing|construction_green|creative_events,Artistic|Investigative,0.1652,0.2102,0.2252,0.045,0.1502,0.2042,jobcannon,adult_online,0.85,Creative / Commercial
jc_0_1046,construction_green|creative_events|cyber_digital,construction_green|creative_events|cyber_digital,Investigative|Artistic,0.2083,0.2431,0.2431,0.1215,0.0278,0.1562,jobcannon,adult_online,0.85,Technical Specialist
jc_0_1033,aerospace_manufacturing|construction_green|cyber_digital,aerospace_manufacturing|construction_green|cyber_digital,Conventional|Realistic,0.1738,0.1738,0.1524,0.1616,0.1463,0.1921,jobcannon,adult_online,0.85,Technical Specialist
jc_0_613,education_training|health_care|public_sector,education_training|health_care|public_sector,Realistic|Social,0.2301,0.1381,0.0962,0.2218,0.2092,0.1046,jobcannon,adult_online,0.85,Hands-on Maker
jc_0_218,business_professional|creative_events|hospitality_retail,business_professional|creative_events|hospitality_retail,Social|Artistic,0.0134,0.1421,0.2145,0.2279,0.2145,0.1877,jobcannon,adult_online,0.85,People & Care
jc_0_1182,cyber_digital|health_care|public_sector,cyber_digital|health_care|public_sector,Social|Investigative,0.1757,0.1914,0.1081,0.214,0.1532,0.1577,jobcannon,adult_online,0.85,People & Care
jc_0_1191,business_professional|health_care|hospitality_retail,business_professional|health_care|hospitality_retail,Social|Conventional,0.1615,0.1615,0.1544,0.1781,0.1663,0.1781,jobcannon,adult_online,0.85,People & Care
jc_0_885,agri_tech_food|construction_green|health_care,agri_tech_food|construction_green|health_care,Investigative|Enterprising,0.1736,0.2778,0.1597,0.125,0.2431,0.0208,jobcannon,adult_online,0.85,Technical Specialist
jc_0_1099,business_professional|cyber_digital|health_care,business_professional|cyber_digital|health_care,Investigative|Conventional,0.107,0.2273,0.1417,0.1684,0.1604,0.1952,jobcannon,adult_online,0.85,Technical Specialist
jc_0_607,business_professional|creative_events|hospitality_retail,business_professional|creative_events|hospitality_retail,Enterprising|Artistic,0.0674,0.0259,0.285,0.1554,0.3886,0.0777,jobcannon,adult_online,0.85,Creative / Commercial
jc_0_1058,business_professional|health_care|public_sector,business_professional|health_care|public_sector,Conventional|Social,0.0645,0.0,0.0,0.3468,0.1048,0.4839,jobcannon,adult_online,0.85,Technical Specialist
jc_0_810,business_professional|construction_green|hospitality_retail,business_professional|construction_green|hospitality_retail,Enterprising|Social,0.1613,0.1694,0.1425,0.1747,0.2097,0.1425,jobcannon,adult_online,0.85,Creative / Commercial
jc_0_1032,aerospace_manufacturing|construction_green|cyber_digital,aerospace_manufacturing|construction_green|cyber_digital,Conventional|Realistic,0.1738,0.1738,0.1524,0.1616,0.1463,0.1921,jobcannon,adult_online,0.85,Technical Specialist
jc_0_168,business_professional|hospitality_retail|hospitality_tourism,business_professional|hospitality_retail|hospitality_tourism,Social|Conventional,0.1238,0.1361,0.1683,0.198,0.1807,0.1931,jobcannon,adult_online,0.85,People & Care
jc_0_1043,education_training|health_care|public_sector,education_training|health_care|public_sector,Social|Artistic,0.1117,0.1214,0.2427,0.3058,0.0243,0.1942,jobcannon,adult_online,0.85,People & Care
jc_0_926,business_professional|education_training|public_sector,business_professional|education_training|public_sector,Social|Investigative,0.1227,0.1933,0.1626,0.1994,0.1472,0.1748,jobcannon,adult_online,0.85,People & Care
jc_0_67,aerospace_manufacturing|business_professional|hospitality_retail,aerospace_manufacturing|business_professional|hospitality_retail,Enterprising|Conventional,0.1848,0.1495,0.0951,0.163,0.2174,0.1902,jobcannon,adult_online,0.85,Creative / Commercial
jc_0_451,business_professional|creative_events|hospitality_retail,business_professional|creative_events|hospitality_retail,Enterprising|Artistic,0.0327,0.0735,0.2327,0.1837,0.2449,0.2327,jobcannon,adult_online,0.85,Creative / Commercial
jc_0_668,business_professional|hospitality_retail,business_professional|hospitality_retail,Enterprising|Conventional,0.0636,0.1059,0.1822,0.0424,0.3729,0.2331,jobcannon,adult_online,0.85,Creative / Commercial
jc_0_192,education_training|hospitality_retail|public_sector,education_training|hospitality_retail|public_sector,Artistic|Social,0.1587,0.1965,0.2343,0.2141,0.0831,0.1134,jobcannon,adult_online,0.85,Creative / Commercial
jc_0_123,aerospace_manufacturing|business_professional,aerospace_manufacturing|business_professional,Enterprising|Conventional,0.1323,0.1852,0.1138,0.172,0.1984,0.1984,jobcannon,adult_online,0.85,Creative / Commercial
jc_0_413,business_professional|cyber_digital|health_care,business_professional|cyber_digital|health_care,Conventional|Investigative,0.1641,0.1953,0.0859,0.1901,0.1562,0.2083,jobcannon,adult_online,0.85,Technical Specialist
jc_0_277,aerospace_manufacturing|health_care|public_sector,aerospace_manufacturing|health_care|public_sector,Social|Realistic,0.2298,0.0726,0.0605,0.2621,0.2218,0.1532,jobcannon,adult_online,0.85,People & Care
jc_0_1295,business_professional|creative_events,business_professional|creative_events,Artistic|Investigative,0.1061,0.197,0.2061,0.197,0.1727,0.1212,jobcannon,adult_online,0.85,Creative / Commercial
jc_0_184,business_professional|education_training|public_sector,business_professional|education_training|public_sector,Conventional|Social,0.0444,0.2071,0.1864,0.2219,0.0888,0.2515,jobcannon,adult_online,0.85,Technical Specialist
jc_0_910,creative_events|cyber_digital,creative_events|cyber_digital,Artistic|Investigative,0.166,0.1853,0.251,0.1274,0.1158,0.1544,jobcannon,adult_online,0.85,Creative / Commercial
jc_0_76,business_professional|hospitality_retail|hospitality_tourism,business_professional|hospitality_retail|hospitality_tourism,Enterprising|Realistic,0.2049,0.0956,0.1639,0.1776,0.2678,0.0902,jobcannon,adult_online,0.85,Creative / Commercial
jc_0_1160,aerospace_manufacturing|business_professional|cyber_digital,aerospace_manufacturing|business_professional|cyber_digital,Investigative|Artistic,0.1578,0.174,0.174,0.1508,0.1694,0.174,jobcannon,adult_online,0.85,Technical Specialist
jc_0_672,business_professional|creative_events|hospitality_retail,business_professional|creative_events|hospitality_retail,Artistic|Enterprising,0.1116,0.1027,0.2455,0.125,0.2143,0.2009,jobcannon,adult_online,0.85,Creative / Commercial
jc_0_682,creative_events|health_care|hospitality_retail,creative_events|health_care|hospitality_retail,Artistic|Social,0.1786,0.102,0.2551,0.1939,0.1786,0.0918,jobcannon,adult_online,0.85,Creative / Commercial
jc_0_806,aerospace_manufacturing|construction_green|creative_events,aerospace_manufacturing|construction_green|creative_events,Realistic|Investigative,0.23,0.1831,0.0939,0.1338,0.1761,0.1831,jobcannon,adult_online,0.85,Hands-on Maker
jc_0_1055,business_professional|creative_events|cyber_digital,business_professional|creative_events|cyber_digital,Artistic|Enterprising,0.1642,0.1244,0.2488,0.0746,0.2139,0.1741,jobcannon,adult_online,0.85,Creative / Commercial
jc_0_51,education_training|health_care,education_training|health_care,Social|Artistic,0.1415,0.0943,0.2201,0.2516,0.1258,0.1667,jobcannon,adult_online,0.85,People & Care
jc_0_244,business_professional|cyber_digital,business_professional|cyber_digital,Investigative|Artistic,0.1776,0.2804,0.1869,0.014,0.1776,0.1636,jobcannon,adult_online,0.85,Technical Specialist
jc_0_912,business_professional|hospitality_retail|hospitality_tourism,business_professional|hospitality_retail|hospitality_tourism,Realistic|Social,0.1833,0.1608,0.1447,0.1704,0.1704,0.1704,jobcannon,adult_online,0.85,Hands-on Maker
jc_0_677,business_professional|cyber_digital,business_professional|cyber_digital,Conventional|Investigative,0.1287,0.2032,0.1693,0.1693,0.1084,0.2212,jobcannon,adult_online,0.85,Technical Specialist
jc_0_382,business_professional|creative_events|hospitality_retail,business_professional|creative_events|hospitality_retail,Artistic|Social,0.0,0.1383,0.3557,0.3557,0.1383,0.0119,jobcannon,adult_online,0.85,Creative / Commercial
jc_0_615,aerospace_manufacturing|construction_green,aerospace_manufacturing|construction_green,Conventional|Realistic,0.1786,0.1518,0.1786,0.1339,0.1674,0.1897,jobcannon,adult_online,0.85,Technical Specialist
jc_0_49,business_professional|public_sector,business_professional|public_sector,Conventional|Social,0.1475,0.1475,0.1563,0.1917,0.1416,0.2153,jobcannon,adult_online,0.85,Technical Specialist
jc_0_799,aerospace_manufacturing|business_professional,aerospace_manufacturing|business_professional,Conventional|Enterprising,0.15,0.1333,0.1333,0.1167,0.2167,0.25,jobcannon,adult_online,0.85,Technical Specialist
jc_0_1245,business_professional|creative_events|hospitality_retail,business_professional|creative_events|hospitality_retail,Artistic|Social,0.1672,0.1735,0.1987,0.1893,0.1672,0.1041,jobcannon,adult_online,0.85,Creative / Commercial
jc_0_1134,business_professional|education_training|public_sector,business_professional|education_training|public_sector,Investigative|Social,0.1415,0.1938,0.1744,0.1841,0.155,0.1512,jobcannon,adult_online,0.85,Technical Specialist
jc_0_1236,business_professional|cyber_digital,business_professional|cyber_digital,Investigative|Conventional,0.1524,0.1905,0.1587,0.1587,0.1587,0.181,jobcannon,adult_online,0.85,Technical Specialist
jc_0_462,business_professional|health_care|public_sector,business_professional|health_care|public_sector,Artistic|Social,0.099,0.2161,0.2474,0.2422,0.0521,0.1432,jobcannon,adult_online,0.85,Creative / Commercial
jc_0_1048,business_professional|creative_events|hospitality_retail,business_professional|creative_events|hospitality_retail,Enterprising|Social,0.1186,0.0988,0.0988,0.2253,0.249,0.2095,jobcannon,adult_online,0.85,Creative / Commercial
jc_0_141,agri_tech_food|business_professional|construction_green,agri_tech_food|business_professional|construction_green,Realistic|Investigative,0.1923,0.1923,0.1573,0.1503,0.1923,0.1154,jobcannon,adult_online,0.85,Hands-on Maker
jc_0_922,aerospace_manufacturing|business_professional|hospitality_tourism,aerospace_manufacturing|business_professional|hospitality_tourism,Conventional|Realistic,0.2131,0.108,0.179,0.1705,0.108,0.2216,jobcannon,adult_online,0.85,Technical Specialist
jc_0_770,education_training|health_care|public_sector,education_training|health_care|public_sector,Social|Investigative,0.0458,0.2746,0.0634,0.3345,0.1937,0.088,jobcannon,adult_online,0.85,People & Care
jc_0_416,business_professional|cyber_digital|public_sector,business_professional|cyber_digital|public_sector,Investigative|Social,0.0174,0.3953,0.1628,0.2616,0.0872,0.0756,jobcannon,adult_online,0.85,Technical Specialist
jc_0_29,creative_events|hospitality_retail|hospitality_tourism,creative_events|hospitality_retail|hospitality_tourism,Artistic|Social,0.1148,0.1675,0.1794,0.1794,0.1794,0.1794,jobcannon,adult_online,0.85,Creative / Commercial
jc_0_1384,business_professional|creative_events|education_training,business_professional|creative_events|education_training,Artistic|Social,0.1421,0.1168,0.2437,0.2284,0.1421,0.1269,jobcannon,adult_online,0.85,Creative / Commercial
jc_0_65,business_professional|hospitality_retail|hospitality_tourism,business_professional|hospitality_retail|hospitality_tourism,Enterprising|Conventional,0.1686,0.1183,0.1183,0.1923,0.2012,0.2012,jobcannon,adult_online,0.85,Creative / Commercial
jc_0_1343,health_care|hospitality_retail|public_sector,health_care|hospitality_retail|public_sector,Social|Enterprising,0.0452,0.0565,0.0847,0.4407,0.2429,0.1299,jobcannon,adult_online,0.85,People & Care
jc_0_175,business_professional|education_training|public_sector,business_professional|education_training|public_sector,Social|Investigative,0.1061,0.1818,0.1364,0.2212,0.1818,0.1727,jobcannon,adult_online,0.85,People & Care
jc_0_904,business_professional|cyber_digital,business_professional|cyber_digital,Investigative|Enterprising,0.165,0.2145,0.0924,0.165,0.1881,0.1749,jobcannon,adult_online,0.85,Technical Specialist
jc_0_618,education_training|health_care|public_sector,education_training|health_care|public_sector,Social|Investigative,0.0305,0.2023,0.1832,0.3435,0.1527,0.0878,jobcannon,adult_online,0.85,People & Care
jc_0_1151,business_professional|creative_events,business_professional|creative_events,Investigative|Artistic,0.1165,0.2033,0.2033,0.1978,0.1762,0.103,jobcannon,adult_online,0.85,Technical Specialist
jc_0_115,aerospace_manufacturing|construction_green|creative_events,aerospace_manufacturing|construction_green|creative_events,Artistic|Investigative,0.177,0.2006,0.2212,0.1121,0.1327,0.1563,jobcannon,adult_online,0.85,Creative / Commercial
jc_0_1078,business_professional|cyber_digital,business_professional|cyber_digital,Investigative|Conventional,0.1473,0.1886,0.1628,0.1628,0.1628,0.1757,jobcannon,adult_online,0.85,Technical Specialist
jc_0_1196,business_professional|creative_events|hospitality_retail,business_professional|creative_events|hospitality_retail,Artistic|Social,0.1661,0.1881,0.2288,0.2194,0.1505,0.047,jobcannon,adult_online,0.85,Creative / Commercial
jc_0_680,business_professional|creative_events|hospitality_retail,business_professional|creative_events|hospitality_retail,Enterprising|Artistic,0.1444,0.1499,0.1907,0.1853,0.1989,0.1308,jobcannon,adult_online,0.85,Creative / Commercial
jc_0_1336,education_training|health_care|public_sector,education_training|health_care|public_sector,Social|Artistic,0.1369,0.1529,0.1815,0.2484,0.1688,0.1115,jobcannon,adult_online,0.85,People & Care
jc_0_420,aerospace_manufacturing|construction_green|cyber_digital,aerospace_manufacturing|construction_green|cyber_digital,Realistic|Investigative,0.1689,0.1689,0.1689,0.1554,0.1689,0.1689,jobcannon,adult_online,0.85,Hands-on Maker
jc_0_1005,aerospace_manufacturing|construction_green|cyber_digital,aerospace_manufacturing|construction_green|cyber_digital,Realistic|Artistic,0.3542,0.1458,0.3385,0.0938,0.0677,0.0,jobcannon,adult_online,0.85,Hands-on Maker
jc_0_358,education_training|health_care|public_sector,education_training|health_care|public_sector,Social|Artistic,0.0678,0.0847,0.2119,0.339,0.1271,0.1695,jobcannon,adult_online,0.85,People & Care
jc_0_583,business_professional|cyber_digital|health_care,business_professional|cyber_digital|health_care,Investigative|Conventional,0.1027,0.4152,0.0223,0.058,0.1339,0.2679,jobcannon,adult_online,0.85,Technical Specialist
jc_0_270,business_professional|education_training|public_sector,business_professional|education_training|public_sector,Social|Enterprising,0.0206,0.2165,0.1546,0.2371,0.2268,0.1443,jobcannon,adult_online,0.85,People & Care
jc_0_350,business_professional|cyber_digital,business_professional|cyber_digital,Investigative|Conventional,0.1698,0.2377,0.0943,0.1132,0.1698,0.2151,jobcannon,adult_online,0.85,Technical Specialist
jc_0_721,creative_events|cyber_digital,creative_events|cyber_digital,Artistic|Investigative,0.105,0.1891,0.3151,0.1891,0.084,0.1176,jobcannon,adult_online,0.85,Creative / Commercial
jc_0_405,business_professional|creative_events|hospitality_retail,business_professional|creative_events|hospitality_retail,Artistic|Social,0.1196,0.11,0.2871,0.2297,0.1675,0.0861,jobcannon,adult_online,0.85,Creative / Commercial
jc_0_834,business_professional|hospitality_retail,business_professional|hospitality_retail,Social|Enterprising,0.0725,0.0628,0.1449,0.3285,0.3285,0.0628,jobcannon,adult_online,0.85,People & Care
jc_0_1270,agri_tech_food|cyber_digital|health_care,agri_tech_food|cyber_digital|health_care,Investigative|Artistic,0.1599,0.1876,0.1663,0.1663,0.1599,0.1599,jobcannon,adult_online,0.85,Technical Specialist
jc_0_274,business_professional|creative_events|hospitality_retail,business_professional|creative_events|hospitality_retail,Enterprising|Realistic,0.1786,0.0804,0.0804,0.1786,0.3482,0.1339,jobcannon,adult_online,0.85,Creative / Commercial
jc_0_322,business_professional|creative_events|hospitality_retail,business_professional|creative_events|hospitality_retail,Artistic|Social,0.1713,0.1028,0.243,0.2181,0.1869,0.0779,jobcannon,adult_online,0.85,Creative / Commercial
jc_0_993,business_professional|cyber_digital,business_professional|cyber_digital,Conventional|Investigative,0.061,0.2154,0.1951,0.1423,0.1545,0.2317,jobcannon,adult_online,0.85,Technical Specialist
jc_0_275,business_professional|cyber_digital|hospitality_retail,business_professional|cyber_digital|hospitality_retail,Investigative|Enterprising,0.1433,0.2328,0.1045,0.1881,0.2179,0.1134,jobcannon,adult_online,0.85,Technical Specialist
jc_0_1081,aerospace_manufacturing|construction_green|creative_events,aerospace_manufacturing|construction_green|creative_events,Investigative|Artistic,0.2124,0.2288,0.2222,0.1307,0.049,0.1569,jobcannon,adult_online,0.85,Technical Specialist
jc_0_220,business_professional|education_training|health_care,business_professional|education_training|health_care,Conventional|Social,0.1254,0.1662,0.1458,0.1895,0.1399,0.2332,jobcannon,adult_online,0.85,Technical Specialist
jc_0_316,business_professional|creative_events,business_professional|creative_events,Artistic|Social,0.094,0.1913,0.2517,0.2181,0.151,0.094,jobcannon,adult_online,0.85,Creative / Commercial
jc_0_428,business_professional|health_care|hospitality_retail,business_professional|health_care|hospitality_retail,Social|Enterprising,0.1462,0.1316,0.1023,0.2632,0.1901,0.1667,jobcannon,adult_online,0.85,People & Care
jc_0_1066,business_professional|hospitality_retail|hospitality_tourism,business_professional|hospitality_retail|hospitality_tourism,Enterprising|Social,0.1089,0.043,0.2006,0.2292,0.2378,0.1805,jobcannon,adult_online,0.85,Creative / Commercial
jc_0_70,education_training|hospitality_retail|public_sector,education_training|hospitality_retail|public_sector,Social|Enterprising,0.1348,0.1348,0.1489,0.2317,0.2009,0.1489,jobcannon,adult_online,0.85,People & Care
jc_0_15,business_professional|creative_events|hospitality_retail,business_professional|creative_events|hospitality_retail,Artistic|Social,0.1057,0.1302,0.2285,0.2088,0.1597,0.1671,jobcannon,adult_online,0.85,Creative / Commercial
jc_0_453,business_professional|construction_green|hospitality_retail,business_professional|construction_green|hospitality_retail,Enterprising|Realistic,0.1717,0.1631,0.1416,0.1288,0.2446,0.1502,jobcannon,adult_online,0.85,Creative / Commercial
jc_0_953,aerospace_manufacturing|construction_green|creative_events,aerospace_manufacturing|construction_green|creative_events,Artistic|Conventional,0.1677,0.1741,0.2152,0.1266,0.1361,0.1804,jobcannon,adult_online,0.85,Creative / Commercial
jc_0_706,aerospace_manufacturing|business_professional|cyber_digital,aerospace_manufacturing|business_professional|cyber_digital,Investigative|Enterprising,0.1644,0.2252,0.1081,0.0968,0.2027,0.2027,jobcannon,adult_online,0.85,Technical Specialist
jc_0_1405,business_professional|creative_events|hospitality_tourism,business_professional|creative_events|hospitality_tourism,Social|Enterprising,0.0227,0.15,0.1818,0.2727,0.2591,0.1136,jobcannon,adult_online,0.85,People & Care
jc_0_759,business_professional|creative_events|hospitality_retail,business_professional|creative_events|hospitality_retail,Enterprising|Artistic,0.1658,0.1148,0.199,0.1454,0.2296,0.1454,jobcannon,adult_online,0.85,Creative / Commercial
jc_0_634,aerospace_manufacturing|construction_green,aerospace_manufacturing|construction_green,Realistic|Conventional,0.2136,0.1627,0.1627,0.1525,0.1288,0.1797,jobcannon,adult_online,0.85,Hands-on Maker
jc_0_1217,aerospace_manufacturing|health_care|public_sector,aerospace_manufacturing|health_care|public_sector,Social|Realistic,0.2201,0.2046,0.0965,0.2432,0.1274,0.1081,jobcannon,adult_online,0.85,People & Care
jc_0_1110,creative_events|cyber_digital|public_sector,creative_events|cyber_digital|public_sector,Artistic|Social,0.1222,0.1932,0.2273,0.1989,0.108,0.1506,jobcannon,adult_online,0.85,Creative / Commercial
jc_0_380,education_training|health_care|public_sector,education_training|health_care|public_sector,Social|Artistic,0.1,0.1217,0.2087,0.3609,0.1217,0.087,jobcannon,adult_online,0.85,People & Care
jc_0_1263,education_training|health_care|public_sector,education_training|health_care|public_sector,Social|Enterprising,0.1389,0.1528,0.1389,0.2454,0.1852,0.1389,jobcannon,adult_online,0.85,People & Care
jc_0_861,health_care,health_care,Social|Investigative,0.1374,0.1917,0.0799,0.2396,0.1757,0.1757,jobcannon,adult_online,0.85,People & Care
jc_0_1212,business_professional|creative_events|hospitality_retail,business_professional|creative_events|hospitality_retail,Enterprising|Social,0.0822,0.137,0.1735,0.242,0.2603,0.105,jobcannon,adult_online,0.85,Creative / Commercial
jc_0_332,agri_tech_food|cyber_digital,agri_tech_food|cyber_digital,Investigative|Enterprising,0.1454,0.2335,0.1674,0.1322,0.2115,0.1101,jobcannon,adult_online,0.85,Technical Specialist
jc_0_203,cyber_digital|education_training|public_sector,cyber_digital|education_training|public_sector,Investigative|Social,0.119,0.1948,0.158,0.1905,0.1688,0.1688,jobcannon,adult_online,0.85,Technical Specialist
jc_0_1451,education_training|health_care|public_sector,education_training|health_care|public_sector,Social|Artistic,0.1155,0.152,0.228,0.2523,0.1459,0.1064,jobcannon,adult_online,0.85,People & Care
jc_0_1410,business_professional|cyber_digital|health_care,business_professional|cyber_digital|health_care,Artistic|Conventional,0.0628,0.2319,0.256,0.0242,0.1691,0.256,jobcannon,adult_online,0.85,Creative / Commercial
jc_0_427,aerospace_manufacturing|construction_green,aerospace_manufacturing|construction_green,Conventional|Realistic,0.1796,0.1587,0.1587,0.1437,0.1647,0.1946,jobcannon,adult_online,0.85,Technical Specialist
jc_0_836,aerospace_manufacturing|business_professional|construction_green,aerospace_manufacturing|business_professional|construction_green,Conventional|Enterprising,0.1448,0.1684,0.0774,0.1616,0.1785,0.2694,jobcannon,adult_online,0.85,Technical Specialist
jc_0_552,business_professional|health_care|hospitality_retail,business_professional|health_care|hospitality_retail,Enterprising|Social,0.1141,0.1255,0.1521,0.2167,0.2395,0.1521,jobcannon,adult_online,0.85,Creative / Commercial
jc_0_433,agri_tech_food|construction_green|public_sector,agri_tech_food|construction_green|public_sector,Realistic|Investigative,0.1932,0.1847,0.1506,0.1506,0.1705,0.1506,jobcannon,adult_online,0.85,Hands-on Maker
jc_0_198,aerospace_manufacturing|construction_green|health_care,aerospace_manufacturing|construction_green|health_care,Realistic|Enterprising,0.2203,0.1412,0.1695,0.0989,0.2203,0.1497,jobcannon,adult_online,0.85,Hands-on Maker
jc_0_1198,creative_events|hospitality_retail,creative_events|hospitality_retail,Artistic|Realistic,0.1722,0.1415,0.2193,0.1722,0.1533,0.1415,jobcannon,adult_online,0.85,Creative / Commercial
jc_0_714,aerospace_manufacturing|construction_green|cyber_digital,aerospace_manufacturing|construction_green|cyber_digital,Conventional|Investigative,0.1987,0.2303,0.1514,0.0726,0.1104,0.2366,jobcannon,adult_online,0.85,Technical Specialist
jc_0_415,agri_tech_food|cyber_digital|health_care,agri_tech_food|cyber_digital|health_care,Investigative|Conventional,0.1748,0.2902,0.1049,0.1748,0.0699,0.1853,jobcannon,adult_online,0.85,Technical Specialist
jc_0_43,education_training|health_care|public_sector,education_training|health_care|public_sector,Social|Investigative,0.1509,0.1832,0.1724,0.1897,0.1573,0.1466,jobcannon,adult_online,0.85,People & Care
jc_0_855,business_professional|creative_events|hospitality_retail,business_professional|creative_events|hospitality_retail,Artistic|Social,0.1242,0.1491,0.2888,0.264,0.1491,0.0248,jobcannon,adult_online,0.85,Creative / Commercial
jc_0_398,construction_green|creative_events,construction_green|creative_events,Artistic|Realistic,0.1894,0.1591,0.2146,0.1338,0.1389,0.1641,jobcannon,adult_online,0.85,Creative / Commercial
jc_0_231,business_professional|creative_events|hospitality_retail,business_professional|creative_events|hospitality_retail,Social|Artistic,0.0616,0.1712,0.2158,0.2329,0.2158,0.1027,jobcannon,adult_online,0.85,People & Care
jc_0_1101,aerospace_manufacturing|construction_green,aerospace_manufacturing|construction_green,Realistic|Enterprising,0.3259,0.1339,0.067,0.0893,0.2143,0.1696,jobcannon,adult_online,0.85,Hands-on Maker
jc_0_101,business_professional|hospitality_retail|hospitality_tourism,business_professional|hospitality_retail|hospitality_tourism,Enterprising|Realistic,0.2298,0.0202,0.0927,0.1815,0.2823,0.1935,jobcannon,adult_online,0.85,Creative / Commercial
jc_0_881,creative_events,creative_events,Artistic|Investigative,0.1386,0.1634,0.2624,0.1634,0.1238,0.1485,jobcannon,adult_online,0.85,Creative / Commercial
jc_0_1166,creative_events,creative_events,Artistic|Realistic,0.1613,0.1541,0.2437,0.1613,0.1613,0.1183,jobcannon,adult_online,0.85,Creative / Commercial
jc_0_905,aerospace_manufacturing|agri_tech_food|cyber_digital,aerospace_manufacturing|agri_tech_food|cyber_digital,Investigative|Artistic,0.1295,0.3627,0.1813,0.0674,0.1813,0.0777,jobcannon,adult_online,0.85,Technical Specialist
jc_0_1309,business_professional|cyber_digital|hospitality_retail,business_professional|cyber_digital|hospitality_retail,Investigative|Artistic,0.1053,0.2022,0.1801,0.1745,0.1801,0.1579,jobcannon,adult_online,0.85,Technical Specialist
jc_0_381,business_professional|creative_events|hospitality_retail,business_professional|creative_events|hospitality_retail,Artistic|Social,0.1007,0.1367,0.2626,0.205,0.205,0.0899,jobcannon,adult_online,0.85,Creative / Commercial
jc_0_1116,business_professional|creative_events|public_sector,business_professional|creative_events|public_sector,Investigative|Artistic,0.1271,0.2174,0.2007,0.2007,0.1438,0.1104,jobcannon,adult_online,0.85,Technical Specialist
jc_0_807,agri_tech_food|health_care|public_sector,agri_tech_food|health_care|public_sector,Investigative|Social,0.2068,0.3008,0.0376,0.2632,0.1053,0.0865,jobcannon,adult_online,0.85,Technical Specialist
jc_0_128,aerospace_manufacturing|construction_green|creative_events,aerospace_manufacturing|construction_green|creative_events,Artistic|Investigative,0.1587,0.2509,0.2583,0.0738,0.0185,0.2399,jobcannon,adult_online,0.85,Creative / Commercial
jc_0_528,business_professional|health_care|hospitality_tourism,business_professional|health_care|hospitality_tourism,Conventional|Artistic,0.0861,0.0662,0.2649,0.1656,0.1192,0.298,jobcannon,adult_online,0.85,Technical Specialist
jc_0_908,business_professional|education_training|public_sector,business_professional|education_training|public_sector,Artistic|Social,0.1214,0.1766,0.1876,0.1876,0.1722,0.1545,jobcannon,adult_online,0.85,Creative / Commercial
jc_0_650,business_professional|creative_events,business_professional|creative_events,Conventional|Artistic,0.0568,0.1223,0.2402,0.131,0.1878,0.262,jobcannon,adult_online,0.85,Technical Specialist
jc_0_1445,business_professional|cyber_digital|education_training,business_professional|cyber_digital|education_training,Investigative|Artistic,0.0886,0.2627,0.1804,0.1804,0.1677,0.1203,jobcannon,adult_online,0.85,Technical Specialist
jc_0_1216,aerospace_manufacturing|health_care|public_sector,aerospace_manufacturing|health_care|public_sector,Social|Realistic,0.2201,0.2046,0.0965,0.2432,0.1274,0.1081,jobcannon,adult_online,0.85,People & Care
jc_0_247,business_professional|hospitality_retail,business_professional|hospitality_retail,Enterprising|Social,0.1655,0.1348,0.1608,0.1773,0.2128,0.1489,jobcannon,adult_online,0.85,Creative / Commercial
jc_0_527,business_professional|creative_events|cyber_digital,business_professional|creative_events|cyber_digital,Enterprising|Investigative,0.1133,0.2104,0.1553,0.123,0.2265,0.1715,jobcannon,adult_online,0.85,Creative / Commercial
jc_0_354,business_professional|creative_events|cyber_digital,business_professional|creative_events|cyber_digital,Artistic|Conventional,0.1875,0.0568,0.3011,0.0568,0.1136,0.2841,jobcannon,adult_online,0.85,Creative / Commercial
jc_0_1291,aerospace_manufacturing|construction_green,aerospace_manufacturing|construction_green,Artistic|Conventional,0.1923,0.1846,0.2038,0.1269,0.0885,0.2038,jobcannon,adult_online,0.85,Creative / Commercial
jc_0_588,business_professional|creative_events|cyber_digital,business_professional|creative_events|cyber_digital,Artistic|Social,0.1297,0.1945,0.2321,0.2048,0.1706,0.0683,jobcannon,adult_online,0.85,Creative / Commercial
jc_0_339,business_professional|creative_events|hospitality_retail,business_professional|creative_events|hospitality_retail,Enterprising|Social,0.1659,0.0853,0.109,0.237,0.2844,0.1185,jobcannon,adult_online,0.85,Creative / Commercial
jc_0_1031,business_professional|creative_events|hospitality_retail,business_professional|creative_events|hospitality_retail,Social|Enterprising,0.0444,0.2,0.0444,0.2667,0.2444,0.2,jobcannon,adult_online,0.85,People & Care
jc_0_261,business_professional|creative_events|hospitality_retail,business_professional|creative_events|hospitality_retail,Artistic|Social,0.1222,0.1447,0.2508,0.209,0.1447,0.1286,jobcannon,adult_online,0.85,Creative / Commercial
jc_0_439,business_professional|education_training|public_sector,business_professional|education_training|public_sector,Social|Artistic,0.0693,0.1254,0.2277,0.2574,0.2112,0.1089,jobcannon,adult_online,0.85,People & Care
jc_0_481,aerospace_manufacturing|agri_tech_food|health_care,aerospace_manufacturing|agri_tech_food|health_care,Investigative|Enterprising,0.2067,0.274,0.0721,0.1683,0.2163,0.0625,jobcannon,adult_online,0.85,Technical Specialist
jc_0_309,business_professional|hospitality_retail,business_professional|hospitality_retail,Enterprising|Investigative,0.1439,0.2083,0.0871,0.1629,0.2462,0.1515,jobcannon,adult_online,0.85,Creative / Commercial
jc_0_163,business_professional|cyber_digital|public_sector,business_professional|cyber_digital|public_sector,Investigative|Artistic,0.1538,0.1754,0.1692,0.1692,0.1631,0.1692,jobcannon,adult_online,0.85,Technical Specialist
jc_0_736,business_professional|education_training|health_care,business_professional|education_training|health_care,Investigative|Social,0.1255,0.2218,0.2008,0.2092,0.1381,0.1046,jobcannon,adult_online,0.85,Technical Specialist
jc_0_598,business_professional|creative_events|cyber_digital,business_professional|creative_events|cyber_digital,Artistic|Conventional,0.1144,0.1741,0.2239,0.0896,0.1741,0.2239,jobcannon,adult_online,0.85,Creative / Commercial
jc_0_1446,business_professional|cyber_digital|hospitality_retail,business_professional|cyber_digital|hospitality_retail,Enterprising|Conventional,0.1007,0.1079,0.0827,0.1439,0.3597,0.205,jobcannon,adult_online,0.85,Creative / Commercial
jc_0_1423,business_professional|creative_events|hospitality_retail,business_professional|creative_events|hospitality_retail,Artistic|Enterprising,0.0882,0.1225,0.2451,0.1863,0.2108,0.1471,jobcannon,adult_online,0.85,Creative / Commercial
jc_0_239,health_care|hospitality_retail|hospitality_tourism,health_care|hospitality_retail|hospitality_tourism,Social|Enterprising,0.1897,0.103,0.1762,0.2033,0.1978,0.1301,jobcannon,adult_online,0.85,People & Care
jc_0_1299,education_training|hospitality_retail|hospitality_tourism,education_training|hospitality_retail|hospitality_tourism,Social|Enterprising,0.1149,0.0287,0.2011,0.3621,0.2471,0.046,jobcannon,adult_online,0.85,People & Care
jc_0_1393,education_training|health_care|public_sector,education_training|health_care|public_sector,Social|Artistic,0.1613,0.1114,0.1848,0.2346,0.1466,0.1613,jobcannon,adult_online,0.85,People & Care
jc_0_1083,aerospace_manufacturing|construction_green|cyber_digital,aerospace_manufacturing|construction_green|cyber_digital,Conventional|Investigative,0.1915,0.1976,0.1216,0.1459,0.1368,0.2067,jobcannon,adult_online,0.85,Technical Specialist
jc_0_1356,education_training|hospitality_retail|public_sector,education_training|hospitality_retail|public_sector,Social|Enterprising,0.1036,0.1036,0.1261,0.3063,0.2477,0.1126,jobcannon,adult_online,0.85,People & Care
jc_0_1406,creative_events|cyber_digital,creative_events|cyber_digital,Artistic|Investigative,0.0598,0.251,0.3307,0.1594,0.1394,0.0598,jobcannon,adult_online,0.85,Creative / Commercial
jc_0_1329,education_training|health_care|public_sector,education_training|health_care|public_sector,Social|Artistic,0.0515,0.1186,0.232,0.3608,0.1701,0.067,jobcannon,adult_online,0.85,People & Care
jc_0_423,business_professional|hospitality_retail,business_professional|hospitality_retail,Social|Enterprising,0.1162,0.083,0.1245,0.2822,0.2697,0.1245,jobcannon,adult_online,0.85,People & Care
jc_0_429,aerospace_manufacturing|construction_green|health_care,aerospace_manufacturing|construction_green|health_care,Realistic|Conventional,0.2248,0.196,0.0865,0.1095,0.1816,0.2017,jobcannon,adult_online,0.85,Hands-on Maker
jc_0_1115,business_professional|health_care|hospitality_tourism,business_professional|health_care|hospitality_tourism,Social|Conventional,0.1519,0.1519,0.1576,0.2006,0.1576,0.1805,jobcannon,adult_online,0.85,People & Care
jc_0_1106,business_professional|creative_events,business_professional|creative_events,Artistic|Investigative,0.1651,0.1722,0.1769,0.1651,0.1722,0.1486,jobcannon,adult_online,0.85,Creative / Commercial
jc_0_430,education_training|health_care|public_sector,education_training|health_care|public_sector,Social|Investigative,0.0957,0.2297,0.1435,0.3254,0.1818,0.0239,jobcannon,adult_online,0.85,People & Care
jc_0_1307,creative_events|hospitality_retail,creative_events|hospitality_retail,Artistic|Social,0.1448,0.1093,0.2541,0.1721,0.1639,0.1557,jobcannon,adult_online,0.85,Creative / Commercial
jc_0_813,business_professional|construction_green|hospitality_retail,business_professional|construction_green|hospitality_retail,Enterprising|Realistic,0.2194,0.0408,0.1661,0.1661,0.2288,0.1787,jobcannon,adult_online,0.85,Creative / Commercial
jc_0_1036,health_care|public_sector,health_care|public_sector,Social|Realistic,0.1795,0.1538,0.1538,0.2051,0.1282,0.1795,jobcannon,adult_online,0.85,People & Care
jc_0_535,construction_green|creative_events|cyber_digital,construction_green|creative_events|cyber_digital,Artistic|Realistic,0.2023,0.1387,0.2254,0.1301,0.1445,0.159,jobcannon,adult_online,0.85,Creative / Commercial
jc_0_1094,aerospace_manufacturing|construction_green,aerospace_manufacturing|construction_green,Realistic|Investigative,0.1873,0.1791,0.1653,0.1377,0.1515,0.1791,jobcannon,adult_online,0.85,Hands-on Maker
jc_0_30,aerospace_manufacturing|construction_green,aerospace_manufacturing|construction_green,Realistic|Social,0.2063,0.1683,0.1746,0.181,0.0889,0.181,jobcannon,adult_online,0.85,Hands-on Maker
jc_0_56,business_professional|cyber_digital,business_professional|cyber_digital,Investigative|Enterprising,0.1675,0.1866,0.1675,0.1316,0.1794,0.1675,jobcannon,adult_online,0.85,Technical Specialist
jc_0_1174,education_training|health_care|public_sector,education_training|health_care|public_sector,Social|Enterprising,0.1343,0.1582,0.1582,0.2328,0.1881,0.1284,jobcannon,adult_online,0.85,People & Care
jc_0_351,business_professional|construction_green|hospitality_retail,business_professional|construction_green|hospitality_retail,Conventional|Realistic,0.3571,0.0,0.0,0.1071,0.0,0.5357,jobcannon,adult_online,0.85,Technical Specialist
jc_0_781,aerospace_manufacturing|business_professional|construction_green,aerospace_manufacturing|business_professional|construction_green,Conventional|Artistic,0.1649,0.1546,0.189,0.1031,0.1649,0.2234,jobcannon,adult_online,0.85,Technical Specialist
jc_0_584,aerospace_manufacturing|construction_green|hospitality_tourism,aerospace_manufacturing|construction_green|hospitality_tourism,Realistic|Enterprising,0.1983,0.1458,0.1545,0.1662,0.1749,0.1603,jobcannon,adult_online,0.85,Hands-on Maker
jc_0_1035,agri_tech_food|education_training|health_care,agri_tech_food|education_training|health_care,Social|Realistic,0.1805,0.1805,0.1692,0.188,0.1316,0.1504,jobcannon,adult_online,0.85,People & Care
jc_0_1394,construction_green|hospitality_tourism|public_sector,construction_green|hospitality_tourism|public_sector,Realistic|Social,0.2395,0.1331,0.0951,0.2167,0.1711,0.1445,jobcannon,adult_online,0.85,Hands-on Maker
jc_0_490,aerospace_manufacturing|business_professional|cyber_digital,aerospace_manufacturing|business_professional|cyber_digital,Conventional|Investigative,0.1661,0.2132,0.1567,0.1567,0.0564,0.2508,jobcannon,adult_online,0.85,Technical Specialist
jc_0_353,agri_tech_food|cyber_digital|health_care,agri_tech_food|cyber_digital|health_care,Investigative|Social,0.1157,0.338,0.0926,0.2315,0.1157,0.1065,jobcannon,adult_online,0.85,Technical Specialist
jc_0_591,business_professional|cyber_digital|health_care,business_professional|cyber_digital|health_care,Investigative|Conventional,0.1442,0.2821,0.1603,0.1538,0.0577,0.2019,jobcannon,adult_online,0.85,Technical Specialist
jc_0_306,creative_events|cyber_digital|health_care,creative_events|cyber_digital|health_care,Artistic|Investigative,0.1348,0.1887,0.2237,0.1617,0.1698,0.1213,jobcannon,adult_online,0.85,Creative / Commercial
jc_0_903,business_professional|education_training|public_sector,business_professional|education_training|public_sector,Investigative|Artistic,0.0679,0.2398,0.2262,0.2262,0.1041,0.1357,jobcannon,adult_online,0.85,Technical Specialist
jc_0_99,business_professional|health_care|hospitality_retail,business_professional|health_care|hospitality_retail,Social|Artistic,0.1209,0.0882,0.2015,0.2469,0.1587,0.1839,jobcannon,adult_online,0.85,People & Care
jc_0_271,creative_events|hospitality_tourism,creative_events|hospitality_tourism,Artistic|Realistic,0.1648,0.1533,0.2682,0.1533,0.0958,0.1648,jobcannon,adult_online,0.85,Creative / Commercial
jc_0_596,business_professional|cyber_digital|health_care,business_professional|cyber_digital|health_care,Conventional|Investigative,0.1624,0.201,0.0773,0.1933,0.1469,0.2191,jobcannon,adult_online,0.85,Technical Specialist
jc_0_882,business_professional|education_training|public_sector,business_professional|education_training|public_sector,Social|Enterprising,0.1163,0.189,0.0814,0.2413,0.1977,0.1744,jobcannon,adult_online,0.85,People & Care
jc_0_1251,business_professional|creative_events|hospitality_tourism,business_professional|creative_events|hospitality_tourism,Artistic|Investigative,0.0865,0.196,0.2536,0.1873,0.1816,0.0951,jobcannon,adult_online,0.85,Creative / Commercial
jc_0_1018,business_professional|cyber_digital,business_professional|cyber_digital,Conventional|Investigative,0.035,0.3147,0.0,0.1399,0.0559,0.4545,jobcannon,adult_online,0.85,Technical Specialist
jc_0_705,education_training|hospitality_retail|public_sector,education_training|hospitality_retail|public_sector,Social|Enterprising,0.0841,0.1869,0.1168,0.2336,0.2009,0.1776,jobcannon,adult_online,0.85,People & Care
jc_0_597,creative_events|cyber_digital,creative_events|cyber_digital,Artistic|Enterprising,0.1056,0.1585,0.257,0.0986,0.1937,0.1866,jobcannon,adult_online,0.85,Creative / Commercial
jc_0_756,education_training|health_care|public_sector,education_training|health_care|public_sector,Social|Artistic,0.1316,0.1053,0.1974,0.3289,0.1053,0.1316,jobcannon,adult_online,0.85,People & Care
jc_0_1068,business_professional|creative_events|hospitality_tourism,business_professional|creative_events|hospitality_tourism,Artistic|Social,0.1223,0.0217,0.2582,0.231,0.231,0.1359,jobcannon,adult_online,0.85,Creative / Commercial
jc_0_1428,aerospace_manufacturing|construction_green|cyber_digital,aerospace_manufacturing|construction_green|cyber_digital,Investigative|Realistic,0.2078,0.2468,0.1429,0.0866,0.1212,0.1948,jobcannon,adult_online,0.85,Technical Specialist
jc_0_1065,business_professional|creative_events|health_care,business_professional|creative_events|health_care,Artistic|Social,0.1267,0.1267,0.21,0.21,0.15,0.1767,jobcannon,adult_online,0.85,Creative / Commercial
jc_0_1287,business_professional|creative_events|hospitality_retail,business_professional|creative_events|hospitality_retail,Artistic|Enterprising,0.1013,0.1454,0.2203,0.1101,0.2115,0.2115,jobcannon,adult_online,0.85,Creative / Commercial
jc_0_570,aerospace_manufacturing|business_professional|creative_events,aerospace_manufacturing|business_professional|creative_events,Artistic|Investigative,0.0412,0.2469,0.3086,0.144,0.0123,0.2469,jobcannon,adult_online,0.85,Creative / Commercial
jc_0_1029,business_professional|hospitality_retail,business_professional|hospitality_retail,Enterprising|Conventional,0.1818,0.0802,0.0749,0.1738,0.262,0.2273,jobcannon,adult_online,0.85,Creative / Commercial
jc_0_1007,agri_tech_food|cyber_digital|health_care,agri_tech_food|cyber_digital|health_care,Investigative|Social,0.1622,0.1892,0.1486,0.1757,0.1622,0.1622,jobcannon,adult_online,0.85,Technical Specialist
jc_0_289,business_professional|creative_events|hospitality_retail,business_professional|creative_events|hospitality_retail,Investigative|Enterprising,0.0931,0.2074,0.1862,0.1463,0.2074,0.1596,jobcannon,adult_online,0.85,Technical Specialist
jc_0_590,business_professional|education_training|hospitality_retail,business_professional|education_training|hospitality_retail,Social|Investigative,0.0,0.2679,0.0,0.3214,0.2679,0.1429,jobcannon,adult_online,0.85,People & Care
jc_0_208,business_professional|cyber_digital,business_professional|cyber_digital,Investigative|Artistic,0.1471,0.2059,0.1797,0.1471,0.1405,0.1797,jobcannon,adult_online,0.85,Technical Specialist
jc_0_532,aerospace_manufacturing|business_professional|construction_green,aerospace_manufacturing|business_professional|construction_green,Conventional|Enterprising,0.0476,0.0,0.0,0.0,0.3968,0.5556,jobcannon,adult_online,0.85,Technical Specialist
jc_0_733,business_professional|health_care|hospitality_tourism,business_professional|health_care|hospitality_tourism,Artistic|Conventional,0.0577,0.1122,0.234,0.2083,0.1538,0.234,jobcannon,adult_online,0.85,Creative / Commercial
jc_0_324,business_professional|health_care|public_sector,business_professional|health_care|public_sector,Social|Investigative,0.1169,0.2208,0.1818,0.2468,0.1948,0.039,jobcannon,adult_online,0.85,People & Care
jc_0_237,aerospace_manufacturing|business_professional|hospitality_retail,aerospace_manufacturing|business_professional|hospitality_retail,Conventional|Realistic,0.1698,0.1327,0.1636,0.1543,0.1636,0.216,jobcannon,adult_online,0.85,Technical Specialist
jc_0_1155,creative_events|education_training|health_care,creative_events|education_training|health_care,Social|Artistic,0.1595,0.1429,0.1894,0.2159,0.1262,0.1661,jobcannon,adult_online,0.85,People & Care
jc_0_534,aerospace_manufacturing|construction_green|creative_events,aerospace_manufacturing|construction_green|creative_events,Realistic|Artistic,0.2393,0.138,0.2086,0.092,0.1748,0.1472,jobcannon,adult_online,0.85,Hands-on Maker
jc_0_945,aerospace_manufacturing|business_professional,aerospace_manufacturing|business_professional,Enterprising|Conventional,0.0418,0.2092,0.1255,0.1172,0.2845,0.2218,jobcannon,adult_online,0.85,Creative / Commercial
jc_0_23,aerospace_manufacturing|business_professional|hospitality_retail,aerospace_manufacturing|business_professional|hospitality_retail,Conventional|Enterprising,0.0633,0.1652,0.1086,0.2149,0.2217,0.2262,jobcannon,adult_online,0.85,Technical Specialist
jc_0_107,business_professional|health_care|hospitality_retail,business_professional|health_care|hospitality_retail,Enterprising|Realistic,0.1791,0.1231,0.1045,0.1791,0.2351,0.1791,jobcannon,adult_online,0.85,Creative / Commercial
jc_0_1424,business_professional|creative_events|hospitality_retail,business_professional|creative_events|hospitality_retail,Artistic|Enterprising,0.0882,0.1225,0.2451,0.1863,0.2108,0.1471,jobcannon,adult_online,0.85,Creative / Commercial
jc_0_1387,business_professional|creative_events|hospitality_tourism,business_professional|creative_events|hospitality_tourism,Artistic|Social,0.1067,0.152,0.2,0.1947,0.1867,0.16,jobcannon,adult_online,0.85,Creative / Commercial
jc_0_973,education_training|health_care|public_sector,education_training|health_care|public_sector,Social|Investigative,0.1384,0.1903,0.173,0.2353,0.1488,0.1142,jobcannon,adult_online,0.85,People & Care
jc_0_1128,business_professional|health_care|public_sector,business_professional|health_care|public_sector,Social|Investigative,0.159,0.1743,0.1743,0.1852,0.1373,0.1699,jobcannon,adult_online,0.85,People & Care
jc_0_1131,business_professional|creative_events|hospitality_tourism,business_professional|creative_events|hospitality_tourism,Artistic|Conventional,0.151,0.1563,0.1776,0.1687,0.1687,0.1776,jobcannon,adult_online,0.85,Creative / Commercial
jc_0_737,business_professional|education_training|public_sector,business_professional|education_training|public_sector,Social|Artistic,0.1039,0.157,0.2005,0.2246,0.1812,0.1329,jobcannon,adult_online,0.85,People & Care
jc_0_1173,business_professional|creative_events|hospitality_retail,business_professional|creative_events|hospitality_retail,Artistic|Social,0.1655,0.1474,0.1927,0.1769,0.1701,0.1474,jobcannon,adult_online,0.85,Creative / Commercial
jc_0_701,business_professional|hospitality_retail|hospitality_tourism,business_professional|hospitality_retail|hospitality_tourism,Social|Enterprising,0.1592,0.1429,0.1694,0.1796,0.1796,0.1694,jobcannon,adult_online,0.85,People & Care
jc_0_772,aerospace_manufacturing|construction_green|cyber_digital,aerospace_manufacturing|construction_green|cyber_digital,Investigative|Conventional,0.2107,0.2508,0.0769,0.1271,0.0836,0.2508,jobcannon,adult_online,0.85,Technical Specialist
jc_0_670,business_professional|health_care|hospitality_retail,business_professional|health_care|hospitality_retail,Conventional|Enterprising,0.1256,0.0807,0.148,0.1928,0.2152,0.2377,jobcannon,adult_online,0.85,Technical Specialist
jc_0_233,creative_events|health_care|hospitality_retail,creative_events|health_care|hospitality_retail,Artistic|Enterprising,0.1613,0.0806,0.3548,0.1008,0.3024,0.0,jobcannon,adult_online,0.85,Creative / Commercial
jc_0_1013,business_professional|creative_events|education_training,business_professional|creative_events|education_training,Social|Artistic,0.0936,0.1271,0.2274,0.2341,0.1672,0.1505,jobcannon,adult_online,0.85,People & Care
jc_0_196,business_professional|cyber_digital|education_training,business_professional|cyber_digital|education_training,Investigative|Artistic,0.1411,0.2298,0.1815,0.1815,0.1129,0.1532,jobcannon,adult_online,0.85,Technical Specialist
jc_0_1222,creative_events|hospitality_retail,creative_events|hospitality_retail,Artistic|Social,0.1429,0.0,0.3827,0.2449,0.1276,0.102,jobcannon,adult_online,0.85,Creative / Commercial
jc_0_81,business_professional|hospitality_retail|hospitality_tourism,business_professional|hospitality_retail|hospitality_tourism,Conventional|Social,0.1637,0.0446,0.1875,0.1935,0.1488,0.2619,jobcannon,adult_online,0.85,Technical Specialist
jc_0_111,business_professional|creative_events|cyber_digital,business_professional|creative_events|cyber_digital,Conventional|Investigative,0.1493,0.2257,0.1979,0.0694,0.1215,0.2361,jobcannon,adult_online,0.85,Technical Specialist
jc_0_1239,aerospace_manufacturing|creative_events|cyber_digital,aerospace_manufacturing|creative_events|cyber_digital,Artistic|Investigative,0.1532,0.211,0.2168,0.1301,0.1243,0.1647,jobcannon,adult_online,0.85,Creative / Commercial
jc_0_1316,business_professional|hospitality_retail|hospitality_tourism,business_professional|hospitality_retail|hospitality_tourism,Conventional|Social,0.159,0.1172,0.1046,0.2092,0.1799,0.2301,jobcannon,adult_online,0.85,Technical Specialist
jc_0_934,aerospace_manufacturing|agri_tech_food|construction_green,aerospace_manufacturing|agri_tech_food|construction_green,Realistic|Social,0.3559,0.1299,0.1299,0.1695,0.113,0.1017,jobcannon,adult_online,0.85,Hands-on Maker
jc_0_344,business_professional|construction_green|hospitality_retail,business_professional|construction_green|hospitality_retail,Conventional|Realistic,0.2288,0.1242,0.0817,0.1569,0.1471,0.2614,jobcannon,adult_online,0.85,Technical Specialist
jc_0_1228,creative_events|hospitality_retail,creative_events|hospitality_retail,Artistic|Realistic,0.1829,0.1372,0.2287,0.1677,0.1524,0.1311,jobcannon,adult_online,0.85,Creative / Commercial
jc_0_622,business_professional|hospitality_retail|hospitality_tourism,business_professional|hospitality_retail|hospitality_tourism,Enterprising|Artistic,0.1179,0.0821,0.2036,0.1607,0.2321,0.2036,jobcannon,adult_online,0.85,Creative / Commercial
jc_0_567,business_professional|cyber_digital,business_professional|cyber_digital,Conventional|Enterprising,0.1325,0.1755,0.1755,0.0927,0.1987,0.2252,jobcannon,adult_online,0.85,Technical Specialist
jc_0_1108,business_professional|creative_events|education_training,business_professional|creative_events|education_training,Investigative|Social,0.1603,0.2128,0.1662,0.1837,0.1749,0.102,jobcannon,adult_online,0.85,Technical Specialist
jc_0_900,creative_events|hospitality_retail,creative_events|hospitality_retail,Artistic|Enterprising,0.1624,0.1225,0.2564,0.151,0.208,0.0997,jobcannon,adult_online,0.85,Creative / Commercial
jc_0_1079,aerospace_manufacturing|agri_tech_food|construction_green,aerospace_manufacturing|agri_tech_food|construction_green,Realistic|Artistic,0.2097,0.1613,0.1839,0.171,0.1129,0.1613,jobcannon,adult_online,0.85,Hands-on Maker
jc_0_365,business_professional|creative_events|hospitality_tourism,business_professional|creative_events|hospitality_tourism,Conventional|Artistic,0.0106,0.117,0.2482,0.0816,0.2128,0.3298,jobcannon,adult_online,0.85,Technical Specialist
jc_0_986,business_professional|cyber_digital|health_care,business_professional|cyber_digital|health_care,Conventional|Social,0.1176,0.2101,0.105,0.2227,0.105,0.2395,jobcannon,adult_online,0.85,Technical Specialist
jc_0_371,agri_tech_food|construction_green|cyber_digital,agri_tech_food|construction_green|cyber_digital,Investigative|Realistic,0.1715,0.2201,0.1618,0.1456,0.1294,0.1715,jobcannon,adult_online,0.85,Technical Specialist
jc_0_718,business_professional|creative_events|cyber_digital,business_professional|creative_events|cyber_digital,Artistic|Investigative,0.1611,0.1672,0.2219,0.152,0.1611,0.1368,jobcannon,adult_online,0.85,Creative / Commercial
jc_0_486,health_care|public_sector,health_care|public_sector,Social|Investigative,0.1488,0.1972,0.1142,0.2076,0.1834,0.1488,jobcannon,adult_online,0.85,People & Care
jc_0_477,agri_tech_food|business_professional|cyber_digital,agri_tech_food|business_professional|cyber_digital,Investigative|Social,0.0,0.875,0.0,0.125,0.0,0.0,jobcannon,adult_online,0.85,Technical Specialist
jc_0_674,health_care|public_sector,health_care|public_sector,Social|Conventional,0.1315,0.1529,0.1468,0.2691,0.1315,0.1682,jobcannon,adult_online,0.85,People & Care
jc_0_1407,aerospace_manufacturing|education_training|health_care,aerospace_manufacturing|education_training|health_care,Social|Realistic,0.1958,0.1506,0.1898,0.2199,0.1446,0.0994,jobcannon,adult_online,0.85,People & Care
jc_0_649,education_training|health_care|public_sector,education_training|health_care|public_sector,Social|Artistic,0.0412,0.0515,0.2732,0.4381,0.1443,0.0515,jobcannon,adult_online,0.85,People & Care
jc_0_720,business_professional|education_training|health_care,business_professional|education_training|health_care,Enterprising|Social,0.1916,0.1498,0.0976,0.2091,0.2369,0.115,jobcannon,adult_online,0.85,Creative / Commercial
jc_0_254,aerospace_manufacturing|construction_green,aerospace_manufacturing|construction_green,Realistic|Investigative,0.2748,0.2318,0.1159,0.1093,0.1093,0.1589,jobcannon,adult_online,0.85,Hands-on Maker
jc_0_1063,aerospace_manufacturing|construction_green,aerospace_manufacturing|construction_green,Realistic|Enterprising,0.184,0.1534,0.1626,0.1534,0.184,0.1626,jobcannon,adult_online,0.85,Hands-on Maker
jc_0_514,agri_tech_food|health_care|public_sector,agri_tech_food|health_care|public_sector,Investigative|Social,0.1218,0.2583,0.1402,0.2103,0.1033,0.1661,jobcannon,adult_online,0.85,Technical Specialist
jc_0_303,business_professional|health_care|hospitality_retail,business_professional|health_care|hospitality_retail,Enterprising|Conventional,0.1442,0.1442,0.1378,0.1378,0.266,0.1699,jobcannon,adult_online,0.85,Creative / Commercial
jc_0_86,aerospace_manufacturing|construction_green,aerospace_manufacturing|construction_green,Realistic|Artistic,0.2151,0.1613,0.1971,0.1004,0.1362,0.19,jobcannon,adult_online,0.85,Hands-on Maker
jc_0_265,business_professional|creative_events|hospitality_retail,business_professional|creative_events|hospitality_retail,Enterprising|Artistic,0.1017,0.1395,0.1977,0.1599,0.218,0.1831,jobcannon,adult_online,0.85,Creative / Commercial
jc_0_938,business_professional|cyber_digital,business_professional|cyber_digital,Investigative|Enterprising,0.0224,0.2612,0.1119,0.209,0.2463,0.1493,jobcannon,adult_online,0.85,Technical Specialist
jc_0_1440,business_professional|education_training|public_sector,business_professional|education_training|public_sector,Social|Enterprising,0.1394,0.1394,0.115,0.2544,0.2195,0.1324,jobcannon,adult_online,0.85,People & Care
jc_0_1096,business_professional|cyber_digital,business_professional|cyber_digital,Conventional|Investigative,0.1536,0.176,0.1676,0.1536,0.1676,0.1816,jobcannon,adult_online,0.85,Technical Specialist
jc_0_1156,business_professional|creative_events|cyber_digital,business_professional|creative_events|cyber_digital,Enterprising|Conventional,0.132,0.1709,0.1748,0.1612,0.1806,0.1806,jobcannon,adult_online,0.85,Creative / Commercial
jc_0_1149,aerospace_manufacturing|construction_green|creative_events,aerospace_manufacturing|construction_green|creative_events,Realistic|Enterprising,0.2301,0.1268,0.1681,0.1416,0.1858,0.1475,jobcannon,adult_online,0.85,Hands-on Maker
jc_0_221,health_care|public_sector,health_care|public_sector,Social|Realistic,0.1881,0.1584,0.1089,0.198,0.1584,0.1881,jobcannon,adult_online,0.85,People & Care
jc_0_113,education_training|health_care|public_sector,education_training|health_care|public_sector,Investigative|Social,0.0957,0.2174,0.1652,0.2174,0.1884,0.1159,jobcannon,adult_online,0.85,Technical Specialist
jc_0_558,creative_events|health_care|hospitality_retail,creative_events|health_care|hospitality_retail,Artistic|Enterprising,0.1567,0.1661,0.2132,0.1661,0.1787,0.1191,jobcannon,adult_online,0.85,Creative / Commercial
jc_0_174,business_professional|cyber_digital|health_care,business_professional|cyber_digital|health_care,Investigative|Conventional,0.1563,0.1883,0.1601,0.1751,0.1318,0.1883,jobcannon,adult_online,0.85,Technical Specialist
jc_0_513,business_professional|education_training|hospitality_retail,business_professional|education_training|hospitality_retail,Social|Enterprising,0.1449,0.1558,0.163,0.1993,0.1812,0.1558,jobcannon,adult_online,0.85,People & Care
jc_0_962,business_professional|cyber_digital,business_professional|cyber_digital,Conventional|Investigative,0.1276,0.1856,0.1694,0.174,0.1508,0.1926,jobcannon,adult_online,0.85,Technical Specialist
jc_0_933,business_professional|creative_events|cyber_digital,business_professional|creative_events|cyber_digital,Investigative|Artistic,0.1138,0.2345,0.1897,0.1828,0.1828,0.0966,jobcannon,adult_online,0.85,Technical Specialist
jc_0_285,business_professional|education_training|health_care,business_professional|education_training|health_care,Investigative|Social,0.1424,0.2252,0.1821,0.2086,0.1159,0.1258,jobcannon,adult_online,0.85,Technical Specialist
jc_0_847,business_professional|cyber_digital,business_professional|cyber_digital,Investigative|Conventional,0.1737,0.2703,0.0116,0.0695,0.2046,0.2703,jobcannon,adult_online,0.85,Technical Specialist
jc_0_1318,cyber_digital|education_training|public_sector,cyber_digital|education_training|public_sector,Investigative|Artistic,0.0791,0.2569,0.1976,0.1581,0.1383,0.17,jobcannon,adult_online,0.85,Technical Specialist
jc_0_1161,business_professional|creative_events|hospitality_tourism,business_professional|creative_events|hospitality_tourism,Investigative|Artistic,0.1383,0.196,0.196,0.1816,0.1729,0.1153,jobcannon,adult_online,0.85,Technical Specialist
jc_0_31,aerospace_manufacturing|construction_green|health_care,aerospace_manufacturing|construction_green|health_care,Realistic|Investigative,0.261,0.2044,0.1415,0.1572,0.0786,0.1572,jobcannon,adult_online,0.85,Hands-on Maker
jc_0_529,aerospace_manufacturing|business_professional|hospitality_retail,aerospace_manufacturing|business_professional|hospitality_retail,Conventional|Enterprising,0.1122,0.068,0.1293,0.0952,0.2891,0.3061,jobcannon,adult_online,0.85,Technical Specialist
jc_0_1247,business_professional|creative_events|hospitality_retail,business_professional|creative_events|hospitality_retail,Enterprising|Investigative,0.1147,0.1835,0.1835,0.1743,0.2523,0.0917,jobcannon,adult_online,0.85,Creative / Commercial
jc_0_1210,business_professional|creative_events|health_care,business_professional|creative_events|health_care,Artistic|Social,0.0976,0.1568,0.2544,0.2544,0.122,0.115,jobcannon,adult_online,0.85,Creative / Commercial
jc_0_1042,business_professional|creative_events|hospitality_retail,business_professional|creative_events|hospitality_retail,Artistic|Enterprising,0.122,0.1372,0.253,0.1829,0.2134,0.0915,jobcannon,adult_online,0.85,Creative / Commercial
jc_0_1030,business_professional|hospitality_retail,business_professional|hospitality_retail,Enterprising|Conventional,0.1818,0.0802,0.0749,0.1738,0.262,0.2273,jobcannon,adult_online,0.85,Creative / Commercial
jc_0_887,business_professional|hospitality_retail,business_professional|hospitality_retail,Enterprising|Conventional,0.0147,0.049,0.1471,0.098,0.4804,0.2108,jobcannon,adult_online,0.85,Creative / Commercial
jc_0_188,aerospace_manufacturing|construction_green|creative_events,aerospace_manufacturing|construction_green|creative_events,Artistic|Realistic,0.1901,0.1754,0.2485,0.117,0.1023,0.1667,jobcannon,adult_online,0.85,Creative / Commercial
jc_0_1050,business_professional|creative_events|hospitality_retail,business_professional|creative_events|hospitality_retail,Enterprising|Artistic,0.1075,0.1308,0.1869,0.1869,0.2243,0.1636,jobcannon,adult_online,0.85,Creative / Commercial
jc_0_950,creative_events|cyber_digital|hospitality_tourism,creative_events|cyber_digital|hospitality_tourism,Investigative|Artistic,0.1268,0.2212,0.2153,0.1475,0.1622,0.1268,jobcannon,adult_online,0.85,Technical Specialist
jc_0_548,business_professional|hospitality_retail|hospitality_tourism,business_professional|hospitality_retail|hospitality_tourism,Social|Enterprising,0.1597,0.1541,0.1597,0.1821,0.1765,0.1681,jobcannon,adult_online,0.85,People & Care
jc_0_83,aerospace_manufacturing|agri_tech_food|construction_green,aerospace_manufacturing|agri_tech_food|construction_green,Realistic|Social,0.3205,0.1496,0.0855,0.1624,0.1197,0.1624,jobcannon,adult_online,0.85,Hands-on Maker
jc_0_48,business_professional|education_training|health_care,business_professional|education_training|health_care,Social|Artistic,0.1323,0.1138,0.2116,0.2249,0.1508,0.1667,jobcannon,adult_online,0.85,People & Care
jc_0_155,creative_events|cyber_digital|public_sector,creative_events|cyber_digital|public_sector,Artistic|Social,0.0857,0.2086,0.2714,0.2143,0.0571,0.1629,jobcannon,adult_online,0.85,Creative / Commercial
jc_0_363,business_professional|hospitality_retail,business_professional|hospitality_retail,Enterprising|Conventional,0.0547,0.1204,0.1569,0.1825,0.2482,0.2372,jobcannon,adult_online,0.85,Creative / Commercial
jc_0_1107,creative_events|cyber_digital,creative_events|cyber_digital,Investigative|Artistic,0.1532,0.1879,0.1821,0.1647,0.159,0.1532,jobcannon,adult_online,0.85,Technical Specialist
jc_0_361,business_professional|cyber_digital|education_training,business_professional|cyber_digital|education_training,Investigative|Artistic,0.133,0.2394,0.2021,0.1862,0.133,0.1064,jobcannon,adult_online,0.85,Technical Specialist
jc_0_1027,education_training|health_care|public_sector,education_training|health_care|public_sector,Social|Investigative,0.1541,0.1792,0.1792,0.233,0.172,0.0824,jobcannon,adult_online,0.85,People & Care
jc_0_1280,business_professional|creative_events|hospitality_retail,business_professional|creative_events|hospitality_retail,Artistic|Enterprising,0.0823,0.0947,0.2593,0.1646,0.2346,0.1646,jobcannon,adult_online,0.85,Creative / Commercial
jc_0_1192,health_care|hospitality_retail|hospitality_tourism,health_care|hospitality_retail|hospitality_tourism,Social|Conventional,0.1615,0.1615,0.1544,0.1781,0.1663,0.1781,jobcannon,adult_online,0.85,People & Care
jc_0_1437,creative_events|hospitality_retail,creative_events|hospitality_retail,Artistic|Realistic,0.1965,0.1098,0.2312,0.1387,0.1647,0.159,jobcannon,adult_online,0.85,Creative / Commercial
jc_0_179,business_professional|health_care|hospitality_tourism,business_professional|health_care|hospitality_tourism,Conventional|Social,0.1175,0.1305,0.1567,0.2167,0.1567,0.2219,jobcannon,adult_online,0.85,Technical Specialist
jc_0_820,aerospace_manufacturing|creative_events|health_care,aerospace_manufacturing|creative_events|health_care,Investigative|Artistic,0.173,0.1981,0.1887,0.1667,0.0943,0.1792,jobcannon,adult_online,0.85,Technical Specialist
jc_0_1209,business_professional|creative_events|hospitality_retail,business_professional|creative_events|hospitality_retail,Artistic|Enterprising,0.1042,0.1771,0.2031,0.1901,0.1953,0.1302,jobcannon,adult_online,0.85,Creative / Commercial
jc_0_374,business_professional|creative_events,business_professional|creative_events,Artistic|Social,0.0896,0.1434,0.2688,0.172,0.172,0.1541,jobcannon,adult_online,0.85,Creative / Commercial
jc_0_865,health_care|hospitality_retail|hospitality_tourism,health_care|hospitality_retail|hospitality_tourism,Social|Enterprising,0.0619,0.0143,0.181,0.3238,0.2524,0.1667,jobcannon,adult_online,0.85,People & Care
jc_0_774,business_professional|creative_events|cyber_digital,business_professional|creative_events|cyber_digital,Conventional|Investigative,0.1713,0.239,0.1514,0.0398,0.0996,0.2988,jobcannon,adult_online,0.85,Technical Specialist
jc_0_1142,business_professional|construction_green|hospitality_retail,business_professional|construction_green|hospitality_retail,Realistic|Conventional,0.2692,0.141,0.0641,0.1282,0.1923,0.2051,jobcannon,adult_online,0.85,Hands-on Maker
jc_0_1353,education_training|health_care|hospitality_retail,education_training|health_care|hospitality_retail,Realistic|Enterprising,0.1823,0.1528,0.1609,0.1689,0.1823,0.1528,jobcannon,adult_online,0.85,Hands-on Maker
jc_0_346,aerospace_manufacturing|creative_events|cyber_digital,aerospace_manufacturing|creative_events|cyber_digital,Investigative|Artistic,0.1514,0.2465,0.2394,0.1338,0.1056,0.1232,jobcannon,adult_online,0.85,Technical Specialist
jc_0_617,health_care|hospitality_tourism|public_sector,health_care|hospitality_tourism|public_sector,Conventional|Artistic,0.0952,0.1463,0.1871,0.1871,0.1701,0.2143,jobcannon,adult_online,0.85,Technical Specialist
jc_0_1230,business_professional|creative_events|cyber_digital,business_professional|creative_events|cyber_digital,Investigative|Artistic,0.1227,0.2945,0.184,0.1227,0.092,0.184,jobcannon,adult_online,0.85,Technical Specialist
jc_0_948,business_professional|cyber_digital,business_professional|cyber_digital,Investigative|Enterprising,0.0935,0.2586,0.1558,0.1558,0.2118,0.1246,jobcannon,adult_online,0.85,Technical Specialist
jc_0_243,aerospace_manufacturing|business_professional|creative_events,aerospace_manufacturing|business_professional|creative_events,Conventional|Enterprising,0.1662,0.1662,0.0695,0.1722,0.2054,0.2205,jobcannon,adult_online,0.85,Technical Specialist
jc_0_915,business_professional|creative_events|hospitality_tourism,business_professional|creative_events|hospitality_tourism,Artistic|Social,0.1338,0.1596,0.1948,0.1878,0.1596,0.1643,jobcannon,adult_online,0.85,Creative / Commercial
jc_0_727,health_care|hospitality_retail|hospitality_tourism,health_care|hospitality_retail|hospitality_tourism,Social|Enterprising,0.1831,0.1395,0.1453,0.2122,0.2035,0.1163,jobcannon,adult_online,0.85,People & Care
jc_0_846,business_professional|creative_events|hospitality_retail,business_professional|creative_events|hospitality_retail,Artistic|Enterprising,0.126,0.1706,0.2178,0.1312,0.2047,0.1496,jobcannon,adult_online,0.85,Creative / Commercial
jc_0_802,agri_tech_food|creative_events|cyber_digital,agri_tech_food|creative_events|cyber_digital,Investigative|Artistic,0.1605,0.2441,0.2007,0.1338,0.1438,0.1171,jobcannon,adult_online,0.85,Technical Specialist
jc_0_1380,aerospace_manufacturing|business_professional|hospitality_retail,aerospace_manufacturing|business_professional|hospitality_retail,Enterprising|Conventional,0.1083,0.1733,0.0469,0.1733,0.2816,0.2166,jobcannon,adult_online,0.85,Creative / Commercial
jc_0_1346,construction_green|hospitality_tourism|public_sector,construction_green|hospitality_tourism|public_sector,Realistic|Social,0.2069,0.1509,0.1078,0.1853,0.1853,0.1638,jobcannon,adult_online,0.85,Hands-on Maker
jc_0_1102,education_training|health_care,education_training|health_care,Social|Conventional,0.1637,0.1577,0.1637,0.1875,0.1488,0.1786,jobcannon,adult_online,0.85,People & Care
jc_0_660,aerospace_manufacturing|construction_green|health_care,aerospace_manufacturing|construction_green|health_care,Realistic|Enterprising,0.3099,0.1462,0.1462,0.117,0.1637,0.117,jobcannon,adult_online,0.85,Hands-on Maker
jc_0_974,business_professional,business_professional,Conventional|Investigative,0.1541,0.1613,0.1613,0.1613,0.1362,0.2258,jobcannon,adult_online,0.85,Technical Specialist
jc_0_312,creative_events|cyber_digital|hospitality_tourism,creative_events|cyber_digital|hospitality_tourism,Artistic|Investigative,0.0932,0.2795,0.3106,0.1863,0.1118,0.0186,jobcannon,adult_online,0.85,Creative / Commercial
jc_0_1091,education_training|health_care|public_sector,education_training|health_care|public_sector,Social|Investigative,0.1548,0.172,0.1474,0.1916,0.1671,0.1671,jobcannon,adult_online,0.85,People & Care
jc_0_109,aerospace_manufacturing|construction_green|creative_events,aerospace_manufacturing|construction_green|creative_events,Artistic|Conventional,0.1195,0.1792,0.2673,0.1509,0.0786,0.2044,jobcannon,adult_online,0.85,Creative / Commercial
jc_0_1313,business_professional|creative_events|hospitality_retail,business_professional|creative_events|hospitality_retail,Artistic|Social,0.013,0.0866,0.3377,0.303,0.2468,0.013,jobcannon,adult_online,0.85,Creative / Commercial
jc_0_100,aerospace_manufacturing|business_professional,aerospace_manufacturing|business_professional,Conventional|Enterprising,0.1128,0.1617,0.0376,0.1692,0.2368,0.282,jobcannon,adult_online,0.85,Technical Specialist
jc_0_808,business_professional|creative_events,business_professional|creative_events,Artistic|Enterprising,0.1348,0.1593,0.2279,0.1716,0.1838,0.1225,jobcannon,adult_online,0.85,Creative / Commercial
jc_0_1237,business_professional|creative_events|hospitality_retail,business_professional|creative_events|hospitality_retail,Artistic|Enterprising,0.0786,0.1509,0.2138,0.1792,0.1887,0.1887,jobcannon,adult_online,0.85,Creative / Commercial
jc_0_266,business_professional|creative_events|hospitality_retail,business_professional|creative_events|hospitality_retail,Artistic|Social,0.1039,0.157,0.2053,0.2005,0.1812,0.1522,jobcannon,adult_online,0.85,Creative / Commercial
jc_0_1411,education_training|health_care,education_training|health_care,Social|Conventional,0.1671,0.1671,0.1234,0.2005,0.1671,0.1748,jobcannon,adult_online,0.85,People & Care
jc_0_296,business_professional|cyber_digital|hospitality_retail,business_professional|cyber_digital|hospitality_retail,Enterprising|Investigative,0.0281,0.2135,0.1966,0.0843,0.3652,0.1124,jobcannon,adult_online,0.85,Creative / Commercial
jc_0_852,aerospace_manufacturing|business_professional,aerospace_manufacturing|business_professional,Conventional|Enterprising,0.15,0.16,0.15,0.1667,0.1833,0.19,jobcannon,adult_online,0.85,Technical Specialist
jc_0_899,business_professional|creative_events|cyber_digital,business_professional|creative_events|cyber_digital,Artistic|Investigative,0.0933,0.2073,0.285,0.1036,0.1813,0.1295,jobcannon,adult_online,0.85,Creative / Commercial
jc_0_665,creative_events|cyber_digital,creative_events|cyber_digital,Investigative|Artistic,0.1212,0.2381,0.2294,0.1515,0.1299,0.1299,jobcannon,adult_online,0.85,Technical Specialist
jc_0_377,aerospace_manufacturing|construction_green,aerospace_manufacturing|construction_green,Conventional|Realistic,0.181,0.1683,0.181,0.1587,0.1206,0.1905,jobcannon,adult_online,0.85,Technical Specialist
jc_0_695,creative_events|health_care|hospitality_retail,creative_events|health_care|hospitality_retail,Artistic|Social,0.1679,0.1309,0.1926,0.1802,0.1679,0.1605,jobcannon,adult_online,0.85,Creative / Commercial
jc_0_560,aerospace_manufacturing|business_professional|cyber_digital,aerospace_manufacturing|business_professional|cyber_digital,Conventional|Enterprising,0.0625,0.1667,0.0833,0.1458,0.2375,0.3042,jobcannon,adult_online,0.85,Technical Specialist
jc_0_292,business_professional|hospitality_retail|hospitality_tourism,business_professional|hospitality_retail|hospitality_tourism,Enterprising|Social,0.0763,0.1145,0.1832,0.2023,0.2405,0.1832,jobcannon,adult_online,0.85,Creative / Commercial
jc_0_1340,business_professional|health_care|hospitality_retail,business_professional|health_care|hospitality_retail,Social|Enterprising,0.0886,0.1646,0.1519,0.2152,0.1899,0.1899,jobcannon,adult_online,0.85,People & Care
jc_0_432,aerospace_manufacturing|agri_tech_food|health_care,aerospace_manufacturing|agri_tech_food|health_care,Investigative|Social,0.1827,0.2425,0.1495,0.2093,0.1329,0.0831,jobcannon,adult_online,0.85,Technical Specialist
jc_0_355,business_professional|creative_events|hospitality_retail,business_professional|creative_events|hospitality_retail,Enterprising|Artistic,0.1463,0.1677,0.1738,0.1616,0.1982,0.1524,jobcannon,adult_online,0.85,Creative / Commercial
jc_0_170,construction_green|creative_events|cyber_digital,construction_green|creative_events|cyber_digital,Artistic|Investigative,0.142,0.2461,0.2618,0.0789,0.1041,0.1672,jobcannon,adult_online,0.85,Creative / Commercial
jc_0_798,creative_events|cyber_digital,creative_events|cyber_digital,Artistic|Investigative,0.092,0.1994,0.2239,0.1687,0.1472,0.1687,jobcannon,adult_online,0.85,Creative / Commercial
jc_0_838,creative_events|health_care|hospitality_retail,creative_events|health_care|hospitality_retail,Artistic|Social,0.161,0.1271,0.2754,0.2542,0.1271,0.0551,jobcannon,adult_online,0.85,Creative / Commercial
jc_0_936,business_professional|education_training|health_care,business_professional|education_training|health_care,Social|Artistic,0.1473,0.1301,0.1712,0.2158,0.1712,0.1644,jobcannon,adult_online,0.85,People & Care
jc_0_140,aerospace_manufacturing|business_professional,aerospace_manufacturing|business_professional,Enterprising|Investigative,0.0809,0.2362,0.0421,0.1942,0.2524,0.1942,jobcannon,adult_online,0.85,Creative / Commercial
jc_0_1053,business_professional|creative_events|hospitality_retail,business_professional|creative_events|hospitality_retail,Enterprising|Social,0.1299,0.1721,0.1721,0.1851,0.1948,0.1461,jobcannon,adult_online,0.85,Creative / Commercial
jc_0_940,education_training|health_care|public_sector,education_training|health_care|public_sector,Social|Artistic,0.0265,0.177,0.2212,0.4425,0.1327,0.0,jobcannon,adult_online,0.85,People & Care
jc_0_620,creative_events|hospitality_retail|hospitality_tourism,creative_events|hospitality_retail|hospitality_tourism,Social|Enterprising,0.0541,0.0203,0.223,0.3243,0.2568,0.1216,jobcannon,adult_online,0.85,People & Care
jc_0_1265,education_training|health_care|public_sector,education_training|health_care|public_sector,Social|Artistic,0.1627,0.1627,0.1686,0.2012,0.1627,0.142,jobcannon,adult_online,0.85,People & Care
jc_0_1170,creative_events|cyber_digital,creative_events|cyber_digital,Artistic|Investigative,0.1735,0.1828,0.1866,0.1399,0.1679,0.1493,jobcannon,adult_online,0.85,Creative / Commercial
jc_0_494,aerospace_manufacturing|construction_green,aerospace_manufacturing|construction_green,Investigative|Realistic,0.1897,0.1966,0.1724,0.1552,0.131,0.1552,jobcannon,adult_online,0.85,Technical Specialist
jc_0_478,business_professional|creative_events,business_professional|creative_events,Conventional|Artistic,0.1004,0.1183,0.233,0.0717,0.2258,0.2509,jobcannon,adult_online,0.85,Technical Specialist
jc_0_1244,business_professional|creative_events|hospitality_retail,business_professional|creative_events|hospitality_retail,Artistic|Social,0.1577,0.1577,0.1798,0.1735,0.1735,0.1577,jobcannon,adult_online,0.85,Creative / Commercial
jc_0_1439,creative_events|education_training|public_sector,creative_events|education_training|public_sector,Artistic|Social,0.0931,0.1619,0.2429,0.2146,0.0931,0.1943,jobcannon,adult_online,0.85,Creative / Commercial
jc_0_1379,aerospace_manufacturing|business_professional|hospitality_retail,aerospace_manufacturing|business_professional|hospitality_retail,Enterprising|Conventional,0.163,0.1495,0.1087,0.1495,0.2391,0.1902,jobcannon,adult_online,0.85,Creative / Commercial
jc_0_745,business_professional|health_care|hospitality_retail,business_professional|health_care|hospitality_retail,Social|Enterprising,0.082,0.082,0.1967,0.2623,0.2131,0.1639,jobcannon,adult_online,0.85,People & Care
jc_0_10,creative_events|health_care|hospitality_retail,creative_events|health_care|hospitality_retail,Artistic|Social,0.1518,0.1518,0.212,0.1639,0.1566,0.1639,jobcannon,adult_online,0.85,Creative / Commercial
jc_0_147,business_professional|hospitality_retail,business_professional|hospitality_retail,Social|Enterprising,0.1264,0.1552,0.1508,0.2106,0.1951,0.1619,jobcannon,adult_online,0.85,People & Care
jc_0_1417,aerospace_manufacturing|agri_tech_food|health_care,aerospace_manufacturing|agri_tech_food|health_care,Investigative|Artistic,0.1987,0.2208,0.205,0.1672,0.041,0.1672,jobcannon,adult_online,0.85,Technical Specialist
jc_0_282,creative_events|education_training|hospitality_retail,creative_events|education_training|hospitality_retail,Social|Artistic,0.1508,0.1323,0.1852,0.2196,0.1852,0.127,jobcannon,adult_online,0.85,People & Care
jc_0_298,health_care|public_sector,health_care|public_sector,Social|Realistic,0.1701,0.1701,0.1655,0.1814,0.1474,0.1655,jobcannon,adult_online,0.85,People & Care
jc_0_1205,creative_events|cyber_digital,creative_events|cyber_digital,Artistic|Conventional,0.1096,0.1661,0.2093,0.1495,0.1761,0.1894,jobcannon,adult_online,0.85,Creative / Commercial
jc_0_291,business_professional|health_care|hospitality_tourism,business_professional|health_care|hospitality_tourism,Conventional|Artistic,0.0714,0.0893,0.2054,0.1339,0.2054,0.2946,jobcannon,adult_online,0.85,Technical Specialist
jc_0_678,aerospace_manufacturing|business_professional,aerospace_manufacturing|business_professional,Enterprising|Conventional,0.0932,0.1739,0.0311,0.0932,0.3106,0.2981,jobcannon,adult_online,0.85,Creative / Commercial
jc_0_1231,aerospace_manufacturing|construction_green|cyber_digital,aerospace_manufacturing|construction_green|cyber_digital,Realistic|Investigative,0.1685,0.1685,0.1685,0.1573,0.1685,0.1685,jobcannon,adult_online,0.85,Hands-on Maker
jc_0_1074,business_professional|hospitality_retail|hospitality_tourism,business_professional|hospitality_retail|hospitality_tourism,Social|Conventional,0.1011,0.1372,0.0722,0.2635,0.1733,0.2527,jobcannon,adult_online,0.85,People & Care
jc_0_1232,aerospace_manufacturing|construction_green|cyber_digital,aerospace_manufacturing|construction_green|cyber_digital,Realistic|Investigative,0.1685,0.1685,0.1685,0.1573,0.1685,0.1685,jobcannon,adult_online,0.85,Hands-on Maker
jc_0_1449,business_professional|creative_events|cyber_digital,business_professional|creative_events|cyber_digital,Artistic|Social,0.0147,0.1863,0.3431,0.1961,0.1716,0.0882,jobcannon,adult_online,0.85,Creative / Commercial
jc_0_129,business_professional|cyber_digital,business_professional|cyber_digital,Enterprising|Investigative,0.1547,0.3039,0.0718,0.0,0.3315,0.1381,jobcannon,adult_online,0.85,Creative / Commercial
jc_0_554,business_professional|cyber_digital,business_professional|cyber_digital,Investigative|Artistic,0.1224,0.3265,0.2381,0.0544,0.034,0.2245,jobcannon,adult_online,0.85,Technical Specialist
jc_0_331,education_training|health_care|hospitality_retail,education_training|health_care|hospitality_retail,Artistic|Social,0.14,0.14,0.2334,0.2162,0.1229,0.1474,jobcannon,adult_online,0.85,Creative / Commercial
jc_0_323,business_professional|creative_events|cyber_digital,business_professional|creative_events|cyber_digital,Artistic|Conventional,0.1301,0.1532,0.1965,0.159,0.1647,0.1965,jobcannon,adult_online,0.85,Creative / Commercial
jc_0_724,business_professional|hospitality_retail|hospitality_tourism,business_professional|hospitality_retail|hospitality_tourism,Enterprising|Social,0.1728,0.0309,0.1728,0.216,0.2654,0.142,jobcannon,adult_online,0.85,Creative / Commercial
jc_0_135,business_professional|education_training|public_sector,business_professional|education_training|public_sector,Conventional|Artistic,0.1099,0.1832,0.2198,0.1832,0.0733,0.2308,jobcannon,adult_online,0.85,Technical Specialist
jc_0_464,business_professional|hospitality_retail,business_professional|hospitality_retail,Social|Enterprising,0.1399,0.1329,0.1503,0.2273,0.2098,0.1399,jobcannon,adult_online,0.85,People & Care
jc_0_471,education_training|health_care|public_sector,education_training|health_care|public_sector,Social|Artistic,0.1014,0.0906,0.2283,0.308,0.1268,0.1449,jobcannon,adult_online,0.85,People & Care
jc_0_1328,business_professional|education_training|public_sector,business_professional|education_training|public_sector,Social|Artistic,0.0112,0.0936,0.2921,0.2996,0.161,0.1423,jobcannon,adult_online,0.85,People & Care
jc_0_435,business_professional|hospitality_retail|hospitality_tourism,business_professional|hospitality_retail|hospitality_tourism,Enterprising|Conventional,0.1785,0.0787,0.1575,0.1837,0.2047,0.1969,jobcannon,adult_online,0.85,Creative / Commercial
jc_0_1206,business_professional|creative_events|hospitality_retail,business_professional|creative_events|hospitality_retail,Social|Enterprising,0.1042,0.1562,0.1736,0.2188,0.2083,0.1389,jobcannon,adult_online,0.85,People & Care
jc_0_1006,business_professional|hospitality_retail|hospitality_tourism,business_professional|hospitality_retail|hospitality_tourism,Enterprising|Social,0.1,0.0667,0.1667,0.2333,0.2667,0.1667,jobcannon,adult_online,0.85,Creative / Commercial
jc_0_594,health_care|public_sector,health_care|public_sector,Investigative|Social,0.1735,0.242,0.0913,0.242,0.1826,0.0685,jobcannon,adult_online,0.85,Technical Specialist
jc_0_669,business_professional|creative_events,business_professional|creative_events,Artistic|Social,0.044,0.1374,0.3022,0.2088,0.1538,0.1538,jobcannon,adult_online,0.85,Creative / Commercial
jc_0_158,business_professional|creative_events|hospitality_retail,business_professional|creative_events|hospitality_retail,Artistic|Social,0.1596,0.1506,0.25,0.2199,0.1958,0.0241,jobcannon,adult_online,0.85,Creative / Commercial
jc_0_964,construction_green|education_training|public_sector,construction_green|education_training|public_sector,Realistic|Social,0.2083,0.1629,0.125,0.2083,0.1818,0.1136,jobcannon,adult_online,0.85,Hands-on Maker
jc_0_1255,business_professional|creative_events|cyber_digital,business_professional|creative_events|cyber_digital,Artistic|Investigative,0.1504,0.183,0.2005,0.1253,0.1704,0.1704,jobcannon,adult_online,0.85,Creative / Commercial
jc_0_966,business_professional|creative_events|hospitality_retail,business_professional|creative_events|hospitality_retail,Enterprising|Social,0.1366,0.1639,0.1721,0.1776,0.1995,0.1503,jobcannon,adult_online,0.85,Creative / Commercial
jc_0_894,agri_tech_food|business_professional|cyber_digital,agri_tech_food|business_professional|cyber_digital,Investigative|Artistic,0.1345,0.2323,0.1663,0.1663,0.1663,0.1345,jobcannon,adult_online,0.85,Technical Specialist
jc_0_762,aerospace_manufacturing|construction_green,aerospace_manufacturing|construction_green,Realistic|Investigative,0.2523,0.2371,0.0851,0.1064,0.1064,0.2128,jobcannon,adult_online,0.85,Hands-on Maker
jc_0_1258,business_professional|hospitality_retail|hospitality_tourism,business_professional|hospitality_retail|hospitality_tourism,Artistic|Social,0.1661,0.1488,0.173,0.173,0.173,0.1661,jobcannon,adult_online,0.85,Creative / Commercial
jc_0_712,education_training|health_care|public_sector,education_training|health_care|public_sector,Social|Artistic,0.0758,0.0758,0.25,0.3636,0.0985,0.1364,jobcannon,adult_online,0.85,People & Care
jc_0_796,aerospace_manufacturing|business_professional,aerospace_manufacturing|business_professional,Conventional|Enterprising,0.15,0.1333,0.1333,0.1167,0.2167,0.25,jobcannon,adult_online,0.85,Technical Specialist
jc_0_817,business_professional|creative_events|hospitality_retail,business_professional|creative_events|hospitality_retail,Enterprising|Investigative,0.118,0.1863,0.1646,0.1646,0.2112,0.1553,jobcannon,adult_online,0.85,Creative / Commercial
jc_0_998,business_professional|creative_events|cyber_digital,business_professional|creative_events|cyber_digital,Investigative|Artistic,0.1481,0.2407,0.1852,0.1111,0.1852,0.1296,jobcannon,adult_online,0.85,Technical Specialist
jc_0_1009,aerospace_manufacturing|construction_green|cyber_digital,aerospace_manufacturing|construction_green|cyber_digital,Investigative|Conventional,0.2152,0.2242,0.0897,0.0673,0.1794,0.2242,jobcannon,adult_online,0.85,Technical Specialist
jc_0_1203,education_training|health_care|public_sector,education_training|health_care|public_sector,Social|Artistic,0.1475,0.171,0.1827,0.1991,0.171,0.1288,jobcannon,adult_online,0.85,People & Care
jc_0_937,agri_tech_food|education_training|health_care,agri_tech_food|education_training|health_care,Investigative|Artistic,0.1799,0.2266,0.1978,0.1978,0.1079,0.0899,jobcannon,adult_online,0.85,Technical Specialist
jc_0_438,business_professional|cyber_digital,business_professional|cyber_digital,Conventional|Investigative,0.1395,0.2636,0.0853,0.1202,0.1047,0.2868,jobcannon,adult_online,0.85,Technical Specialist
jc_0_1447,creative_events|cyber_digital,creative_events|cyber_digital,Artistic|Investigative,0.1236,0.1985,0.3109,0.1124,0.1423,0.1124,jobcannon,adult_online,0.85,Creative / Commercial
jc_0_96,creative_events|health_care|hospitality_tourism,creative_events|health_care|hospitality_tourism,Artistic|Social,0.0773,0.0635,0.2486,0.2155,0.2017,0.1934,jobcannon,adult_online,0.85,Creative / Commercial
jc_0_1178,business_professional|education_training|public_sector,business_professional|education_training|public_sector,Investigative|Social,0.1319,0.2269,0.1319,0.2083,0.1389,0.162,jobcannon,adult_online,0.85,Technical Specialist
jc_0_1352,health_care|public_sector,health_care|public_sector,Social|Investigative,0.1651,0.1722,0.1651,0.1769,0.1604,0.1604,jobcannon,adult_online,0.85,People & Care
jc_0_1001,creative_events|cyber_digital,creative_events|cyber_digital,Investigative|Artistic,0.0183,0.3963,0.2317,0.1098,0.2134,0.0305,jobcannon,adult_online,0.85,Technical Specialist
jc_0_581,business_professional|health_care|hospitality_retail,business_professional|health_care|hospitality_retail,Social|Enterprising,0.1314,0.0,0.0219,0.4015,0.2409,0.2044,jobcannon,adult_online,0.85,People & Care
jc_0_156,business_professional|hospitality_tourism|public_sector,business_professional|hospitality_tourism|public_sector,Conventional|Social,0.0699,0.1154,0.1573,0.2448,0.1399,0.2727,jobcannon,adult_online,0.85,Technical Specialist
jc_0_780,aerospace_manufacturing|business_professional,aerospace_manufacturing|business_professional,Conventional|Enterprising,0.15,0.1333,0.1333,0.1167,0.2167,0.25,jobcannon,adult_online,0.85,Technical Specialist
jc_0_447,business_professional|hospitality_retail,business_professional|hospitality_retail,Enterprising|Conventional,0.1546,0.0412,0.1031,0.0928,0.3608,0.2474,jobcannon,adult_online,0.85,Creative / Commercial
jc_0_619,education_training|health_care|hospitality_tourism,education_training|health_care|hospitality_tourism,Social|Artistic,0.0,0.0,0.2778,0.4444,0.0,0.2778,jobcannon,adult_online,0.85,People & Care
jc_0_859,business_professional|construction_green|hospitality_retail,business_professional|construction_green|hospitality_retail,Enterprising|Investigative,0.1092,0.2101,0.1092,0.2101,0.3613,0.0,jobcannon,adult_online,0.85,Creative / Commercial
jc_0_1024,business_professional|creative_events|hospitality_retail,business_professional|creative_events|hospitality_retail,Social|Artistic,0.0933,0.1493,0.2724,0.2799,0.1493,0.056,jobcannon,adult_online,0.85,People & Care
jc_0_599,creative_events|hospitality_retail|hospitality_tourism,creative_events|hospitality_retail|hospitality_tourism,Artistic|Social,0.1542,0.1542,0.2262,0.1799,0.1748,0.1105,jobcannon,adult_online,0.85,Creative / Commercial
jc_0_845,aerospace_manufacturing|business_professional|hospitality_retail,aerospace_manufacturing|business_professional|hospitality_retail,Conventional|Realistic,0.1978,0.122,0.1436,0.1301,0.1897,0.2168,jobcannon,adult_online,0.85,Technical Specialist
jc_0_1252,education_training|health_care|hospitality_retail,education_training|health_care|hospitality_retail,Artistic|Social,0.1765,0.1821,0.2045,0.1905,0.1261,0.1204,jobcannon,adult_online,0.85,Creative / Commercial
jc_0_482,creative_events|hospitality_retail,creative_events|hospitality_retail,Artistic|Enterprising,0.1815,0.0892,0.2484,0.121,0.2166,0.1433,jobcannon,adult_online,0.85,Creative / Commercial
jc_0_1098,agri_tech_food|business_professional|cyber_digital,agri_tech_food|business_professional|cyber_digital,Investigative|Social,0.1364,0.2273,0.1364,0.1818,0.1591,0.1591,jobcannon,adult_online,0.85,Technical Specialist
jc_0_843,creative_events|health_care|hospitality_retail,creative_events|health_care|hospitality_retail,Artistic|Realistic,0.2103,0.1308,0.2243,0.2103,0.1075,0.1168,jobcannon,adult_online,0.85,Creative / Commercial
jc_0_614,aerospace_manufacturing|construction_green|health_care,aerospace_manufacturing|construction_green|health_care,Conventional|Artistic,0.1753,0.1546,0.1804,0.1469,0.1546,0.1881,jobcannon,adult_online,0.85,Technical Specialist
jc_0_1319,aerospace_manufacturing|business_professional|hospitality_retail,aerospace_manufacturing|business_professional|hospitality_retail,Enterprising|Conventional,0.1661,0.1218,0.0664,0.1661,0.2399,0.2399,jobcannon,adult_online,0.85,Creative / Commercial
jc_0_308,creative_events|education_training|health_care,creative_events|education_training|health_care,Artistic|Social,0.1748,0.092,0.2853,0.2546,0.0859,0.1074,jobcannon,adult_online,0.85,Creative / Commercial
jc_0_1288,health_care|public_sector,health_care|public_sector,Social|Realistic,0.1796,0.174,0.1188,0.2072,0.1464,0.174,jobcannon,adult_online,0.85,People & Care
jc_0_605,aerospace_manufacturing|business_professional|cyber_digital,aerospace_manufacturing|business_professional|cyber_digital,Investigative|Conventional,0.1584,0.198,0.1584,0.1485,0.1485,0.1881,jobcannon,adult_online,0.85,Technical Specialist
jc_0_1199,agri_tech_food|cyber_digital|health_care,agri_tech_food|cyber_digital|health_care,Investigative|Social,0.1559,0.2104,0.1559,0.1733,0.1485,0.1559,jobcannon,adult_online,0.85,Technical Specialist
jc_0_963,business_professional|creative_events|public_sector,business_professional|creative_events|public_sector,Social|Enterprising,0.0779,0.1184,0.1869,0.2741,0.2181,0.1246,jobcannon,adult_online,0.85,People & Care
jc_0_1195,agri_tech_food|cyber_digital|health_care,agri_tech_food|cyber_digital|health_care,Investigative|Social,0.1592,0.2252,0.1201,0.1802,0.1652,0.1502,jobcannon,adult_online,0.85,Technical Specialist
jc_0_764,business_professional|creative_events|education_training,business_professional|creative_events|education_training,Social|Enterprising,0.0,0.1127,0.1831,0.4225,0.2817,0.0,jobcannon,adult_online,0.85,People & Care
jc_0_352,aerospace_manufacturing|business_professional|hospitality_retail,aerospace_manufacturing|business_professional|hospitality_retail,Enterprising|Investigative,0.0763,0.2119,0.1483,0.2119,0.2331,0.1186,jobcannon,adult_online,0.85,Creative / Commercial
jc_0_752,aerospace_manufacturing|construction_green|health_care,aerospace_manufacturing|construction_green|health_care,Realistic|Investigative,0.2632,0.2632,0.0,0.2105,0.0,0.2632,jobcannon,adult_online,0.85,Hands-on Maker
jc_0_287,business_professional|health_care|hospitality_retail,business_professional|health_care|hospitality_retail,Enterprising|Conventional,0.1532,0.1478,0.1532,0.1532,0.2097,0.1828,jobcannon,adult_online,0.85,Creative / Commercial
jc_0_1204,aerospace_manufacturing|construction_green,aerospace_manufacturing|construction_green,Realistic|Investigative,0.2049,0.1858,0.1557,0.1503,0.1311,0.1721,jobcannon,adult_online,0.85,Hands-on Maker
jc_0_294,business_professional|creative_events|hospitality_retail,business_professional|creative_events|hospitality_retail,Artistic|Enterprising,0.1073,0.1916,0.2107,0.1916,0.2031,0.0958,jobcannon,adult_online,0.85,Creative / Commercial
jc_0_327,education_training|health_care|public_sector,education_training|health_care|public_sector,Social|Enterprising,0.0288,0.0,0.0769,0.6058,0.2885,0.0,jobcannon,adult_online,0.85,People & Care
jc_0_522,creative_events,creative_events,Artistic|Investigative,0.1454,0.1674,0.2643,0.1674,0.1322,0.1233,jobcannon,adult_online,0.85,Creative / Commercial
jc_0_826,creative_events|education_training|health_care,creative_events|education_training|health_care,Artistic|Investigative,0.157,0.1653,0.2424,0.157,0.146,0.1322,jobcannon,adult_online,0.85,Creative / Commercial
jc_0_1235,business_professional|cyber_digital,business_professional|cyber_digital,Investigative|Conventional,0.1524,0.1905,0.1587,0.1587,0.1587,0.181,jobcannon,adult_online,0.85,Technical Specialist
jc_0_236,aerospace_manufacturing|business_professional|construction_green,aerospace_manufacturing|business_professional|construction_green,Realistic|Enterprising,0.2523,0.1376,0.1147,0.1147,0.1972,0.1835,jobcannon,adult_online,0.85,Hands-on Maker
jc_0_88,health_care|hospitality_tourism|public_sector,health_care|hospitality_tourism|public_sector,Conventional|Social,0.0959,0.1473,0.1473,0.2226,0.1473,0.2397,jobcannon,adult_online,0.85,Technical Specialist
jc_0_943,creative_events|education_training|hospitality_tourism,creative_events|education_training|hospitality_tourism,Social|Artistic,0.0342,0.0685,0.274,0.2945,0.1918,0.137,jobcannon,adult_online,0.85,People & Care
jc_0_1041,aerospace_manufacturing|business_professional,aerospace_manufacturing|business_professional,Conventional|Enterprising,0.0866,0.1654,0.105,0.1575,0.2231,0.2625,jobcannon,adult_online,0.85,Technical Specialist
jc_0_551,business_professional|cyber_digital|health_care,business_professional|cyber_digital|health_care,Conventional|Investigative,0.0554,0.2632,0.0831,0.2438,0.0776,0.277,jobcannon,adult_online,0.85,Technical Specialist
jc_0_628,agri_tech_food|cyber_digital|health_care,agri_tech_food|cyber_digital|health_care,Conventional|Investigative,0.1685,0.1966,0.1404,0.1685,0.1208,0.2051,jobcannon,adult_online,0.85,Technical Specialist
jc_0_1348,agri_tech_food|business_professional|construction_green,agri_tech_food|business_professional|construction_green,Enterprising|Realistic,0.236,0.1685,0.1049,0.0674,0.2809,0.1423,jobcannon,adult_online,0.85,Creative / Commercial
jc_0_985,cyber_digital|health_care|public_sector,cyber_digital|health_care|public_sector,Social|Investigative,0.1289,0.1953,0.1484,0.2539,0.1367,0.1367,jobcannon,adult_online,0.85,People & Care
jc_0_898,creative_events|hospitality_retail,creative_events|hospitality_retail,Artistic|Social,0.0,0.1226,0.5943,0.1887,0.0943,0.0,jobcannon,adult_online,0.85,Creative / Commercial
jc_0_290,creative_events|cyber_digital,creative_events|cyber_digital,Investigative|Artistic,0.0915,0.2941,0.2876,0.1797,0.0817,0.0654,jobcannon,adult_online,0.85,Technical Specialist
jc_0_1378,business_professional|construction_green|hospitality_retail,business_professional|construction_green|hospitality_retail,Enterprising|Investigative,0.1333,0.16,0.16,0.16,0.2433,0.1433,jobcannon,adult_online,0.85,Creative / Commercial
jc_0_348,health_care|public_sector,health_care|public_sector,Social|Investigative,0.1651,0.1869,0.1558,0.2118,0.1402,0.1402,jobcannon,adult_online,0.85,People & Care
jc_0_829,business_professional|creative_events|public_sector,business_professional|creative_events|public_sector,Social|Enterprising,0.1214,0.1438,0.1821,0.2396,0.2077,0.1054,jobcannon,adult_online,0.85,People & Care
jc_0_573,business_professional|hospitality_tourism|public_sector,business_professional|hospitality_tourism|public_sector,Artistic|Social,0.1371,0.1571,0.1943,0.18,0.1514,0.18,jobcannon,adult_online,0.85,Creative / Commercial
jc_0_458,creative_events|education_training|public_sector,creative_events|education_training|public_sector,Social|Artistic,0.083,0.1444,0.2274,0.2455,0.1625,0.1372,jobcannon,adult_online,0.85,People & Care
jc_0_1100,cyber_digital|education_training|public_sector,cyber_digital|education_training|public_sector,Investigative|Social,0.0971,0.2427,0.1553,0.2039,0.1715,0.1294,jobcannon,adult_online,0.85,Technical Specialist
jc_0_333,aerospace_manufacturing|business_professional,aerospace_manufacturing|business_professional,Enterprising|Conventional,0.1569,0.1961,0.0902,0.1098,0.2235,0.2235,jobcannon,adult_online,0.85,Creative / Commercial
jc_0_1371,aerospace_manufacturing|business_professional|cyber_digital,aerospace_manufacturing|business_professional|cyber_digital,Conventional|Investigative,0.1582,0.1741,0.1424,0.1519,0.1582,0.2152,jobcannon,adult_online,0.85,Technical Specialist
jc_0_1426,business_professional|creative_events|hospitality_retail,business_professional|creative_events|hospitality_retail,Enterprising|Artistic,0.0895,0.1821,0.2013,0.1821,0.2077,0.1374,jobcannon,adult_online,0.85,Creative / Commercial
jc_0_1350,agri_tech_food|cyber_digital|health_care,agri_tech_food|cyber_digital|health_care,Investigative|Social,0.0672,0.5462,0.0672,0.2521,0.0,0.0672,jobcannon,adult_online,0.85,Technical Specialist
jc_0_328,cyber_digital|education_training|public_sector,cyber_digital|education_training|public_sector,Investigative|Artistic,0.1148,0.2131,0.1803,0.1639,0.1803,0.1475,jobcannon,adult_online,0.85,Technical Specialist
jc_0_318,creative_events|cyber_digital,creative_events|cyber_digital,Artistic|Investigative,0.0194,0.2209,0.3023,0.155,0.1667,0.1357,jobcannon,adult_online,0.85,Creative / Commercial
jc_0_1118,business_professional|hospitality_retail|hospitality_tourism,business_professional|hospitality_retail|hospitality_tourism,Enterprising|Social,0.1637,0.157,0.1682,0.1749,0.1794,0.157,jobcannon,adult_online,0.85,Creative / Commercial
jc_0_906,business_professional|cyber_digital|hospitality_retail,business_professional|cyber_digital|hospitality_retail,Enterprising|Social,0.137,0.1575,0.137,0.1712,0.226,0.1712,jobcannon,adult_online,0.85,Creative / Commercial
jc_0_12,cyber_digital|health_care|public_sector,cyber_digital|health_care|public_sector,Social|Artistic,0.1454,0.1233,0.1762,0.3084,0.0793,0.1674,jobcannon,adult_online,0.85,People & Care
jc_0_171,health_care|hospitality_retail|hospitality_tourism,health_care|hospitality_retail|hospitality_tourism,Social|Conventional,0.1155,0.1089,0.0825,0.2574,0.1881,0.2475,jobcannon,adult_online,0.85,People & Care
jc_0_816,aerospace_manufacturing|construction_green|hospitality_retail,aerospace_manufacturing|construction_green|hospitality_retail,Realistic|Enterprising,0.3869,0.0,0.0774,0.0476,0.3393,0.1488,jobcannon,adult_online,0.85,Hands-on Maker
jc_0_757,creative_events|education_training|public_sector,creative_events|education_training|public_sector,Social|Enterprising,0.1286,0.1629,0.18,0.2,0.1857,0.1429,jobcannon,adult_online,0.85,People & Care
jc_0_138,business_professional|creative_events|cyber_digital,business_professional|creative_events|cyber_digital,Investigative|Artistic,0.1322,0.1982,0.1938,0.1498,0.1938,0.1322,jobcannon,adult_online,0.85,Technical Specialist
jc_0_585,business_professional|creative_events,business_professional|creative_events,Artistic|Social,0.113,0.1554,0.2203,0.1977,0.1921,0.1215,jobcannon,adult_online,0.85,Creative / Commercial
jc_0_1360,creative_events|cyber_digital,creative_events|cyber_digital,Investigative|Artistic,0.1476,0.1894,0.1894,0.1393,0.1755,0.1588,jobcannon,adult_online,0.85,Technical Specialist
jc_0_793,aerospace_manufacturing|business_professional,aerospace_manufacturing|business_professional,Conventional|Enterprising,0.15,0.1333,0.1333,0.1167,0.2167,0.25,jobcannon,adult_online,0.85,Technical Specialist
jc_0_1272,business_professional|education_training|hospitality_tourism,business_professional|education_training|hospitality_tourism,Social|Conventional,0.16,0.152,0.1733,0.1867,0.1467,0.1813,jobcannon,adult_online,0.85,People & Care
jc_0_224,business_professional|cyber_digital|education_training,business_professional|cyber_digital|education_training,Investigative|Artistic,0.0812,0.276,0.1948,0.1558,0.1299,0.1623,jobcannon,adult_online,0.85,Technical Specialist
jc_0_561,creative_events|hospitality_retail,creative_events|hospitality_retail,Artistic|Social,0.1559,0.1559,0.2588,0.2,0.1618,0.0676,jobcannon,adult_online,0.85,Creative / Commercial
jc_0_325,business_professional|hospitality_retail|hospitality_tourism,business_professional|hospitality_retail|hospitality_tourism,Social|Conventional,0.0951,0.1141,0.1445,0.2662,0.1521,0.2281,jobcannon,adult_online,0.85,People & Care
jc_0_299,education_training|health_care|public_sector,education_training|health_care|public_sector,Social|Realistic,0.1751,0.1382,0.1521,0.2535,0.1751,0.106,jobcannon,adult_online,0.85,People & Care
jc_0_707,aerospace_manufacturing|construction_green|health_care,aerospace_manufacturing|construction_green|health_care,Realistic|Artistic,0.2141,0.132,0.1848,0.1672,0.1613,0.1408,jobcannon,adult_online,0.85,Hands-on Maker
jc_0_638,business_professional|health_care|hospitality_retail,business_professional|health_care|hospitality_retail,Social|Conventional,0.1179,0.1536,0.1,0.2607,0.1714,0.1964,jobcannon,adult_online,0.85,People & Care
jc_0_901,business_professional|creative_events|hospitality_retail,business_professional|creative_events|hospitality_retail,Investigative|Artistic,0.0497,0.2483,0.2252,0.1755,0.2086,0.0927,jobcannon,adult_online,0.85,Technical Specialist
jc_0_1442,business_professional|creative_events|hospitality_retail,business_professional|creative_events|hospitality_retail,Investigative|Artistic,0.1255,0.1901,0.1901,0.1711,0.1901,0.1331,jobcannon,adult_online,0.85,Technical Specialist
jc_0_503,agri_tech_food|construction_green|cyber_digital,agri_tech_food|construction_green|cyber_digital,Investigative|Realistic,0.1993,0.2727,0.0804,0.1224,0.1573,0.1678,jobcannon,adult_online,0.85,Technical Specialist
jc_0_3,education_training|health_care|public_sector,education_training|health_care|public_sector,Social|Artistic,0.1163,0.1698,0.186,0.2326,0.1326,0.1628,jobcannon,adult_online,0.85,People & Care
jc_0_711,agri_tech_food|cyber_digital|health_care,agri_tech_food|cyber_digital|health_care,Investigative|Artistic,0.1577,0.2208,0.1672,0.1672,0.1199,0.1672,jobcannon,adult_online,0.85,Technical Specialist
jc_0_467,creative_events|hospitality_retail,creative_events|hospitality_retail,Artistic|Social,0.1401,0.1629,0.2215,0.1726,0.1466,0.1564,jobcannon,adult_online,0.85,Creative / Commercial
jc_0_321,business_professional|creative_events|hospitality_retail,business_professional|creative_events|hospitality_retail,Enterprising|Artistic,0.1125,0.0965,0.2186,0.1704,0.2733,0.1286,jobcannon,adult_online,0.85,Creative / Commercial
jc_0_5,cyber_digital|health_care|public_sector,cyber_digital|health_care|public_sector,Social|Conventional,0.1263,0.202,0.1515,0.2096,0.101,0.2096,jobcannon,adult_online,0.85,People & Care
jc_0_925,business_professional|creative_events|hospitality_retail,business_professional|creative_events|hospitality_retail,Artistic|Enterprising,0.0357,0.1786,0.2366,0.1562,0.2009,0.192,jobcannon,adult_online,0.85,Creative / Commercial
jc_0_746,business_professional|creative_events|cyber_digital,business_professional|creative_events|cyber_digital,Investigative|Artistic,0.1134,0.2062,0.1959,0.1478,0.1821,0.1546,jobcannon,adult_online,0.85,Technical Specialist
jc_0_39,education_training|health_care|hospitality_tourism,education_training|health_care|hospitality_tourism,Social|Artistic,0.1095,0.1527,0.1873,0.2104,0.1527,0.1873,jobcannon,adult_online,0.85,People & Care
jc_0_542,business_professional|creative_events,business_professional|creative_events,Artistic|Social,0.0915,0.1982,0.2439,0.2378,0.1372,0.0915,jobcannon,adult_online,0.85,Creative / Commercial
jc_0_242,health_care|hospitality_retail|hospitality_tourism,health_care|hospitality_retail|hospitality_tourism,Social|Realistic,0.1803,0.1154,0.1755,0.2043,0.1683,0.1562,jobcannon,adult_online,0.85,People & Care
jc_0_576,education_training|health_care|public_sector,education_training|health_care|public_sector,Social|Investigative,0.0,0.2397,0.0,0.4795,0.089,0.1918,jobcannon,adult_online,0.85,People & Care
jc_0_811,business_professional|cyber_digital,business_professional|cyber_digital,Enterprising|Conventional,0.1842,0.1988,0.1316,0.0585,0.2135,0.2135,jobcannon,adult_online,0.85,Creative / Commercial
jc_0_643,aerospace_manufacturing|construction_green,aerospace_manufacturing|construction_green,Investigative|Realistic,0.3235,0.4,0.0176,0.1059,0.0176,0.1353,jobcannon,adult_online,0.85,Technical Specialist
jc_0_1040,business_professional,business_professional,Conventional|Social,0.1676,0.1559,0.1324,0.1765,0.1676,0.2,jobcannon,adult_online,0.85,Technical Specialist
jc_0_1326,aerospace_manufacturing|health_care|public_sector,aerospace_manufacturing|health_care|public_sector,Social|Conventional,0.0699,0.1237,0.0806,0.4301,0.1344,0.1613,jobcannon,adult_online,0.85,People & Care
jc_0_999,agri_tech_food|education_training|public_sector,agri_tech_food|education_training|public_sector,Investigative|Social,0.1327,0.2788,0.1327,0.2522,0.1018,0.1018,jobcannon,adult_online,0.85,Technical Specialist
jc_0_916,business_professional|hospitality_retail,business_professional|hospitality_retail,Conventional|Enterprising,0.1274,0.1274,0.1544,0.166,0.2046,0.2201,jobcannon,adult_online,0.85,Technical Specialist
jc_0_1349,agri_tech_food|cyber_digital|health_care,agri_tech_food|cyber_digital|health_care,Investigative|Social,0.0672,0.5462,0.0672,0.2521,0.0,0.0672,jobcannon,adult_online,0.85,Technical Specialist
jc_0_376,business_professional|construction_green|hospitality_retail,business_professional|construction_green|hospitality_retail,Enterprising|Realistic,0.1829,0.122,0.1829,0.1138,0.2642,0.1341,jobcannon,adult_online,0.85,Creative / Commercial
jc_0_314,aerospace_manufacturing|construction_green,aerospace_manufacturing|construction_green,Conventional|Realistic,0.2239,0.1679,0.1045,0.1119,0.1119,0.2799,jobcannon,adult_online,0.85,Technical Specialist
jc_0_442,business_professional|creative_events|hospitality_retail,business_professional|creative_events|hospitality_retail,Enterprising|Artistic,0.1244,0.08,0.2444,0.1467,0.28,0.1244,jobcannon,adult_online,0.85,Creative / Commercial
jc_0_765,aerospace_manufacturing|business_professional|hospitality_retail,aerospace_manufacturing|business_professional|hospitality_retail,Enterprising|Social,0.1269,0.0308,0.1154,0.2038,0.3385,0.1846,jobcannon,adult_online,0.85,Creative / Commercial
jc_0_754,business_professional|education_training|health_care,business_professional|education_training|health_care,Social|Artistic,0.1064,0.1489,0.1915,0.234,0.1489,0.1702,jobcannon,adult_online,0.85,People & Care
jc_0_424,aerospace_manufacturing|business_professional|construction_green,aerospace_manufacturing|business_professional|construction_green,Enterprising|Realistic,0.2194,0.1567,0.0878,0.094,0.2288,0.2132,jobcannon,adult_online,0.85,Creative / Commercial
jc_0_553,aerospace_manufacturing|business_professional|hospitality_retail,aerospace_manufacturing|business_professional|hospitality_retail,Enterprising|Conventional,0.0,0.0,0.0,0.0,0.5,0.5,jobcannon,adult_online,0.85,Creative / Commercial
jc_0_849,construction_green|creative_events|hospitality_retail,construction_green|creative_events|hospitality_retail,Artistic|Realistic,0.2025,0.1651,0.2181,0.1651,0.1558,0.0935,jobcannon,adult_online,0.85,Creative / Commercial
jc_0_1181,health_care|public_sector,health_care|public_sector,Investigative|Social,0.1655,0.1927,0.1361,0.1882,0.1587,0.1587,jobcannon,adult_online,0.85,Technical Specialist
jc_0_968,health_care|hospitality_retail|public_sector,health_care|hospitality_retail|public_sector,Social|Enterprising,0.1616,0.1111,0.1785,0.2458,0.2189,0.0842,jobcannon,adult_online,0.85,People & Care
jc_0_227,business_professional|cyber_digital,business_professional|cyber_digital,Investigative|Conventional,0.1429,0.2208,0.1299,0.1299,0.1688,0.2078,jobcannon,adult_online,0.85,Technical Specialist
jc_0_679,business_professional|health_care|hospitality_retail,business_professional|health_care|hospitality_retail,Social|Artistic,0.0565,0.0783,0.2304,0.2391,0.1652,0.2304,jobcannon,adult_online,0.85,People & Care
jc_0_1438,business_professional|creative_events|public_sector,business_professional|creative_events|public_sector,Artistic|Social,0.0931,0.1619,0.2429,0.2146,0.0931,0.1943,jobcannon,adult_online,0.85,Creative / Commercial
jc_0_930,agri_tech_food|education_training|health_care,agri_tech_food|education_training|health_care,Investigative|Social,0.1336,0.2753,0.1741,0.2024,0.1012,0.1134,jobcannon,adult_online,0.85,Technical Specialist
jc_0_889,creative_events|education_training|public_sector,creative_events|education_training|public_sector,Artistic|Social,0.0554,0.1524,0.2438,0.2216,0.1524,0.1745,jobcannon,adult_online,0.85,Creative / Commercial
jc_0_66,health_care|hospitality_retail|hospitality_tourism,health_care|hospitality_retail|hospitality_tourism,Conventional|Enterprising,0.1404,0.1296,0.162,0.1728,0.1836,0.2117,jobcannon,adult_online,0.85,Technical Specialist
jc_1_807,health_care|public_sector,health_care|public_sector,Social|Realistic,0.3333,0.0,0.0,0.5051,0.0808,0.0808,jobcannon,adult_online,0.85,Creative / Commercial
jc_1_1718,education_training|health_care|public_sector,education_training|health_care|public_sector,Social|Artistic,0.0,0.17,0.33,0.5,0.0,0.0,jobcannon,adult_online,0.85,Creative / Commercial
jc_1_1820,business_professional|education_training|public_sector,business_professional|education_training|public_sector,Investigative|Social,0.0,0.4158,0.0,0.2475,0.1683,0.1683,jobcannon,adult_online,0.85,Creative / Commercial
jc_1_381,aerospace_manufacturing|construction_green,aerospace_manufacturing|construction_green,Realistic|Investigative,0.5,0.5,0.0,0.0,0.0,0.0,jobcannon,adult_online,0.85,Creative / Commercial
jc_1_1622,creative_events|hospitality_retail,creative_events|hospitality_retail,Artistic|Enterprising,0.1683,0.0,0.4158,0.1683,0.2475,0.0,jobcannon,adult_online,0.85,Technical Specialist
jc_1_1164,business_professional|hospitality_retail|hospitality_tourism,business_professional|hospitality_retail|hospitality_tourism,Enterprising|Realistic,0.25,0.0,0.17,0.17,0.33,0.08,jobcannon,adult_online,0.85,Hands-on Maker
jc_1_1245,education_training|health_care|public_sector,education_training|health_care|public_sector,Investigative|Social,0.0,0.42,0.0,0.42,0.08,0.08,jobcannon,adult_online,0.85,Technical Specialist
jc_1_298,health_care|public_sector,health_care|public_sector,Social|Conventional,0.0,0.08,0.0,0.75,0.0,0.17,jobcannon,adult_online,0.85,Technical Specialist
jc_1_1599,aerospace_manufacturing|business_professional|hospitality_retail,aerospace_manufacturing|business_professional|hospitality_retail,Conventional|Realistic,0.2525,0.0808,0.0808,0.0,0.2525,0.3333,jobcannon,adult_online,0.85,Creative / Commercial
jc_1_1446,business_professional|cyber_digital,business_professional|cyber_digital,Investigative|Enterprising,0.0,0.42,0.0,0.08,0.33,0.17,jobcannon,adult_online,0.85,Creative / Commercial
jc_1_786,aerospace_manufacturing|creative_events|cyber_digital,aerospace_manufacturing|creative_events|cyber_digital,Artistic|Investigative,0.0,0.2525,0.5859,0.0,0.0808,0.0808,jobcannon,adult_online,0.85,Creative / Commercial
jc_1_1895,creative_events,creative_events,Artistic|Investigative,0.0,0.17,0.83,0.0,0.0,0.0,jobcannon,adult_online,0.85,Creative / Commercial
jc_1_82,aerospace_manufacturing|business_professional|health_care,aerospace_manufacturing|business_professional|health_care,Conventional|Enterprising,0.17,0.08,0.0,0.17,0.25,0.33,jobcannon,adult_online,0.85,Creative / Commercial
jc_1_495,aerospace_manufacturing|agri_tech_food|construction_green,aerospace_manufacturing|agri_tech_food|construction_green,Enterprising|Realistic,0.25,0.17,0.08,0.0,0.33,0.17,jobcannon,adult_online,0.85,Creative / Commercial
jc_1_746,aerospace_manufacturing|business_professional,aerospace_manufacturing|business_professional,Enterprising|Conventional,0.08,0.08,0.0,0.0,0.42,0.42,jobcannon,adult_online,0.85,Creative / Commercial
jc_1_1168,business_professional|construction_green|hospitality_tourism,business_professional|construction_green|hospitality_tourism,Enterprising|Realistic,0.1683,0.1683,0.1683,0.1683,0.2475,0.0792,jobcannon,adult_online,0.85,Hands-on Maker
jc_1_926,business_professional|construction_green|hospitality_retail,business_professional|construction_green|hospitality_retail,Enterprising|Realistic,0.17,0.0,0.08,0.08,0.5,0.17,jobcannon,adult_online,0.85,Creative / Commercial
jc_1_628,aerospace_manufacturing|construction_green,aerospace_manufacturing|construction_green,Realistic|Artistic,0.3333,0.0808,0.3333,0.0808,0.0,0.1717,jobcannon,adult_online,0.85,Creative / Commercial
jc_1_527,health_care|hospitality_retail|hospitality_tourism,health_care|hospitality_retail|hospitality_tourism,Social|Enterprising,0.08,0.0,0.0,0.42,0.25,0.25,jobcannon,adult_online,0.85,Technical Specialist
jc_1_1929,agri_tech_food|business_professional|cyber_digital,agri_tech_food|business_professional|cyber_digital,Investigative|Enterprising,0.0,0.92,0.0,0.0,0.08,0.0,jobcannon,adult_online,0.85,Technical Specialist
jc_1_447,business_professional|creative_events|hospitality_retail,business_professional|creative_events|hospitality_retail,Artistic|Enterprising,0.0,0.0,0.33,0.17,0.25,0.25,jobcannon,adult_online,0.85,Technical Specialist
jc_1_822,business_professional,business_professional,Conventional|Artistic,0.0,0.0,0.17,0.08,0.17,0.58,jobcannon,adult_online,0.85,Creative / Commercial
jc_1_730,creative_events|hospitality_retail,creative_events|hospitality_retail,Artistic|Social,0.0808,0.0808,0.5051,0.1717,0.0808,0.0808,jobcannon,adult_online,0.85,Technical Specialist
jc_1_1440,agri_tech_food|construction_green|public_sector,agri_tech_food|construction_green|public_sector,Realistic,1.0,0.0,0.0,0.0,0.0,0.0,jobcannon,adult_online,0.85,Creative / Commercial
jc_1_1189,aerospace_manufacturing|construction_green|cyber_digital,aerospace_manufacturing|construction_green|cyber_digital,Investigative|Realistic,0.33,0.67,0.0,0.0,0.0,0.0,jobcannon,adult_online,0.85,Technical Specialist
jc_1_1503,education_training|health_care|public_sector,education_training|health_care|public_sector,Social|Investigative,0.0,0.17,0.17,0.5,0.08,0.08,jobcannon,adult_online,0.85,Technical Specialist
jc_1_826,business_professional|creative_events|hospitality_retail,business_professional|creative_events|hospitality_retail,Investigative|Enterprising,0.08,0.25,0.17,0.17,0.25,0.08,jobcannon,adult_online,0.85,Hands-on Maker
jc_1_1807,business_professional|health_care|hospitality_retail,business_professional|health_care|hospitality_retail,Enterprising|Social,0.08,0.0,0.17,0.25,0.42,0.08,jobcannon,adult_online,0.85,Hands-on Maker
jc_1_1559,aerospace_manufacturing|construction_green|creative_events,aerospace_manufacturing|construction_green|creative_events,Conventional|Realistic,0.25,0.25,0.17,0.0,0.0,0.33,jobcannon,adult_online,0.85,Technical Specialist
jc_1_1011,business_professional|hospitality_retail,business_professional|hospitality_retail,Enterprising|Investigative,0.0,0.33,0.0,0.17,0.42,0.08,jobcannon,adult_online,0.85,Creative / Commercial
jc_1_1143,health_care|public_sector,health_care|public_sector,Social|Conventional,0.0,0.0,0.0,0.67,0.08,0.25,jobcannon,adult_online,0.85,Technical Specialist
jc_1_370,business_professional|cyber_digital,business_professional|cyber_digital,Investigative|Enterprising,0.0,0.3333,0.0808,0.0,0.3333,0.2525,jobcannon,adult_online,0.85,Creative / Commercial
jc_1_91,aerospace_manufacturing|construction_green,aerospace_manufacturing|construction_green,Realistic|Artistic,0.33,0.08,0.25,0.17,0.0,0.17,jobcannon,adult_online,0.85,Technical Specialist
jc_1_1410,agri_tech_food|construction_green|public_sector,agri_tech_food|construction_green|public_sector,Realistic|Social,0.5859,0.0808,0.0,0.2525,0.0,0.0808,jobcannon,adult_online,0.85,Creative / Commercial
jc_1_125,business_professional|construction_green|hospitality_retail,business_professional|construction_green|hospitality_retail,Enterprising|Artistic,0.0,0.0,0.1683,0.1683,0.6634,0.0,jobcannon,adult_online,0.85,Creative / Commercial
jc_1_970,creative_events|hospitality_retail,creative_events|hospitality_retail,Artistic|Social,0.0808,0.0,0.5051,0.3333,0.0,0.0808,jobcannon,adult_online,0.85,Technical Specialist
jc_1_1720,business_professional|creative_events|cyber_digital,business_professional|creative_events|cyber_digital,Artistic|Enterprising,0.0,0.0,0.58,0.0,0.42,0.0,jobcannon,adult_online,0.85,Technical Specialist
jc_1_500,creative_events|hospitality_retail,creative_events|hospitality_retail,Artistic|Social,0.0,0.0808,0.5859,0.1717,0.0808,0.0808,jobcannon,adult_online,0.85,Technical Specialist
jc_1_1279,agri_tech_food|cyber_digital|health_care,agri_tech_food|cyber_digital|health_care,Investigative|Artistic,0.17,0.58,0.25,0.0,0.0,0.0,jobcannon,adult_online,0.85,Creative / Commercial
jc_1_393,business_professional|cyber_digital,business_professional|cyber_digital,Conventional|Investigative,0.0,0.17,0.0,0.0,0.08,0.75,jobcannon,adult_online,0.85,Creative / Commercial
jc_1_392,aerospace_manufacturing|agri_tech_food|construction_green,aerospace_manufacturing|agri_tech_food|construction_green,Realistic,1.0,0.0,0.0,0.0,0.0,0.0,jobcannon,adult_online,0.85,Creative / Commercial
jc_1_460,business_professional|cyber_digital|health_care,business_professional|cyber_digital|health_care,Investigative|Enterprising,0.0,0.5051,0.0808,0.0,0.3333,0.0808,jobcannon,adult_online,0.85,Creative / Commercial
jc_1_1945,aerospace_manufacturing|business_professional|cyber_digital,aerospace_manufacturing|business_professional|cyber_digital,Investigative|Conventional,0.1683,0.4158,0.1683,0.0,0.0,0.2475,jobcannon,adult_online,0.85,Creative / Commercial
jc_1_506,aerospace_manufacturing|health_care|public_sector,aerospace_manufacturing|health_care|public_sector,Social|Realistic,0.25,0.08,0.08,0.42,0.17,0.0,jobcannon,adult_online,0.85,Technical Specialist
jc_1_1926,education_training|health_care|public_sector,education_training|health_care|public_sector,Social|Enterprising,0.0808,0.0,0.0808,0.5859,0.1717,0.0808,jobcannon,adult_online,0.85,Creative / Commercial
jc_1_1204,creative_events|cyber_digital,creative_events|cyber_digital,Artistic|Investigative,0.0,0.25,0.33,0.17,0.17,0.08,jobcannon,adult_online,0.85,Technical Specialist
jc_1_565,business_professional|creative_events|cyber_digital,business_professional|creative_events|cyber_digital,Investigative|Artistic,0.0,0.42,0.33,0.0,0.08,0.17,jobcannon,adult_online,0.85,Technical Specialist
jc_1_1764,aerospace_manufacturing|construction_green|cyber_digital,aerospace_manufacturing|construction_green|cyber_digital,Realistic|Conventional,0.5,0.17,0.0,0.08,0.0,0.25,jobcannon,adult_online,0.85,Creative / Commercial
jc_1_709,health_care|hospitality_tourism|public_sector,health_care|hospitality_tourism|public_sector,Social|Conventional,0.0,0.0,0.25,0.42,0.0,0.33,jobcannon,adult_online,0.85,Technical Specialist
jc_1_1213,agri_tech_food|business_professional|cyber_digital,agri_tech_food|business_professional|cyber_digital,Investigative|Enterprising,0.0,0.5,0.0,0.17,0.33,0.0,jobcannon,adult_online,0.85,Technical Specialist
jc_1_1420,business_professional,business_professional,Conventional|Enterprising,0.0,0.1683,0.0,0.1683,0.2475,0.4158,jobcannon,adult_online,0.85,Creative / Commercial
jc_1_112,health_care|public_sector,health_care|public_sector,Social|Investigative,0.0808,0.1717,0.0808,0.5051,0.0808,0.0808,jobcannon,adult_online,0.85,Creative / Commercial
jc_1_596,education_training|health_care|hospitality_retail,education_training|health_care|hospitality_retail,Artistic|Social,0.0,0.1683,0.4158,0.4158,0.0,0.0,jobcannon,adult_online,0.85,Technical Specialist
jc_1_812,education_training|health_care|public_sector,education_training|health_care|public_sector,Investigative|Social,0.0,0.42,0.0,0.33,0.25,0.0,jobcannon,adult_online,0.85,Creative / Commercial
jc_1_909,education_training|health_care|public_sector,education_training|health_care|public_sector,Social|Investigative,0.0,0.25,0.17,0.5,0.08,0.0,jobcannon,adult_online,0.85,Creative / Commercial
jc_1_1262,business_professional|creative_events|hospitality_tourism,business_professional|creative_events|hospitality_tourism,Artistic|Social,0.08,0.17,0.25,0.25,0.17,0.08,jobcannon,adult_online,0.85,Creative / Commercial
jc_1_1671,creative_events|hospitality_retail,creative_events|hospitality_retail,Artistic|Social,0.08,0.0,0.42,0.25,0.08,0.17,jobcannon,adult_online,0.85,Technical Specialist
jc_1_1479,business_professional|creative_events|cyber_digital,business_professional|creative_events|cyber_digital,Artistic|Realistic,0.1683,0.1683,0.495,0.1683,0.0,0.0,jobcannon,adult_online,0.85,Creative / Commercial
jc_1_1395,creative_events|health_care|hospitality_retail,creative_events|health_care|hospitality_retail,Artistic|Social,0.0,0.17,0.58,0.25,0.0,0.0,jobcannon,adult_online,0.85,Creative / Commercial
jc_1_1928,business_professional|cyber_digital|health_care,business_professional|cyber_digital|health_care,Investigative|Artistic,0.0,0.3333,0.3333,0.0,0.0808,0.2525,jobcannon,adult_online,0.85,Creative / Commercial
jc_1_1833,business_professional|construction_green|hospitality_retail,business_professional|construction_green|hospitality_retail,Enterprising|Artistic,0.0,0.0,0.08,0.0,0.92,0.0,jobcannon,adult_online,0.85,Technical Specialist
jc_1_1495,aerospace_manufacturing|agri_tech_food|health_care,aerospace_manufacturing|agri_tech_food|health_care,Investigative|Realistic,0.3333,0.5859,0.0808,0.0,0.0,0.0,jobcannon,adult_online,0.85,Technical Specialist
jc_1_1235,agri_tech_food|business_professional|cyber_digital,agri_tech_food|business_professional|cyber_digital,Investigative|Conventional,0.17,0.58,0.0,0.0,0.0,0.25,jobcannon,adult_online,0.85,Creative / Commercial
jc_1_990,business_professional|hospitality_retail,business_professional|hospitality_retail,Enterprising|Artistic,0.0,0.0,0.1683,0.1683,0.495,0.1683,jobcannon,adult_online,0.85,Hands-on Maker
jc_1_72,business_professional|construction_green|hospitality_retail,business_professional|construction_green|hospitality_retail,Enterprising|Realistic,0.1683,0.1683,0.0,0.0,0.6634,0.0,jobcannon,adult_online,0.85,Creative / Commercial
jc_1_1161,aerospace_manufacturing|business_professional|cyber_digital,aerospace_manufacturing|business_professional|cyber_digital,Enterprising|Investigative,0.0,0.33,0.0,0.0,0.5,0.17,jobcannon,adult_online,0.85,Creative / Commercial
jc_1_423,creative_events|education_training|health_care,creative_events|education_training|health_care,Social|Artistic,0.0808,0.0808,0.2525,0.3333,0.0808,0.1717,jobcannon,adult_online,0.85,Creative / Commercial
jc_1_371,aerospace_manufacturing|construction_green|hospitality_retail,aerospace_manufacturing|construction_green|hospitality_retail,Realistic|Enterprising,0.42,0.0,0.0,0.08,0.42,0.08,jobcannon,adult_online,0.85,Creative / Commercial
jc_1_1418,agri_tech_food|business_professional|cyber_digital,agri_tech_food|business_professional|cyber_digital,Investigative|Enterprising,0.0,0.92,0.0,0.0,0.08,0.0,jobcannon,adult_online,0.85,Technical Specialist
jc_1_497,health_care|public_sector,health_care|public_sector,Social|Conventional,0.0,0.08,0.0,0.67,0.08,0.17,jobcannon,adult_online,0.85,Technical Specialist
jc_1_270,aerospace_manufacturing|business_professional|construction_green,aerospace_manufacturing|business_professional|construction_green,Investigative|Social,0.0,0.25,0.0,0.25,0.25,0.25,jobcannon,adult_online,0.85,Creative / Commercial
jc_1_353,creative_events|hospitality_retail|hospitality_tourism,creative_events|hospitality_retail|hospitality_tourism,Enterprising|Artistic,0.08,0.0,0.25,0.17,0.33,0.17,jobcannon,adult_online,0.85,Creative / Commercial
jc_1_1098,agri_tech_food|business_professional|cyber_digital,agri_tech_food|business_professional|cyber_digital,Investigative|Enterprising,0.0,0.58,0.0,0.08,0.17,0.17,jobcannon,adult_online,0.85,Creative / Commercial
jc_1_202,business_professional|hospitality_retail|hospitality_tourism,business_professional|hospitality_retail|hospitality_tourism,Enterprising|Social,0.17,0.08,0.17,0.25,0.33,0.0,jobcannon,adult_online,0.85,Hands-on Maker
jc_1_1431,education_training|health_care|public_sector,education_training|health_care|public_sector,Artistic|Social,0.08,0.08,0.42,0.42,0.0,0.0,jobcannon,adult_online,0.85,Creative / Commercial
jc_1_911,agri_tech_food|business_professional|cyber_digital,agri_tech_food|business_professional|cyber_digital,Investigative|Conventional,0.0,0.58,0.0,0.17,0.0,0.25,jobcannon,adult_online,0.85,Technical Specialist
jc_1_1028,aerospace_manufacturing|construction_green|public_sector,aerospace_manufacturing|construction_green|public_sector,Realistic,1.0,0.0,0.0,0.0,0.0,0.0,jobcannon,adult_online,0.85,Creative / Commercial
jc_1_1681,aerospace_manufacturing|health_care|public_sector,aerospace_manufacturing|health_care|public_sector,Social|Realistic,0.25,0.0,0.17,0.42,0.08,0.08,jobcannon,adult_online,0.85,Creative / Commercial
jc_1_725,business_professional|construction_green|hospitality_retail,business_professional|construction_green|hospitality_retail,Enterprising|Realistic,0.17,0.17,0.08,0.17,0.33,0.08,jobcannon,adult_online,0.85,People & Care
jc_1_678,business_professional|cyber_digital,business_professional|cyber_digital,Enterprising|Investigative,0.0,0.33,0.0,0.0,0.42,0.25,jobcannon,adult_online,0.85,Creative / Commercial
jc_1_1165,agri_tech_food|construction_green|public_sector,agri_tech_food|construction_green|public_sector,Realistic|Enterprising,0.92,0.0,0.0,0.0,0.08,0.0,jobcannon,adult_online,0.85,Creative / Commercial
jc_1_384,business_professional|hospitality_retail,business_professional|hospitality_retail,Enterprising|Social,0.0,0.08,0.0,0.42,0.5,0.0,jobcannon,adult_online,0.85,Creative / Commercial
jc_1_848,business_professional|cyber_digital,business_professional|cyber_digital,Conventional|Artistic,0.0,0.0,0.08,0.0,0.0,0.92,jobcannon,adult_online,0.85,Creative / Commercial
jc_1_1241,aerospace_manufacturing|construction_green|cyber_digital,aerospace_manufacturing|construction_green|cyber_digital,Investigative|Artistic,0.1683,0.2475,0.2475,0.0,0.1683,0.1683,jobcannon,adult_online,0.85,Creative / Commercial
jc_1_1355,business_professional|construction_green|creative_events,business_professional|construction_green|creative_events,Enterprising|Investigative,0.0,0.25,0.17,0.08,0.5,0.0,jobcannon,adult_online,0.85,Technical Specialist
jc_1_1069,health_care|public_sector,health_care|public_sector,Social|Investigative,0.0,0.25,0.08,0.67,0.0,0.0,jobcannon,adult_online,0.85,Technical Specialist
jc_1_1290,agri_tech_food|construction_green|public_sector,agri_tech_food|construction_green|public_sector,Realistic|Investigative,0.33,0.25,0.0,0.17,0.25,0.0,jobcannon,adult_online,0.85,Creative / Commercial
jc_1_636,aerospace_manufacturing|construction_green,aerospace_manufacturing|construction_green,Realistic|Investigative,0.3333,0.3333,0.1717,0.0,0.0808,0.0808,jobcannon,adult_online,0.85,Creative / Commercial
jc_1_68,health_care|public_sector,health_care|public_sector,Social|Conventional,0.08,0.17,0.08,0.42,0.0,0.25,jobcannon,adult_online,0.85,Creative / Commercial
jc_1_1501,aerospace_manufacturing|agri_tech_food|public_sector,aerospace_manufacturing|agri_tech_food|public_sector,Realistic,1.0,0.0,0.0,0.0,0.0,0.0,jobcannon,adult_online,0.85,Creative / Commercial
jc_1_1353,aerospace_manufacturing|creative_events|cyber_digital,aerospace_manufacturing|creative_events|cyber_digital,Investigative|Artistic,0.17,0.33,0.25,0.0,0.08,0.17,jobcannon,adult_online,0.85,Creative / Commercial
jc_1_1506,aerospace_manufacturing|agri_tech_food|construction_green,aerospace_manufacturing|agri_tech_food|construction_green,Realistic|Enterprising,0.67,0.08,0.0,0.08,0.17,0.0,jobcannon,adult_online,0.85,Creative / Commercial
jc_1_1383,education_training|health_care|public_sector,education_training|health_care|public_sector,Social|Artistic,0.0,0.17,0.33,0.42,0.0,0.08,jobcannon,adult_online,0.85,Creative / Commercial
jc_1_131,agri_tech_food|business_professional|cyber_digital,agri_tech_food|business_professional|cyber_digital,Investigative|Social,0.0,0.92,0.0,0.08,0.0,0.0,jobcannon,adult_online,0.85,Technical Specialist
jc_1_1662,aerospace_manufacturing|agri_tech_food|construction_green,aerospace_manufacturing|agri_tech_food|construction_green,Realistic|Social,0.92,0.0,0.0,0.08,0.0,0.0,jobcannon,adult_online,0.85,Creative / Commercial
jc_1_1336,business_professional|cyber_digital|hospitality_retail,business_professional|cyber_digital|hospitality_retail,Enterprising|Investigative,0.0,0.25,0.17,0.08,0.33,0.17,jobcannon,adult_online,0.85,Technical Specialist
jc_1_805,business_professional|cyber_digital,business_professional|cyber_digital,Investigative|Enterprising,0.08,0.5,0.08,0.0,0.17,0.17,jobcannon,adult_online,0.85,Creative / Commercial
jc_1_620,aerospace_manufacturing|agri_tech_food|business_professional,aerospace_manufacturing|agri_tech_food|business_professional,Realistic|Enterprising,0.3333,0.0808,0.0,0.0808,0.3333,0.1717,jobcannon,adult_online,0.85,Creative / Commercial
jc_1_2000,aerospace_manufacturing|agri_tech_food|construction_green,aerospace_manufacturing|agri_tech_food|construction_green,Investigative|Realistic,0.1717,0.5859,0.0808,0.0,0.0808,0.0808,jobcannon,adult_online,0.85,Technical Specialist
jc_1_916,aerospace_manufacturing|construction_green|health_care,aerospace_manufacturing|construction_green|health_care,Investigative|Realistic,0.42,0.5,0.0,0.08,0.0,0.0,jobcannon,adult_online,0.85,Technical Specialist
jc_1_1039,construction_green|creative_events|cyber_digital,construction_green|creative_events|cyber_digital,Investigative|Enterprising,0.17,0.25,0.17,0.08,0.25,0.08,jobcannon,adult_online,0.85,Creative / Commercial
jc_1_348,creative_events,creative_events,Artistic|Investigative,0.0,0.1683,0.495,0.1683,0.1683,0.0,jobcannon,adult_online,0.85,Creative / Commercial
jc_1_1938,agri_tech_food|cyber_digital|health_care,agri_tech_food|cyber_digital|health_care,Investigative|Realistic,0.17,0.67,0.0,0.08,0.08,0.0,jobcannon,adult_online,0.85,Technical Specialist
jc_1_1707,aerospace_manufacturing|agri_tech_food|health_care,aerospace_manufacturing|agri_tech_food|health_care,Investigative|Realistic,0.3333,0.5051,0.0,0.0808,0.0,0.0808,jobcannon,adult_online,0.85,Creative / Commercial
jc_1_29,education_training|health_care|public_sector,education_training|health_care|public_sector,Social|Investigative,0.0,0.1683,0.1683,0.4158,0.1683,0.0792,jobcannon,adult_online,0.85,People & Care
jc_1_865,business_professional|cyber_digital|public_sector,business_professional|cyber_digital|public_sector,Investigative|Artistic,0.0,0.25,0.25,0.25,0.0,0.25,jobcannon,adult_online,0.85,Creative / Commercial
jc_1_1424,business_professional|cyber_digital,business_professional|cyber_digital,Conventional|Investigative,0.17,0.25,0.08,0.08,0.0,0.42,jobcannon,adult_online,0.85,Creative / Commercial
jc_1_1799,aerospace_manufacturing|agri_tech_food|construction_green,aerospace_manufacturing|agri_tech_food|construction_green,Realistic,1.0,0.0,0.0,0.0,0.0,0.0,jobcannon,adult_online,0.85,Creative / Commercial
jc_1_1056,agri_tech_food|business_professional|cyber_digital,agri_tech_food|business_professional|cyber_digital,Investigative|Realistic,0.1683,0.495,0.1683,0.0,0.1683,0.0,jobcannon,adult_online,0.85,Technical Specialist
jc_1_963,business_professional|construction_green|hospitality_retail,business_professional|construction_green|hospitality_retail,Enterprising|Realistic,0.17,0.17,0.0,0.08,0.58,0.0,jobcannon,adult_online,0.85,Technical Specialist
jc_1_1299,business_professional|construction_green|hospitality_retail,business_professional|construction_green|hospitality_retail,Enterprising|Investigative,0.0808,0.3333,0.0,0.0808,0.5051,0.0,jobcannon,adult_online,0.85,Technical Specialist
jc_1_1443,creative_events,creative_events,Artistic|Investigative,0.0,0.08,0.92,0.0,0.0,0.0,jobcannon,adult_online,0.85,Creative / Commercial
jc_1_152,creative_events,creative_events,Artistic|Realistic,0.25,0.25,0.33,0.0,0.17,0.0,jobcannon,adult_online,0.85,Creative / Commercial
jc_1_694,creative_events|hospitality_retail,creative_events|hospitality_retail,Artistic|Realistic,0.1683,0.0792,0.4158,0.1683,0.1683,0.0,jobcannon,adult_online,0.85,Technical Specialist
jc_1_720,agri_tech_food|business_professional|cyber_digital,agri_tech_food|business_professional|cyber_digital,Investigative,0.0,1.0,0.0,0.0,0.0,0.0,jobcannon,adult_online,0.85,Technical Specialist
jc_1_363,agri_tech_food|health_care|public_sector,agri_tech_food|health_care|public_sector,Investigative|Social,0.08,0.42,0.17,0.25,0.08,0.0,jobcannon,adult_online,0.85,Technical Specialist
jc_1_658,aerospace_manufacturing|business_professional|cyber_digital,aerospace_manufacturing|business_professional|cyber_digital,Investigative|Enterprising,0.08,0.58,0.0,0.0,0.17,0.17,jobcannon,adult_online,0.85,Creative / Commercial
jc_1_1388,education_training|health_care|public_sector,education_training|health_care|public_sector,Social|Investigative,0.0,0.33,0.17,0.42,0.08,0.0,jobcannon,adult_online,0.85,Creative / Commercial
jc_1_388,aerospace_manufacturing|construction_green,aerospace_manufacturing|construction_green,Realistic|Investigative,0.42,0.33,0.0,0.08,0.0,0.17,jobcannon,adult_online,0.85,Creative / Commercial
jc_1_868,construction_green|hospitality_tourism|public_sector,construction_green|hospitality_tourism|public_sector,Realistic|Social,0.25,0.08,0.0,0.25,0.25,0.17,jobcannon,adult_online,0.85,Creative / Commercial
jc_1_1698,business_professional|construction_green|public_sector,business_professional|construction_green|public_sector,Artistic|Conventional,0.1683,0.1683,0.2475,0.1683,0.0,0.2475,jobcannon,adult_online,0.85,Creative / Commercial
jc_1_1061,agri_tech_food|business_professional|cyber_digital,agri_tech_food|business_professional|cyber_digital,Investigative,0.0,1.0,0.0,0.0,0.0,0.0,jobcannon,adult_online,0.85,Creative / Commercial
jc_1_1255,business_professional|hospitality_retail,business_professional|hospitality_retail,Enterprising|Conventional,0.0,0.0808,0.0,0.0808,0.5859,0.2525,jobcannon,adult_online,0.85,Creative / Commercial
jc_1_1873,education_training|health_care|public_sector,education_training|health_care|public_sector,Social|Artistic,0.0,0.0,0.08,0.92,0.0,0.0,jobcannon,adult_online,0.85,Technical Specialist
jc_1_1146,creative_events|health_care|public_sector,creative_events|health_care|public_sector,Social|Investigative,0.08,0.25,0.17,0.5,0.0,0.0,jobcannon,adult_online,0.85,Technical Specialist
jc_1_523,aerospace_manufacturing|construction_green|hospitality_tourism,aerospace_manufacturing|construction_green|hospitality_tourism,Realistic|Social,0.33,0.08,0.17,0.25,0.0,0.17,jobcannon,adult_online,0.85,Creative / Commercial
jc_1_1158,aerospace_manufacturing|construction_green|creative_events,aerospace_manufacturing|construction_green|creative_events,Artistic|Realistic,0.42,0.08,0.5,0.0,0.0,0.0,jobcannon,adult_online,0.85,Technical Specialist
jc_1_1898,business_professional|cyber_digital,business_professional|cyber_digital,Investigative|Conventional,0.0,0.5051,0.0808,0.0808,0.0808,0.2525,jobcannon,adult_online,0.85,Creative / Commercial
jc_1_134,creative_events|hospitality_retail,creative_events|hospitality_retail,Artistic|Conventional,0.08,0.08,0.42,0.17,0.0,0.25,jobcannon,adult_online,0.85,Creative / Commercial
jc_1_289,health_care|public_sector,health_care|public_sector,Social|Realistic,0.17,0.17,0.08,0.33,0.17,0.08,jobcannon,adult_online,0.85,Creative / Commercial
jc_1_1512,business_professional,business_professional,Conventional|Realistic,0.17,0.08,0.17,0.08,0.08,0.42,jobcannon,adult_online,0.85,Creative / Commercial
jc_1_284,health_care|public_sector,health_care|public_sector,Social|Realistic,0.2475,0.1683,0.0,0.4158,0.1683,0.0,jobcannon,adult_online,0.85,Technical Specialist
jc_1_1259,agri_tech_food|cyber_digital|health_care,agri_tech_food|cyber_digital|health_care,Investigative|Realistic,0.17,0.75,0.0,0.0,0.08,0.0,jobcannon,adult_online,0.85,Technical Specialist
jc_1_903,aerospace_manufacturing|agri_tech_food|public_sector,aerospace_manufacturing|agri_tech_food|public_sector,Realistic|Enterprising,0.92,0.0,0.0,0.0,0.08,0.0,jobcannon,adult_online,0.85,Creative / Commercial
jc_1_1471,agri_tech_food|cyber_digital|health_care,agri_tech_food|cyber_digital|health_care,Investigative|Realistic,0.17,0.67,0.08,0.0,0.08,0.0,jobcannon,adult_online,0.85,Technical Specialist
jc_1_333,education_training|health_care|public_sector,education_training|health_care|public_sector,Social|Artistic,0.0808,0.0808,0.3333,0.5051,0.0,0.0,jobcannon,adult_online,0.85,People & Care
jc_1_1865,creative_events|hospitality_tourism,creative_events|hospitality_tourism,Artistic,0.0,0.0,1.0,0.0,0.0,0.0,jobcannon,adult_online,0.85,Technical Specialist
jc_1_1086,business_professional|cyber_digital,business_professional|cyber_digital,Conventional|Artistic,0.0,0.0792,0.1683,0.1683,0.1683,0.4158,jobcannon,adult_online,0.85,Creative / Commercial
jc_1_442,creative_events|hospitality_retail,creative_events|hospitality_retail,Artistic|Realistic,0.3333,0.0,0.5051,0.0,0.0808,0.0808,jobcannon,adult_online,0.85,Creative / Commercial
jc_1_1774,creative_events|hospitality_retail,creative_events|hospitality_retail,Artistic|Social,0.0,0.0,0.58,0.25,0.17,0.0,jobcannon,adult_online,0.85,Technical Specialist
jc_1_48,health_care|public_sector,health_care|public_sector,Social|Realistic,0.25,0.0,0.25,0.5,0.0,0.0,jobcannon,adult_online,0.85,People & Care
jc_1_1345,agri_tech_food|construction_green|hospitality_retail,agri_tech_food|construction_green|hospitality_retail,Enterprising|Realistic,0.2525,0.0808,0.0,0.0808,0.5051,0.0808,jobcannon,adult_online,0.85,Creative / Commercial
jc_1_1412,agri_tech_food|business_professional|cyber_digital,agri_tech_food|business_professional|cyber_digital,Investigative|Enterprising,0.0808,0.5859,0.0808,0.0,0.2525,0.0,jobcannon,adult_online,0.85,Technical Specialist
jc_1_1445,business_professional|hospitality_retail,business_professional|hospitality_retail,Enterprising|Realistic,0.17,0.08,0.0,0.0,0.58,0.17,jobcannon,adult_online,0.85,Technical Specialist
jc_1_1709,agri_tech_food|business_professional|cyber_digital,agri_tech_food|business_professional|cyber_digital,Investigative|Artistic,0.0808,0.5859,0.2525,0.0,0.0808,0.0,jobcannon,adult_online,0.85,Technical Specialist
jc_1_178,aerospace_manufacturing|construction_green,aerospace_manufacturing|construction_green,Realistic|Investigative,0.4158,0.1683,0.0,0.0792,0.1683,0.1683,jobcannon,adult_online,0.85,People & Care
jc_1_1828,aerospace_manufacturing|construction_green,aerospace_manufacturing|construction_green,Realistic|Artistic,0.5,0.0,0.25,0.08,0.0,0.17,jobcannon,adult_online,0.85,Creative / Commercial
jc_1_788,creative_events,creative_events,Artistic|Investigative,0.0,0.08,0.92,0.0,0.0,0.0,jobcannon,adult_online,0.85,Creative / Commercial
jc_1_854,creative_events|education_training|health_care,creative_events|education_training|health_care,Social|Artistic,0.0,0.08,0.33,0.42,0.17,0.0,jobcannon,adult_online,0.85,Technical Specialist
jc_1_1264,education_training|health_care|public_sector,education_training|health_care|public_sector,Social|Investigative,0.0,0.2475,0.1683,0.4158,0.1683,0.0,jobcannon,adult_online,0.85,Technical Specialist
jc_1_385,education_training|health_care|public_sector,education_training|health_care|public_sector,Social|Artistic,0.0,0.0,0.1683,0.6634,0.1683,0.0,jobcannon,adult_online,0.85,Technical Specialist
jc_1_57,business_professional|cyber_digital,business_professional|cyber_digital,Investigative|Artistic,0.0,0.495,0.1683,0.0,0.1683,0.1683,jobcannon,adult_online,0.85,Creative / Commercial
jc_1_67,health_care|public_sector,health_care|public_sector,Social|Investigative,0.0,0.2525,0.0808,0.5859,0.0808,0.0,jobcannon,adult_online,0.85,Creative / Commercial
jc_1_136,business_professional|cyber_digital|health_care,business_professional|cyber_digital|health_care,Investigative|Enterprising,0.08,0.5,0.0,0.0,0.25,0.17,jobcannon,adult_online,0.85,Technical Specialist
jc_1_378,aerospace_manufacturing|construction_green|creative_events,aerospace_manufacturing|construction_green|creative_events,Artistic|Conventional,0.17,0.08,0.42,0.0,0.0,0.33,jobcannon,adult_online,0.85,Technical Specialist
jc_1_942,aerospace_manufacturing|construction_green|public_sector,aerospace_manufacturing|construction_green|public_sector,Realistic|Enterprising,0.92,0.0,0.0,0.0,0.08,0.0,jobcannon,adult_online,0.85,Creative / Commercial
jc_1_1406,education_training|health_care|public_sector,education_training|health_care|public_sector,Social|Artistic,0.0808,0.0,0.2525,0.5859,0.0808,0.0,jobcannon,adult_online,0.85,Creative / Commercial
jc_1_1058,creative_events|cyber_digital,creative_events|cyber_digital,Artistic|Investigative,0.0,0.2525,0.5051,0.0808,0.0808,0.0808,jobcannon,adult_online,0.85,Technical Specialist
jc_1_283,education_training|health_care|public_sector,education_training|health_care|public_sector,Social|Enterprising,0.0,0.25,0.0,0.42,0.33,0.0,jobcannon,adult_online,0.85,Technical Specialist
jc_1_439,agri_tech_food|business_professional|cyber_digital,agri_tech_food|business_professional|cyber_digital,Investigative,0.0,1.0,0.0,0.0,0.0,0.0,jobcannon,adult_online,0.85,Creative / Commercial
jc_1_454,agri_tech_food|business_professional|cyber_digital,agri_tech_food|business_professional|cyber_digital,Investigative,0.0,1.0,0.0,0.0,0.0,0.0,jobcannon,adult_online,0.85,Creative / Commercial
jc_1_1809,aerospace_manufacturing|construction_green|health_care,aerospace_manufacturing|construction_green|health_care,Social|Investigative,0.17,0.25,0.08,0.33,0.0,0.17,jobcannon,adult_online,0.85,Technical Specialist
jc_1_143,education_training|health_care|public_sector,education_training|health_care|public_sector,Social|Investigative,0.0792,0.1683,0.1683,0.4158,0.0,0.1683,jobcannon,adult_online,0.85,Creative / Commercial
jc_1_435,construction_green|health_care|public_sector,construction_green|health_care|public_sector,Realistic|Social,0.3333,0.0808,0.0,0.3333,0.2525,0.0,jobcannon,adult_online,0.85,Technical Specialist
jc_1_1726,creative_events|hospitality_retail,creative_events|hospitality_retail,Artistic|Social,0.0,0.0,0.83,0.17,0.0,0.0,jobcannon,adult_online,0.85,Technical Specialist
jc_1_1966,creative_events|cyber_digital,creative_events|cyber_digital,Investigative|Artistic,0.0,0.3333,0.3333,0.0,0.2525,0.0808,jobcannon,adult_online,0.85,Creative / Commercial
jc_1_1869,business_professional|creative_events|hospitality_retail,business_professional|creative_events|hospitality_retail,Artistic|Enterprising,0.0,0.08,0.33,0.17,0.25,0.17,jobcannon,adult_online,0.85,Technical Specialist
jc_1_106,creative_events|hospitality_retail|hospitality_tourism,creative_events|hospitality_retail|hospitality_tourism,Artistic|Social,0.08,0.08,0.42,0.17,0.17,0.08,jobcannon,adult_online,0.85,Technical Specialist
jc_1_166,business_professional|cyber_digital,business_professional|cyber_digital,Investigative|Conventional,0.1683,0.4158,0.0,0.0,0.0,0.4158,jobcannon,adult_online,0.85,Technical Specialist
jc_1_191,aerospace_manufacturing|construction_green,aerospace_manufacturing|construction_green,Realistic|Conventional,0.42,0.08,0.0,0.17,0.0,0.33,jobcannon,adult_online,0.85,Hands-on Maker
jc_1_642,aerospace_manufacturing|construction_green|health_care,aerospace_manufacturing|construction_green|health_care,Investigative|Realistic,0.25,0.42,0.17,0.08,0.08,0.0,jobcannon,adult_online,0.85,Technical Specialist
jc_1_831,aerospace_manufacturing|business_professional|construction_green,aerospace_manufacturing|business_professional|construction_green,Conventional|Realistic,0.17,0.17,0.0,0.08,0.08,0.5,jobcannon,adult_online,0.85,Hands-on Maker
jc_1_468,health_care|public_sector,health_care|public_sector,Social|Investigative,0.0,0.2525,0.0,0.5859,0.0808,0.0808,jobcannon,adult_online,0.85,Creative / Commercial
jc_1_869,education_training|health_care|public_sector,education_training|health_care|public_sector,Social|Artistic,0.0,0.08,0.17,0.5,0.17,0.08,jobcannon,adult_online,0.85,Technical Specialist
jc_1_1515,agri_tech_food|business_professional|construction_green,agri_tech_food|business_professional|construction_green,Realistic|Enterprising,0.3333,0.0808,0.1717,0.0808,0.3333,0.0,jobcannon,adult_online,0.85,Creative / Commercial
jc_1_611,education_training|health_care|public_sector,education_training|health_care|public_sector,Social|Enterprising,0.0,0.0,0.0,0.75,0.17,0.08,jobcannon,adult_online,0.85,Technical Specialist
jc_1_1583,business_professional|creative_events|cyber_digital,business_professional|creative_events|cyber_digital,Artistic|Enterprising,0.1717,0.0808,0.3333,0.0,0.3333,0.0808,jobcannon,adult_online,0.85,Technical Specialist
jc_1_214,education_training|health_care|public_sector,education_training|health_care|public_sector,Social|Enterprising,0.08,0.0,0.08,0.67,0.17,0.0,jobcannon,adult_online,0.85,People & Care
jc_1_1329,health_care|public_sector,health_care|public_sector,Social|Investigative,0.0808,0.3333,0.0808,0.5051,0.0,0.0,jobcannon,adult_online,0.85,Technical Specialist
jc_1_606,health_care|public_sector,health_care|public_sector,Social|Realistic,0.42,0.0,0.0,0.5,0.0,0.08,jobcannon,adult_online,0.85,Technical Specialist
jc_1_1569,education_training|health_care|public_sector,education_training|health_care|public_sector,Social|Realistic,0.17,0.0,0.17,0.58,0.08,0.0,jobcannon,adult_online,0.85,Technical Specialist
jc_1_1722,business_professional|health_care|public_sector,business_professional|health_care|public_sector,Social|Investigative,0.0,0.25,0.25,0.33,0.0,0.17,jobcannon,adult_online,0.85,Creative / Commercial
jc_1_1584,business_professional|construction_green|hospitality_retail,business_professional|construction_green|hospitality_retail,Enterprising|Realistic,0.0808,0.0808,0.0808,0.0808,0.6768,0.0,jobcannon,adult_online,0.85,Technical Specialist
jc_1_1226,health_care|public_sector,health_care|public_sector,Social|Investigative,0.08,0.25,0.0,0.42,0.17,0.08,jobcannon,adult_online,0.85,Creative / Commercial
jc_1_1093,aerospace_manufacturing|construction_green|cyber_digital,aerospace_manufacturing|construction_green|cyber_digital,Investigative|Artistic,0.0,0.58,0.42,0.0,0.0,0.0,jobcannon,adult_online,0.85,Technical Specialist
jc_1_1091,creative_events|hospitality_retail,creative_events|hospitality_retail,Artistic|Social,0.08,0.0,0.5,0.17,0.08,0.17,jobcannon,adult_online,0.85,Creative / Commercial
jc_1_1398,creative_events,creative_events,Artistic|Investigative,0.0,0.17,0.75,0.08,0.0,0.0,jobcannon,adult_online,0.85,Creative / Commercial
jc_1_243,aerospace_manufacturing|business_professional|construction_green,aerospace_manufacturing|business_professional|construction_green,Conventional|Realistic,0.25,0.08,0.08,0.0,0.17,0.42,jobcannon,adult_online,0.85,Creative / Commercial
jc_1_1422,creative_events|hospitality_retail|hospitality_tourism,creative_events|hospitality_retail|hospitality_tourism,Realistic|Artistic,0.25,0.08,0.25,0.17,0.25,0.0,jobcannon,adult_online,0.85,Technical Specialist
jc_1_1571,business_professional|cyber_digital,business_professional|cyber_digital,Investigative|Realistic,0.1683,0.495,0.0,0.0,0.1683,0.1683,jobcannon,adult_online,0.85,Creative / Commercial
jc_1_122,aerospace_manufacturing|construction_green,aerospace_manufacturing|construction_green,Realistic|Artistic,0.495,0.0,0.1683,0.1683,0.1683,0.0,jobcannon,adult_online,0.85,Technical Specialist
jc_1_940,aerospace_manufacturing|construction_green|public_sector,aerospace_manufacturing|construction_green|public_sector,Realistic|Enterprising,0.92,0.0,0.0,0.0,0.08,0.0,jobcannon,adult_online,0.85,Creative / Commercial
jc_1_1151,aerospace_manufacturing|business_professional|hospitality_retail,aerospace_manufacturing|business_professional|hospitality_retail,Enterprising|Conventional,0.0,0.17,0.08,0.08,0.42,0.25,jobcannon,adult_online,0.85,Creative / Commercial
jc_1_824,health_care|public_sector,health_care|public_sector,Social|Conventional,0.0,0.08,0.08,0.67,0.0,0.17,jobcannon,adult_online,0.85,Technical Specialist
jc_1_1650,creative_events|hospitality_retail,creative_events|hospitality_retail,Artistic|Conventional,0.0,0.0,0.58,0.17,0.0,0.25,jobcannon,adult_online,0.85,Creative / Commercial
jc_1_1476,creative_events|cyber_digital,creative_events|cyber_digital,Artistic|Investigative,0.0,0.33,0.5,0.17,0.0,0.0,jobcannon,adult_online,0.85,Technical Specialist
jc_1_1859,business_professional|education_training|public_sector,business_professional|education_training|public_sector,Social|Artistic,0.0,0.0,0.2475,0.4158,0.1683,0.1683,jobcannon,adult_online,0.85,Technical Specialist
jc_1_958,creative_events,creative_events,Artistic|Realistic,0.0808,0.0808,0.8384,0.0,0.0,0.0,jobcannon,adult_online,0.85,Technical Specialist
jc_1_427,health_care|public_sector,health_care|public_sector,Social|Investigative,0.0,0.17,0.0,0.58,0.08,0.17,jobcannon,adult_online,0.85,Technical Specialist
jc_1_1464,agri_tech_food|business_professional|construction_green,agri_tech_food|business_professional|construction_green,Enterprising|Realistic,0.33,0.08,0.0,0.17,0.42,0.0,jobcannon,adult_online,0.85,Technical Specialist
jc_1_1413,aerospace_manufacturing|construction_green,aerospace_manufacturing|construction_green,Investigative|Realistic,0.33,0.5,0.17,0.0,0.0,0.0,jobcannon,adult_online,0.85,Creative / Commercial
jc_1_1604,business_professional|cyber_digital,business_professional|cyber_digital,Investigative|Enterprising,0.0,0.3333,0.0808,0.0808,0.2525,0.2525,jobcannon,adult_online,0.85,Technical Specialist
jc_1_1071,business_professional|cyber_digital,business_professional|cyber_digital,Conventional|Investigative,0.0808,0.2525,0.0,0.0,0.0808,0.5859,jobcannon,adult_online,0.85,Creative / Commercial
jc_1_239,health_care|public_sector,health_care|public_sector,Social|Investigative,0.0808,0.2525,0.0,0.5859,0.0808,0.0,jobcannon,adult_online,0.85,People & Care
jc_1_874,health_care|public_sector,health_care|public_sector,Social|Realistic,0.2525,0.0808,0.0808,0.5051,0.0,0.0808,jobcannon,adult_online,0.85,Technical Specialist
jc_1_1747,business_professional|cyber_digital,business_professional|cyber_digital,Investigative|Conventional,0.17,0.33,0.0,0.08,0.17,0.25,jobcannon,adult_online,0.85,Creative / Commercial
jc_1_971,aerospace_manufacturing|construction_green|cyber_digital,aerospace_manufacturing|construction_green|cyber_digital,Investigative|Realistic,0.25,0.5,0.17,0.0,0.0,0.08,jobcannon,adult_online,0.85,Technical Specialist
jc_1_1674,creative_events,creative_events,Artistic|Conventional,0.0,0.0,0.5,0.08,0.17,0.25,jobcannon,adult_online,0.85,Creative / Commercial
jc_1_544,agri_tech_food|business_professional|cyber_digital,agri_tech_food|business_professional|cyber_digital,Investigative|Enterprising,0.0,0.75,0.0,0.0,0.17,0.08,jobcannon,adult_online,0.85,Creative / Commercial
jc_1_888,agri_tech_food|cyber_digital|health_care,agri_tech_food|cyber_digital|health_care,Investigative|Realistic,0.17,0.58,0.17,0.0,0.08,0.0,jobcannon,adult_online,0.85,Technical Specialist
jc_1_1305,business_professional|cyber_digital,business_professional|cyber_digital,Investigative|Conventional,0.0,0.67,0.0,0.0,0.0,0.33,jobcannon,adult_online,0.85,Creative / Commercial
jc_1_1752,creative_events|education_training|health_care,creative_events|education_training|health_care,Artistic|Investigative,0.0,0.0808,0.7576,0.0808,0.0808,0.0,jobcannon,adult_online,0.85,Technical Specialist
jc_1_1586,business_professional|education_training|public_sector,business_professional|education_training|public_sector,Investigative|Social,0.0,0.4158,0.1683,0.4158,0.0,0.0,jobcannon,adult_online,0.85,Technical Specialist
jc_1_1347,aerospace_manufacturing|construction_green|public_sector,aerospace_manufacturing|construction_green|public_sector,Realistic,1.0,0.0,0.0,0.0,0.0,0.0,jobcannon,adult_online,0.85,Creative / Commercial
jc_1_1372,creative_events|hospitality_retail,creative_events|hospitality_retail,Artistic|Social,0.0,0.0,0.75,0.17,0.08,0.0,jobcannon,adult_online,0.85,Creative / Commercial
jc_1_1073,business_professional|creative_events|hospitality_retail,business_professional|creative_events|hospitality_retail,Artistic|Social,0.0,0.08,0.42,0.33,0.17,0.0,jobcannon,adult_online,0.85,Creative / Commercial
jc_1_509,aerospace_manufacturing|creative_events|hospitality_retail,aerospace_manufacturing|creative_events|hospitality_retail,Artistic|Social,0.0808,0.0808,0.5051,0.3333,0.0,0.0,jobcannon,adult_online,0.85,Technical Specialist
jc_1_1676,business_professional|creative_events|cyber_digital,business_professional|creative_events|cyber_digital,Artistic|Social,0.0,0.25,0.42,0.33,0.0,0.0,jobcannon,adult_online,0.85,Technical Specialist
jc_1_920,aerospace_manufacturing|construction_green|creative_events,aerospace_manufacturing|construction_green|creative_events,Artistic|Realistic,0.42,0.0,0.5,0.0,0.0,0.08,jobcannon,adult_online,0.85,Technical Specialist
jc_1_8,aerospace_manufacturing|construction_green|public_sector,aerospace_manufacturing|construction_green|public_sector,Realistic|Investigative,0.4242,0.3333,0.0808,0.0808,0.0808,0.0,jobcannon,adult_online,0.85,Creative / Commercial
jc_1_580,creative_events|cyber_digital|hospitality_tourism,creative_events|cyber_digital|hospitality_tourism,Artistic|Investigative,0.0,0.2475,0.4158,0.1683,0.1683,0.0,jobcannon,adult_online,0.85,Creative / Commercial
jc_1_1951,agri_tech_food|business_professional|cyber_digital,agri_tech_food|business_professional|cyber_digital,Investigative|Artistic,0.0,0.92,0.08,0.0,0.0,0.0,jobcannon,adult_online,0.85,Creative / Commercial
jc_1_185,business_professional|health_care|public_sector,business_professional|health_care|public_sector,Social|Conventional,0.0,0.1683,0.0,0.4158,0.0,0.4158,jobcannon,adult_online,0.85,Creative / Commercial
jc_1_1439,creative_events,creative_events,Artistic|Enterprising,0.17,0.08,0.25,0.0,0.25,0.25,jobcannon,adult_online,0.85,Creative / Commercial
jc_1_1455,business_professional|creative_events|hospitality_retail,business_professional|creative_events|hospitality_retail,Artistic|Enterprising,0.0,0.0808,0.3333,0.0808,0.2525,0.2525,jobcannon,adult_online,0.85,Technical Specialist
jc_1_1906,agri_tech_food|cyber_digital|health_care,agri_tech_food|cyber_digital|health_care,Investigative|Realistic,0.17,0.75,0.08,0.0,0.0,0.0,jobcannon,adult_online,0.85,Technical Specialist
jc_1_1782,aerospace_manufacturing|business_professional|hospitality_retail,aerospace_manufacturing|business_professional|hospitality_retail,Enterprising|Realistic,0.25,0.0,0.0,0.17,0.5,0.08,jobcannon,adult_online,0.85,Creative / Commercial
jc_1_715,agri_tech_food|business_professional|cyber_digital,agri_tech_food|business_professional|cyber_digital,Investigative|Artistic,0.0,0.58,0.17,0.17,0.08,0.0,jobcannon,adult_online,0.85,Technical Specialist
jc_1_627,construction_green|hospitality_tourism|public_sector,construction_green|hospitality_tourism|public_sector,Realistic|Social,0.4242,0.0,0.0808,0.3333,0.0808,0.0808,jobcannon,adult_online,0.85,Creative / Commercial
jc_1_991,aerospace_manufacturing|construction_green,aerospace_manufacturing|construction_green,Realistic|Enterprising,0.42,0.17,0.0,0.0,0.33,0.08,jobcannon,adult_online,0.85,Creative / Commercial
jc_1_1768,creative_events,creative_events,Artistic|Realistic,0.0808,0.0808,0.8384,0.0,0.0,0.0,jobcannon,adult_online,0.85,Technical Specialist
jc_1_840,creative_events|cyber_digital|hospitality_tourism,creative_events|cyber_digital|hospitality_tourism,Artistic|Enterprising,0.0,0.17,0.42,0.08,0.25,0.08,jobcannon,adult_online,0.85,Creative / Commercial
jc_1_689,business_professional,business_professional,Conventional|Enterprising,0.0808,0.0808,0.0,0.0808,0.1717,0.5859,jobcannon,adult_online,0.85,Creative / Commercial
jc_1_1670,construction_green|cyber_digital|health_care,construction_green|cyber_digital|health_care,Investigative|Realistic,0.2525,0.5051,0.0,0.0808,0.0808,0.0808,jobcannon,adult_online,0.85,Creative / Commercial
jc_1_56,business_professional|hospitality_retail|hospitality_tourism,business_professional|hospitality_retail|hospitality_tourism,Social|Enterprising,0.0,0.08,0.0,0.5,0.25,0.17,jobcannon,adult_online,0.85,Creative / Commercial
jc_1_27,education_training|health_care|public_sector,education_training|health_care|public_sector,Social|Artistic,0.0808,0.0808,0.2525,0.5051,0.0,0.0808,jobcannon,adult_online,0.85,Creative / Commercial
jc_1_937,health_care|public_sector,health_care|public_sector,Social,0.0,0.0,0.0,1.0,0.0,0.0,jobcannon,adult_online,0.85,Technical Specialist
jc_1_992,business_professional|cyber_digital,business_professional|cyber_digital,Investigative|Enterprising,0.08,0.5,0.08,0.0,0.17,0.17,jobcannon,adult_online,0.85,Creative / Commercial
jc_1_1697,health_care|public_sector,health_care|public_sector,Social|Conventional,0.0,0.0,0.0,0.67,0.08,0.25,jobcannon,adult_online,0.85,Technical Specialist
jc_1_524,creative_events|education_training|hospitality_retail,creative_events|education_training|hospitality_retail,Artistic|Social,0.0,0.0,0.5,0.5,0.0,0.0,jobcannon,adult_online,0.85,Creative / Commercial
jc_1_1147,business_professional|construction_green|hospitality_retail,business_professional|construction_green|hospitality_retail,Enterprising|Realistic,0.17,0.0,0.08,0.17,0.58,0.0,jobcannon,adult_online,0.85,Creative / Commercial
jc_1_1608,aerospace_manufacturing|construction_green,aerospace_manufacturing|construction_green,Realistic|Investigative,0.5051,0.3333,0.0,0.0808,0.0,0.0808,jobcannon,adult_online,0.85,Creative / Commercial
jc_1_1318,aerospace_manufacturing|construction_green|cyber_digital,aerospace_manufacturing|construction_green|cyber_digital,Realistic|Investigative,0.3333,0.2525,0.2525,0.0808,0.0,0.0808,jobcannon,adult_online,0.85,Creative / Commercial
jc_1_513,business_professional|cyber_digital,business_professional|cyber_digital,Conventional|Investigative,0.17,0.33,0.0,0.0,0.0,0.5,jobcannon,adult_online,0.85,Creative / Commercial
jc_1_1223,education_training|health_care|public_sector,education_training|health_care|public_sector,Social|Artistic,0.0,0.0,0.08,0.92,0.0,0.0,jobcannon,adult_online,0.85,Technical Specialist
jc_1_1163,aerospace_manufacturing|health_care|public_sector,aerospace_manufacturing|health_care|public_sector,Investigative|Social,0.0808,0.3333,0.0,0.3333,0.1717,0.0808,jobcannon,adult_online,0.85,Technical Specialist
jc_1_20,creative_events|hospitality_retail,creative_events|hospitality_retail,Artistic|Social,0.08,0.08,0.42,0.17,0.17,0.08,jobcannon,adult_online,0.85,Creative / Commercial
jc_1_1108,education_training|health_care|public_sector,education_training|health_care|public_sector,Social|Investigative,0.0,0.25,0.08,0.33,0.17,0.17,jobcannon,adult_online,0.85,Creative / Commercial
jc_1_1129,agri_tech_food|education_training|public_sector,agri_tech_food|education_training|public_sector,Investigative|Social,0.0,0.5859,0.0,0.3333,0.0,0.0808,jobcannon,adult_online,0.85,Creative / Commercial
jc_1_1984,health_care|public_sector,health_care|public_sector,Social|Investigative,0.0,0.17,0.0,0.58,0.08,0.17,jobcannon,adult_online,0.85,Creative / Commercial
jc_1_1974,aerospace_manufacturing|construction_green|public_sector,aerospace_manufacturing|construction_green|public_sector,Realistic|Enterprising,0.75,0.0,0.0,0.08,0.17,0.0,jobcannon,adult_online,0.85,Creative / Commercial
jc_1_128,aerospace_manufacturing|agri_tech_food|public_sector,aerospace_manufacturing|agri_tech_food|public_sector,Realistic|Social,0.67,0.08,0.0,0.17,0.08,0.0,jobcannon,adult_online,0.85,Technical Specialist
jc_1_1196,agri_tech_food|business_professional|cyber_digital,agri_tech_food|business_professional|cyber_digital,Investigative|Social,0.0,0.5859,0.0,0.2525,0.0808,0.0808,jobcannon,adult_online,0.85,Technical Specialist
jc_1_1627,education_training|health_care|public_sector,education_training|health_care|public_sector,Social|Artistic,0.0,0.0,0.25,0.58,0.17,0.0,jobcannon,adult_online,0.85,Technical Specialist
jc_1_1253,education_training|health_care|hospitality_tourism,education_training|health_care|hospitality_tourism,Social|Conventional,0.0,0.0,0.0808,0.5859,0.0,0.3333,jobcannon,adult_online,0.85,Creative / Commercial
jc_1_1724,education_training|health_care|public_sector,education_training|health_care|public_sector,Social|Investigative,0.0808,0.2525,0.0808,0.3333,0.1717,0.0808,jobcannon,adult_online,0.85,Creative / Commercial
jc_1_1719,agri_tech_food|business_professional|cyber_digital,agri_tech_food|business_professional|cyber_digital,Investigative|Conventional,0.0808,0.5859,0.0,0.0808,0.0,0.2525,jobcannon,adult_online,0.85,Technical Specialist
jc_1_948,business_professional|creative_events|cyber_digital,business_professional|creative_events|cyber_digital,Artistic|Investigative,0.0,0.2525,0.3333,0.2525,0.0808,0.0808,jobcannon,adult_online,0.85,Technical Specialist
jc_1_1066,aerospace_manufacturing|business_professional|hospitality_retail,aerospace_manufacturing|business_professional|hospitality_retail,Realistic|Conventional,0.5,0.0,0.0,0.0,0.17,0.33,jobcannon,adult_online,0.85,Creative / Commercial
jc_1_835,education_training|health_care|public_sector,education_training|health_care|public_sector,Social|Realistic,0.17,0.17,0.0,0.58,0.08,0.0,jobcannon,adult_online,0.85,Technical Specialist
jc_1_956,creative_events,creative_events,Artistic|Investigative,0.0,0.0808,0.7576,0.0808,0.0808,0.0,jobcannon,adult_online,0.85,Technical Specialist
jc_1_943,business_professional,business_professional,Conventional|Enterprising,0.0,0.0,0.0,0.0,0.08,0.92,jobcannon,adult_online,0.85,Creative / Commercial
jc_1_1611,aerospace_manufacturing|health_care|public_sector,aerospace_manufacturing|health_care|public_sector,Social,0.0,0.0,0.0,1.0,0.0,0.0,jobcannon,adult_online,0.85,Technical Specialist
jc_1_424,health_care|public_sector,health_care|public_sector,Social|Enterprising,0.0808,0.0808,0.0,0.5859,0.1717,0.0808,jobcannon,adult_online,0.85,Creative / Commercial
jc_1_1326,education_training|health_care|public_sector,education_training|health_care|public_sector,Social|Artistic,0.0,0.0,0.0808,0.8384,0.0808,0.0,jobcannon,adult_online,0.85,Technical Specialist
jc_1_54,construction_green|hospitality_retail|hospitality_tourism,construction_green|hospitality_retail|hospitality_tourism,Enterprising|Realistic,0.1683,0.1683,0.1683,0.1683,0.3267,0.0,jobcannon,adult_online,0.85,Creative / Commercial
jc_1_1339,agri_tech_food|business_professional|cyber_digital,agri_tech_food|business_professional|cyber_digital,Investigative|Artistic,0.0,0.75,0.25,0.0,0.0,0.0,jobcannon,adult_online,0.85,Technical Specialist
jc_1_111,aerospace_manufacturing|construction_green,aerospace_manufacturing|construction_green,Realistic|Artistic,0.5051,0.0808,0.2525,0.0808,0.0,0.0808,jobcannon,adult_online,0.85,Hands-on Maker
jc_1_1375,business_professional|hospitality_retail,business_professional|hospitality_retail,Social|Enterprising,0.08,0.17,0.0,0.33,0.25,0.17,jobcannon,adult_online,0.85,People & Care
jc_1_377,aerospace_manufacturing|construction_green|creative_events,aerospace_manufacturing|construction_green|creative_events,Artistic|Conventional,0.17,0.08,0.42,0.0,0.0,0.33,jobcannon,adult_online,0.85,Creative / Commercial
jc_1_815,business_professional|construction_green|hospitality_retail,business_professional|construction_green|hospitality_retail,Enterprising|Realistic,0.17,0.0,0.08,0.08,0.67,0.0,jobcannon,adult_online,0.85,Technical Specialist
jc_1_817,aerospace_manufacturing|business_professional|hospitality_retail,aerospace_manufacturing|business_professional|hospitality_retail,Enterprising|Conventional,0.0,0.0808,0.0,0.0808,0.5051,0.3333,jobcannon,adult_online,0.85,Creative / Commercial
jc_1_1142,cyber_digital|health_care|public_sector,cyber_digital|health_care|public_sector,Social|Conventional,0.0,0.0,0.0,0.67,0.08,0.25,jobcannon,adult_online,0.85,Technical Specialist
jc_1_511,creative_events,creative_events,Artistic|Enterprising,0.0,0.0,0.8384,0.0,0.0808,0.0808,jobcannon,adult_online,0.85,Technical Specialist
jc_1_114,education_training|health_care|public_sector,education_training|health_care|public_sector,Social|Enterprising,0.0,0.17,0.08,0.5,0.25,0.0,jobcannon,adult_online,0.85,People & Care
jc_1_601,agri_tech_food|construction_green|public_sector,agri_tech_food|construction_green|public_sector,Realistic|Artistic,0.25,0.17,0.25,0.17,0.08,0.08,jobcannon,adult_online,0.85,Technical Specialist
jc_1_1682,agri_tech_food|cyber_digital|health_care,agri_tech_food|cyber_digital|health_care,Investigative|Realistic,0.1683,0.6634,0.1683,0.0,0.0,0.0,jobcannon,adult_online,0.85,Creative / Commercial
jc_1_1854,creative_events|hospitality_retail,creative_events|hospitality_retail,Artistic|Social,0.0808,0.0808,0.5051,0.3333,0.0,0.0,jobcannon,adult_online,0.85,Technical Specialist
jc_1_61,creative_events|cyber_digital,creative_events|cyber_digital,Investigative|Artistic,0.0,0.5,0.42,0.08,0.0,0.0,jobcannon,adult_online,0.85,Technical Specialist
jc_1_1436,business_professional|cyber_digital|education_training,business_professional|cyber_digital|education_training,Investigative|Artistic,0.0,0.4158,0.2475,0.1683,0.1683,0.0,jobcannon,adult_online,0.85,Technical Specialist
jc_1_1477,construction_green|education_training|public_sector,construction_green|education_training|public_sector,Realistic|Enterprising,0.2475,0.1683,0.1683,0.1683,0.2475,0.0,jobcannon,adult_online,0.85,Creative / Commercial
jc_1_798,education_training|health_care|hospitality_tourism,education_training|health_care|hospitality_tourism,Social|Realistic,0.25,0.08,0.17,0.33,0.17,0.0,jobcannon,adult_online,0.85,Creative / Commercial
jc_1_290,business_professional|creative_events|hospitality_retail,business_professional|creative_events|hospitality_retail,Enterprising|Artistic,0.0,0.17,0.33,0.0,0.5,0.0,jobcannon,adult_online,0.85,Hands-on Maker
jc_1_1486,business_professional|construction_green|hospitality_retail,business_professional|construction_green|hospitality_retail,Enterprising|Realistic,0.17,0.0,0.08,0.08,0.5,0.17,jobcannon,adult_online,0.85,Creative / Commercial
jc_1_1558,business_professional|cyber_digital|health_care,business_professional|cyber_digital|health_care,Investigative|Enterprising,0.0,0.5,0.0,0.08,0.25,0.17,jobcannon,adult_online,0.85,Creative / Commercial
jc_1_529,business_professional|education_training|public_sector,business_professional|education_training|public_sector,Investigative|Enterprising,0.0,0.33,0.17,0.17,0.25,0.08,jobcannon,adult_online,0.85,Creative / Commercial
jc_1_677,creative_events|health_care|public_sector,creative_events|health_care|public_sector,Social|Realistic,0.25,0.08,0.0,0.33,0.17,0.17,jobcannon,adult_online,0.85,Creative / Commercial
jc_1_1579,aerospace_manufacturing|construction_green|cyber_digital,aerospace_manufacturing|construction_green|cyber_digital,Realistic|Investigative,0.2475,0.1683,0.1683,0.0792,0.1683,0.1683,jobcannon,adult_online,0.85,People & Care
jc_1_431,aerospace_manufacturing|agri_tech_food|public_sector,aerospace_manufacturing|agri_tech_food|public_sector,Realistic|Enterprising,0.67,0.0,0.0,0.08,0.25,0.0,jobcannon,adult_online,0.85,Creative / Commercial
jc_1_154,business_professional|cyber_digital|health_care,business_professional|cyber_digital|health_care,Investigative|Artistic,0.0,0.5859,0.2525,0.0808,0.0808,0.0,jobcannon,adult_online,0.85,Technical Specialist
jc_1_772,creative_events|cyber_digital,creative_events|cyber_digital,Artistic|Investigative,0.0792,0.1683,0.4158,0.0,0.1683,0.1683,jobcannon,adult_online,0.85,Technical Specialist
jc_1_729,business_professional|health_care|hospitality_tourism,business_professional|health_care|hospitality_tourism,Social|Conventional,0.0,0.0,0.0808,0.3333,0.2525,0.3333,jobcannon,adult_online,0.85,Creative / Commercial
jc_1_1546,agri_tech_food|business_professional|cyber_digital,agri_tech_food|business_professional|cyber_digital,Investigative|Conventional,0.08,0.42,0.0,0.17,0.08,0.25,jobcannon,adult_online,0.85,Creative / Commercial
jc_1_1236,aerospace_manufacturing|agri_tech_food|cyber_digital,aerospace_manufacturing|agri_tech_food|cyber_digital,Investigative|Enterprising,0.17,0.42,0.08,0.08,0.25,0.0,jobcannon,adult_online,0.85,Creative / Commercial
jc_1_1048,health_care|public_sector,health_care|public_sector,Social|Artistic,0.0,0.0,0.0808,0.8384,0.0,0.0808,jobcannon,adult_online,0.85,Technical Specialist
jc_1_1072,aerospace_manufacturing|business_professional|cyber_digital,aerospace_manufacturing|business_professional|cyber_digital,Enterprising|Conventional,0.0,0.0808,0.2525,0.0,0.3333,0.3333,jobcannon,adult_online,0.85,Creative / Commercial
jc_1_1256,business_professional|creative_events|hospitality_retail,business_professional|creative_events|hospitality_retail,Artistic|Enterprising,0.0,0.17,0.33,0.17,0.33,0.0,jobcannon,adult_online,0.85,Technical Specialist
jc_1_1496,health_care|public_sector,health_care|public_sector,Social|Conventional,0.0808,0.0808,0.0808,0.5051,0.0,0.2525,jobcannon,adult_online,0.85,Technical Specialist
jc_1_265,business_professional,business_professional,Conventional|Enterprising,0.0,0.0808,0.0,0.0808,0.2525,0.5859,jobcannon,adult_online,0.85,Creative / Commercial
jc_1_1978,education_training|health_care|public_sector,education_training|health_care|public_sector,Social|Artistic,0.0,0.0808,0.2525,0.5859,0.0808,0.0,jobcannon,adult_online,0.85,Creative / Commercial
jc_1_1387,aerospace_manufacturing|construction_green|public_sector,aerospace_manufacturing|construction_green|public_sector,Realistic|Social,0.75,0.0,0.08,0.17,0.0,0.0,jobcannon,adult_online,0.85,Creative / Commercial
jc_1_1556,aerospace_manufacturing|construction_green,aerospace_manufacturing|construction_green,Investigative|Realistic,0.42,0.5,0.08,0.0,0.0,0.0,jobcannon,adult_online,0.85,Technical Specialist
jc_1_1703,business_professional|health_care,business_professional|health_care,Conventional|Social,0.17,0.17,0.0,0.25,0.08,0.33,jobcannon,adult_online,0.85,Creative / Commercial
jc_1_404,business_professional|health_care|hospitality_tourism,business_professional|health_care|hospitality_tourism,Conventional|Social,0.0808,0.0,0.0808,0.3333,0.0808,0.4242,jobcannon,adult_online,0.85,Technical Specialist
jc_1_1359,aerospace_manufacturing|construction_green|cyber_digital,aerospace_manufacturing|construction_green|cyber_digital,Realistic|Investigative,0.4158,0.1683,0.1683,0.0,0.1683,0.0792,jobcannon,adult_online,0.85,Creative / Commercial
jc_1_1806,agri_tech_food|business_professional|construction_green,agri_tech_food|business_professional|construction_green,Realistic|Investigative,0.25,0.25,0.0,0.17,0.25,0.08,jobcannon,adult_online,0.85,Technical Specialist
jc_1_1350,business_professional|construction_green|hospitality_retail,business_professional|construction_green|hospitality_retail,Enterprising|Investigative,0.0,0.0808,0.0808,0.0808,0.7576,0.0,jobcannon,adult_online,0.85,Creative / Commercial
jc_1_1228,business_professional|construction_green|hospitality_retail,business_professional|construction_green|hospitality_retail,Enterprising|Realistic,0.17,0.08,0.0,0.0,0.75,0.0,jobcannon,adult_online,0.85,Technical Specialist
jc_1_690,agri_tech_food|business_professional|cyber_digital,agri_tech_food|business_professional|cyber_digital,Investigative|Social,0.0,0.8384,0.0,0.0808,0.0,0.0808,jobcannon,adult_online,0.85,Technical Specialist
jc_1_796,business_professional|health_care|public_sector,business_professional|health_care|public_sector,Investigative|Social,0.0,0.42,0.08,0.42,0.0,0.08,jobcannon,adult_online,0.85,Creative / Commercial
jc_1_42,business_professional|education_training|health_care,business_professional|education_training|health_care,Social|Conventional,0.08,0.0,0.17,0.42,0.08,0.25,jobcannon,adult_online,0.85,People & Care
jc_1_870,aerospace_manufacturing|agri_tech_food|construction_green,aerospace_manufacturing|agri_tech_food|construction_green,Investigative|Realistic,0.3333,0.5051,0.0,0.0808,0.0,0.0808,jobcannon,adult_online,0.85,Creative / Commercial
jc_1_604,creative_events|hospitality_retail,creative_events|hospitality_retail,Artistic|Social,0.0,0.0,0.83,0.17,0.0,0.0,jobcannon,adult_online,0.85,Technical Specialist
jc_1_984,aerospace_manufacturing|construction_green|public_sector,aerospace_manufacturing|construction_green|public_sector,Realistic|Enterprising,0.58,0.0,0.0,0.17,0.25,0.0,jobcannon,adult_online,0.85,Technical Specialist
jc_1_1468,creative_events|cyber_digital,creative_events|cyber_digital,Artistic|Conventional,0.0,0.08,0.5,0.0,0.0,0.42,jobcannon,adult_online,0.85,Technical Specialist
jc_1_882,education_training|health_care|public_sector,education_training|health_care|public_sector,Social|Artistic,0.0808,0.0,0.1717,0.5859,0.0808,0.0808,jobcannon,adult_online,0.85,Technical Specialist
jc_1_259,aerospace_manufacturing|business_professional|hospitality_retail,aerospace_manufacturing|business_professional|hospitality_retail,Enterprising|Investigative,0.08,0.25,0.0,0.0,0.5,0.17,jobcannon,adult_online,0.85,Creative / Commercial
jc_1_767,business_professional|education_training|health_care,business_professional|education_training|health_care,Social|Investigative,0.0,0.2525,0.0808,0.3333,0.0808,0.2525,jobcannon,adult_online,0.85,Technical Specialist
jc_1_1837,business_professional|construction_green|hospitality_retail,business_professional|construction_green|hospitality_retail,Enterprising|Realistic,0.17,0.0,0.0,0.08,0.67,0.08,jobcannon,adult_online,0.85,Creative / Commercial
jc_1_1250,aerospace_manufacturing|business_professional|construction_green,aerospace_manufacturing|business_professional|construction_green,Conventional|Enterprising,0.0,0.17,0.0,0.08,0.25,0.5,jobcannon,adult_online,0.85,Creative / Commercial
jc_1_1308,education_training|health_care|public_sector,education_training|health_care|public_sector,Social|Investigative,0.0,0.25,0.25,0.42,0.0,0.08,jobcannon,adult_online,0.85,Creative / Commercial
jc_1_1016,education_training|health_care|public_sector,education_training|health_care|public_sector,Social|Investigative,0.08,0.25,0.0,0.33,0.17,0.17,jobcannon,adult_online,0.85,Creative / Commercial
jc_1_639,business_professional|construction_green|hospitality_retail,business_professional|construction_green|hospitality_retail,Enterprising|Realistic,0.17,0.0,0.17,0.08,0.58,0.0,jobcannon,adult_online,0.85,People & Care
jc_1_1793,aerospace_manufacturing|construction_green|public_sector,aerospace_manufacturing|construction_green|public_sector,Realistic|Social,0.75,0.0,0.0,0.17,0.0,0.08,jobcannon,adult_online,0.85,Creative / Commercial
jc_1_967,business_professional|cyber_digital|hospitality_retail,business_professional|cyber_digital|hospitality_retail,Enterprising|Conventional,0.1683,0.0,0.0,0.1683,0.4158,0.2475,jobcannon,adult_online,0.85,Technical Specialist
jc_1_549,aerospace_manufacturing|construction_green,aerospace_manufacturing|construction_green,Realistic|Conventional,0.92,0.0,0.0,0.0,0.0,0.08,jobcannon,adult_online,0.85,Creative / Commercial
jc_1_1203,health_care|public_sector,health_care|public_sector,Social|Realistic,0.33,0.0,0.17,0.42,0.0,0.08,jobcannon,adult_online,0.85,Creative / Commercial
jc_1_1427,agri_tech_food|construction_green|public_sector,agri_tech_food|construction_green|public_sector,Realistic|Enterprising,0.92,0.0,0.0,0.0,0.08,0.0,jobcannon,adult_online,0.85,Creative / Commercial
jc_1_441,creative_events|hospitality_tourism,creative_events|hospitality_tourism,Artistic|Enterprising,0.1717,0.0808,0.3333,0.0808,0.2525,0.0808,jobcannon,adult_online,0.85,Technical Specialist
jc_1_1894,construction_green|hospitality_tourism|public_sector,construction_green|hospitality_tourism|public_sector,Realistic|Social,0.42,0.0,0.0,0.33,0.25,0.0,jobcannon,adult_online,0.85,Technical Specialist
jc_1_1794,education_training|health_care|public_sector,education_training|health_care|public_sector,Social|Investigative,0.0,0.3333,0.0,0.5859,0.0808,0.0,jobcannon,adult_online,0.85,Technical Specialist
jc_1_1563,agri_tech_food|business_professional|cyber_digital,agri_tech_food|business_professional|cyber_digital,Investigative|Enterprising,0.08,0.5,0.0,0.08,0.17,0.17,jobcannon,adult_online,0.85,Creative / Commercial
jc_1_1855,business_professional|hospitality_retail,business_professional|hospitality_retail,Enterprising|Artistic,0.0,0.0792,0.1683,0.1683,0.4158,0.1683,jobcannon,adult_online,0.85,Hands-on Maker
jc_1_820,aerospace_manufacturing|construction_green|creative_events,aerospace_manufacturing|construction_green|creative_events,Realistic|Investigative,0.2475,0.1683,0.0792,0.1683,0.1683,0.1683,jobcannon,adult_online,0.85,Technical Specialist
jc_1_1423,business_professional|creative_events|hospitality_retail,business_professional|creative_events|hospitality_retail,Artistic|Social,0.0,0.0808,0.5051,0.3333,0.0808,0.0,jobcannon,adult_online,0.85,Technical Specialist
jc_1_1826,aerospace_manufacturing|construction_green|health_care,aerospace_manufacturing|construction_green|health_care,Realistic|Conventional,0.5,0.08,0.17,0.0,0.0,0.25,jobcannon,adult_online,0.85,Creative / Commercial
jc_1_1112,agri_tech_food|construction_green|public_sector,agri_tech_food|construction_green|public_sector,Realistic|Investigative,0.92,0.08,0.0,0.0,0.0,0.0,jobcannon,adult_online,0.85,Creative / Commercial
jc_1_1706,business_professional|cyber_digital|education_training,business_professional|cyber_digital|education_training,Investigative|Social,0.0,0.4158,0.1683,0.2475,0.0,0.1683,jobcannon,adult_online,0.85,Technical Specialist
jc_1_1141,agri_tech_food|business_professional|cyber_digital,agri_tech_food|business_professional|cyber_digital,Investigative|Realistic,0.17,0.58,0.08,0.0,0.0,0.17,jobcannon,adult_online,0.85,Creative / Commercial
jc_1_1360,agri_tech_food|cyber_digital,agri_tech_food|cyber_digital,Investigative|Artistic,0.0808,0.5051,0.2525,0.0808,0.0,0.0808,jobcannon,adult_online,0.85,Creative / Commercial
jc_1_716,creative_events|hospitality_retail,creative_events|hospitality_retail,Artistic|Social,0.0808,0.0,0.5859,0.2525,0.0808,0.0,jobcannon,adult_online,0.85,Creative / Commercial
jc_1_735,business_professional|education_training|public_sector,business_professional|education_training|public_sector,Artistic|Social,0.08,0.17,0.25,0.25,0.0,0.25,jobcannon,adult_online,0.85,Creative / Commercial
jc_1_1612,business_professional|creative_events|health_care,business_professional|creative_events|health_care,Artistic|Social,0.0,0.0,0.42,0.42,0.08,0.08,jobcannon,adult_online,0.85,Creative / Commercial
jc_1_1272,aerospace_manufacturing|construction_green|hospitality_tourism,aerospace_manufacturing|construction_green|hospitality_tourism,Realistic|Social,0.5051,0.0,0.0808,0.2525,0.0808,0.0808,jobcannon,adult_online,0.85,Creative / Commercial
jc_1_778,business_professional|health_care|hospitality_tourism,business_professional|health_care|hospitality_tourism,Social|Enterprising,0.0808,0.0808,0.0808,0.2525,0.2525,0.2525,jobcannon,adult_online,0.85,Creative / Commercial
jc_1_638,creative_events,creative_events,Artistic|Realistic,0.25,0.17,0.42,0.08,0.08,0.0,jobcannon,adult_online,0.85,Technical Specialist
jc_1_1661,aerospace_manufacturing|business_professional|cyber_digital,aerospace_manufacturing|business_professional|cyber_digital,Investigative|Artistic,0.0,0.5859,0.2525,0.0808,0.0808,0.0,jobcannon,adult_online,0.85,Creative / Commercial
jc_1_502,aerospace_manufacturing|cyber_digital|health_care,aerospace_manufacturing|cyber_digital|health_care,Investigative|Realistic,0.25,0.33,0.0,0.17,0.0,0.25,jobcannon,adult_online,0.85,Creative / Commercial
jc_1_145,aerospace_manufacturing|agri_tech_food|construction_green,aerospace_manufacturing|agri_tech_food|construction_green,Realistic|Artistic,0.3333,0.2525,0.3333,0.0808,0.0,0.0,jobcannon,adult_online,0.85,Hands-on Maker
jc_1_1585,agri_tech_food|business_professional|cyber_digital,agri_tech_food|business_professional|cyber_digital,Investigative,0.0,1.0,0.0,0.0,0.0,0.0,jobcannon,adult_online,0.85,Creative / Commercial
jc_1_1248,business_professional|health_care|hospitality_tourism,business_professional|health_care|hospitality_tourism,Conventional|Social,0.17,0.0,0.08,0.25,0.08,0.42,jobcannon,adult_online,0.85,Creative / Commercial
jc_1_1470,agri_tech_food|business_professional|cyber_digital,agri_tech_food|business_professional|cyber_digital,Investigative,0.0,1.0,0.0,0.0,0.0,0.0,jobcannon,adult_online,0.85,Creative / Commercial
jc_1_1851,business_professional|cyber_digital,business_professional|cyber_digital,Investigative|Conventional,0.0808,0.3333,0.0,0.0808,0.1717,0.3333,jobcannon,adult_online,0.85,Creative / Commercial
jc_1_149,business_professional|creative_events|cyber_digital,business_professional|creative_events|cyber_digital,Artistic|Realistic,0.17,0.08,0.5,0.0,0.17,0.08,jobcannon,adult_online,0.85,Creative / Commercial
jc_1_2003,business_professional|creative_events|hospitality_retail,business_professional|creative_events|hospitality_retail,Enterprising|Artistic,0.08,0.0,0.25,0.17,0.42,0.08,jobcannon,adult_online,0.85,Hands-on Maker
jc_1_795,business_professional|construction_green|hospitality_retail,business_professional|construction_green|hospitality_retail,Enterprising|Investigative,0.0,0.25,0.08,0.0,0.67,0.0,jobcannon,adult_online,0.85,Creative / Commercial
jc_1_226,business_professional|construction_green|hospitality_retail,business_professional|construction_green|hospitality_retail,Enterprising|Investigative,0.0,0.3976,0.0,0.0,0.6024,0.0,jobcannon,adult_online,0.85,Creative / Commercial
jc_1_1274,aerospace_manufacturing|construction_green|cyber_digital,aerospace_manufacturing|construction_green|cyber_digital,Investigative|Realistic,0.1683,0.6634,0.0,0.0,0.1683,0.0,jobcannon,adult_online,0.85,Creative / Commercial
jc_1_451,aerospace_manufacturing|agri_tech_food|public_sector,aerospace_manufacturing|agri_tech_food|public_sector,Investigative|Artistic,0.17,0.33,0.25,0.17,0.0,0.08,jobcannon,adult_online,0.85,Creative / Commercial
jc_1_1610,agri_tech_food|cyber_digital|health_care,agri_tech_food|cyber_digital|health_care,Investigative|Realistic,0.1717,0.5859,0.0808,0.0808,0.0,0.0808,jobcannon,adult_online,0.85,Technical Specialist
jc_1_1214,agri_tech_food|cyber_digital|health_care,agri_tech_food|cyber_digital|health_care,Investigative|Realistic,0.1683,0.495,0.0,0.1683,0.1683,0.0,jobcannon,adult_online,0.85,Technical Specialist
jc_1_1475,agri_tech_food|cyber_digital|health_care,agri_tech_food|cyber_digital|health_care,Investigative|Social,0.08,0.5,0.08,0.17,0.17,0.0,jobcannon,adult_online,0.85,Creative / Commercial
jc_1_993,creative_events|cyber_digital,creative_events|cyber_digital,Investigative|Artistic,0.0,0.33,0.33,0.0,0.17,0.17,jobcannon,adult_online,0.85,Technical Specialist
jc_1_776,creative_events|cyber_digital|health_care,creative_events|cyber_digital|health_care,Artistic|Investigative,0.0,0.2475,0.4158,0.0,0.1683,0.1683,jobcannon,adult_online,0.85,Technical Specialist
jc_1_258,aerospace_manufacturing|business_professional|cyber_digital,aerospace_manufacturing|business_professional|cyber_digital,Conventional|Enterprising,0.0,0.17,0.0,0.0,0.25,0.58,jobcannon,adult_online,0.85,Creative / Commercial
jc_1_1863,aerospace_manufacturing|business_professional|construction_green,aerospace_manufacturing|business_professional|construction_green,Conventional|Realistic,0.25,0.08,0.0,0.0,0.0,0.67,jobcannon,adult_online,0.85,Creative / Commercial
jc_1_640,creative_events,creative_events,Artistic|Realistic,0.25,0.25,0.42,0.0,0.08,0.0,jobcannon,adult_online,0.85,Creative / Commercial
jc_1_1695,agri_tech_food|business_professional|cyber_digital,agri_tech_food|business_professional|cyber_digital,Investigative|Artistic,0.0,0.67,0.17,0.08,0.0,0.08,jobcannon,adult_online,0.85,Technical Specialist
jc_1_1240,education_training|hospitality_tourism|public_sector,education_training|hospitality_tourism|public_sector,Social|Enterprising,0.1717,0.0808,0.0808,0.3333,0.2525,0.0808,jobcannon,adult_online,0.85,Technical Specialist
jc_1_1987,business_professional|creative_events|hospitality_retail,business_professional|creative_events|hospitality_retail,Enterprising|Social,0.0,0.17,0.17,0.25,0.33,0.08,jobcannon,adult_online,0.85,Hands-on Maker
jc_1_858,business_professional|cyber_digital,business_professional|cyber_digital,Investigative|Enterprising,0.08,0.42,0.0,0.08,0.25,0.17,jobcannon,adult_online,0.85,Creative / Commercial
jc_1_1791,cyber_digital|health_care|public_sector,cyber_digital|health_care|public_sector,Social,0.0,0.0,0.0,1.0,0.0,0.0,jobcannon,adult_online,0.85,Technical Specialist
jc_1_999,creative_events,creative_events,Artistic|Realistic,0.17,0.08,0.67,0.08,0.0,0.0,jobcannon,adult_online,0.85,Technical Specialist
jc_1_1451,business_professional|cyber_digital,business_professional|cyber_digital,Investigative|Conventional,0.0,0.33,0.17,0.0,0.17,0.33,jobcannon,adult_online,0.85,Creative / Commercial
jc_1_713,business_professional|hospitality_retail,business_professional|hospitality_retail,Enterprising|Social,0.0,0.0808,0.0808,0.3333,0.4242,0.0808,jobcannon,adult_online,0.85,Creative / Commercial
jc_1_1447,business_professional|cyber_digital,business_professional|cyber_digital,Conventional|Investigative,0.0808,0.3333,0.0808,0.0808,0.0,0.4242,jobcannon,adult_online,0.85,Creative / Commercial
jc_1_144,business_professional|cyber_digital|public_sector,business_professional|cyber_digital|public_sector,Investigative|Social,0.0,0.33,0.17,0.25,0.17,0.08,jobcannon,adult_online,0.85,Creative / Commercial
jc_1_1369,agri_tech_food|construction_green|public_sector,agri_tech_food|construction_green|public_sector,Realistic,1.0,0.0,0.0,0.0,0.0,0.0,jobcannon,adult_online,0.85,Creative / Commercial
jc_1_1982,aerospace_manufacturing|agri_tech_food|public_sector,aerospace_manufacturing|agri_tech_food|public_sector,Realistic|Investigative,0.92,0.08,0.0,0.0,0.0,0.0,jobcannon,adult_online,0.85,Creative / Commercial
jc_1_1337,construction_green|creative_events,construction_green|creative_events,Artistic|Realistic,0.33,0.17,0.42,0.08,0.0,0.0,jobcannon,adult_online,0.85,Technical Specialist
jc_1_1789,aerospace_manufacturing|construction_green|cyber_digital,aerospace_manufacturing|construction_green|cyber_digital,Investigative|Realistic,0.17,0.42,0.08,0.08,0.17,0.08,jobcannon,adult_online,0.85,Technical Specialist
jc_1_1689,aerospace_manufacturing|cyber_digital|health_care,aerospace_manufacturing|cyber_digital|health_care,Investigative|Realistic,0.25,0.5,0.0,0.08,0.0,0.17,jobcannon,adult_online,0.85,Technical Specialist
jc_1_196,aerospace_manufacturing|construction_green|creative_events,aerospace_manufacturing|construction_green|creative_events,Realistic|Investigative,0.4242,0.2525,0.0808,0.0808,0.0808,0.0808,jobcannon,adult_online,0.85,People & Care
jc_1_581,creative_events,creative_events,Artistic|Investigative,0.0,0.08,0.92,0.0,0.0,0.0,jobcannon,adult_online,0.85,Creative / Commercial
jc_1_624,business_professional|cyber_digital|hospitality_retail,business_professional|cyber_digital|hospitality_retail,Enterprising|Investigative,0.0808,0.3333,0.0808,0.0,0.4242,0.0808,jobcannon,adult_online,0.85,Creative / Commercial
jc_1_983,health_care|public_sector,health_care|public_sector,Social|Realistic,0.25,0.0,0.17,0.5,0.08,0.0,jobcannon,adult_online,0.85,Technical Specialist
jc_1_1549,health_care|hospitality_retail|hospitality_tourism,health_care|hospitality_retail|hospitality_tourism,Social|Conventional,0.0,0.0808,0.0,0.3333,0.2525,0.3333,jobcannon,adult_online,0.85,Creative / Commercial
jc_1_862,creative_events,creative_events,Artistic|Enterprising,0.08,0.0,0.67,0.0,0.17,0.08,jobcannon,adult_online,0.85,Creative / Commercial
jc_1_1785,aerospace_manufacturing|construction_green|public_sector,aerospace_manufacturing|construction_green|public_sector,Realistic,1.0,0.0,0.0,0.0,0.0,0.0,jobcannon,adult_online,0.85,Creative / Commercial
jc_1_87,aerospace_manufacturing|business_professional|construction_green,aerospace_manufacturing|business_professional|construction_green,Conventional|Enterprising,0.0,0.0,0.0,0.08,0.25,0.67,jobcannon,adult_online,0.85,Creative / Commercial
jc_1_453,business_professional|construction_green|hospitality_retail,business_professional|construction_green|hospitality_retail,Enterprising|Realistic,0.17,0.0,0.0,0.0,0.75,0.08,jobcannon,adult_online,0.85,People & Care
jc_1_313,education_training|health_care|hospitality_tourism,education_training|health_care|hospitality_tourism,Social|Conventional,0.0,0.08,0.17,0.42,0.0,0.33,jobcannon,adult_online,0.85,Technical Specialist
jc_1_0,business_professional|construction_green|hospitality_retail,business_professional|construction_green|hospitality_retail,Enterprising|Realistic,0.1765,0.1765,0.0,0.0,0.5588,0.0882,jobcannon,adult_online,0.85,Creative / Commercial
jc_1_846,business_professional|cyber_digital|health_care,business_professional|cyber_digital|health_care,Investigative|Conventional,0.08,0.5,0.0,0.0,0.17,0.25,jobcannon,adult_online,0.85,Technical Specialist
jc_1_530,agri_tech_food|cyber_digital|health_care,agri_tech_food|cyber_digital|health_care,Investigative|Social,0.0,0.75,0.0,0.25,0.0,0.0,jobcannon,adult_online,0.85,Technical Specialist
jc_1_1254,aerospace_manufacturing|health_care|public_sector,aerospace_manufacturing|health_care|public_sector,Social|Investigative,0.08,0.17,0.0,0.58,0.0,0.17,jobcannon,adult_online,0.85,Creative / Commercial
jc_1_1685,business_professional|construction_green|hospitality_retail,business_professional|construction_green|hospitality_retail,Enterprising|Realistic,0.17,0.08,0.0,0.17,0.5,0.08,jobcannon,adult_online,0.85,Technical Specialist
jc_1_120,aerospace_manufacturing|business_professional|health_care,aerospace_manufacturing|business_professional|health_care,Conventional|Enterprising,0.0,0.0808,0.0,0.0,0.3333,0.5859,jobcannon,adult_online,0.85,Creative / Commercial
jc_1_1619,business_professional|hospitality_retail,business_professional|hospitality_retail,Enterprising|Investigative,0.0,0.2525,0.0808,0.2525,0.3333,0.0808,jobcannon,adult_online,0.85,Creative / Commercial
jc_1_1781,agri_tech_food|construction_green|public_sector,agri_tech_food|construction_green|public_sector,Realistic|Enterprising,0.58,0.0,0.0,0.17,0.25,0.0,jobcannon,adult_online,0.85,Technical Specialist
jc_1_10,agri_tech_food|business_professional|public_sector,agri_tech_food|business_professional|public_sector,Investigative|Social,0.0808,0.3333,0.1717,0.2525,0.0808,0.0808,jobcannon,adult_online,0.85,Creative / Commercial
jc_1_653,business_professional|construction_green|health_care,business_professional|construction_green|health_care,Conventional|Realistic,0.1683,0.1683,0.1683,0.1683,0.0,0.3267,jobcannon,adult_online,0.85,Creative / Commercial
jc_1_519,agri_tech_food|business_professional|cyber_digital,agri_tech_food|business_professional|cyber_digital,Investigative|Enterprising,0.0,0.5,0.0,0.17,0.33,0.0,jobcannon,adult_online,0.85,Technical Specialist
jc_1_813,education_training|health_care|public_sector,education_training|health_care|public_sector,Social|Investigative,0.0,0.25,0.0,0.5,0.17,0.08,jobcannon,adult_online,0.85,Technical Specialist
jc_1_340,education_training|health_care|public_sector,education_training|health_care|public_sector,Social|Investigative,0.17,0.25,0.08,0.42,0.0,0.08,jobcannon,adult_online,0.85,Creative / Commercial
jc_1_1932,creative_events|cyber_digital,creative_events|cyber_digital,Artistic|Investigative,0.17,0.33,0.5,0.0,0.0,0.0,jobcannon,adult_online,0.85,Creative / Commercial
jc_1_559,business_professional|construction_green|hospitality_retail,business_professional|construction_green|hospitality_retail,Enterprising|Realistic,0.17,0.08,0.08,0.17,0.42,0.08,jobcannon,adult_online,0.85,Creative / Commercial
jc_1_1003,creative_events|cyber_digital,creative_events|cyber_digital,Artistic|Investigative,0.0,0.25,0.58,0.0,0.17,0.0,jobcannon,adult_online,0.85,Technical Specialist
jc_1_740,agri_tech_food|business_professional|cyber_digital,agri_tech_food|business_professional|cyber_digital,Investigative|Conventional,0.0,0.67,0.08,0.08,0.0,0.17,jobcannon,adult_online,0.85,Technical Specialist
jc_1_972,business_professional|cyber_digital|hospitality_retail,business_professional|cyber_digital|hospitality_retail,Enterprising|Investigative,0.0,0.2525,0.0808,0.2525,0.3333,0.0808,jobcannon,adult_online,0.85,Creative / Commercial
jc_1_1505,education_training|health_care|public_sector,education_training|health_care|public_sector,Social|Investigative,0.0,0.2525,0.0808,0.3333,0.2525,0.0808,jobcannon,adult_online,0.85,Technical Specialist
jc_1_1041,creative_events,creative_events,Artistic|Enterprising,0.1683,0.0,0.4158,0.0,0.4158,0.0,jobcannon,adult_online,0.85,Creative / Commercial
jc_1_717,health_care|public_sector,health_care|public_sector,Social|Investigative,0.08,0.17,0.0,0.67,0.0,0.08,jobcannon,adult_online,0.85,Creative / Commercial
jc_1_1861,agri_tech_food|business_professional|cyber_digital,agri_tech_food|business_professional|cyber_digital,Investigative|Realistic,0.17,0.58,0.0,0.0,0.17,0.08,jobcannon,adult_online,0.85,Technical Specialist
jc_1_588,business_professional|creative_events|public_sector,business_professional|creative_events|public_sector,Social|Artistic,0.0,0.0,0.42,0.5,0.08,0.0,jobcannon,adult_online,0.85,Technical Specialist
jc_1_1602,creative_events|cyber_digital,creative_events|cyber_digital,Artistic|Investigative,0.0,0.42,0.58,0.0,0.0,0.0,jobcannon,adult_online,0.85,Technical Specialist
jc_1_79,business_professional|construction_green|creative_events,business_professional|construction_green|creative_events,Enterprising|Artistic,0.0808,0.0808,0.2525,0.0,0.5051,0.0808,jobcannon,adult_online,0.85,Creative / Commercial
jc_1_806,business_professional|construction_green|hospitality_retail,business_professional|construction_green|hospitality_retail,Enterprising|Realistic,0.1683,0.0,0.1683,0.0,0.6634,0.0,jobcannon,adult_online,0.85,Technical Specialist
jc_1_1548,education_training|health_care|public_sector,education_training|health_care|public_sector,Social|Investigative,0.08,0.25,0.17,0.5,0.0,0.0,jobcannon,adult_online,0.85,Technical Specialist
jc_1_890,business_professional,business_professional,Conventional|Investigative,0.0,0.0808,0.0,0.0,0.0808,0.8384,jobcannon,adult_online,0.85,Creative / Commercial
jc_1_1683,cyber_digital|health_care|public_sector,cyber_digital|health_care|public_sector,Social|Investigative,0.17,0.33,0.08,0.42,0.0,0.0,jobcannon,adult_online,0.85,Technical Specialist
jc_1_1462,business_professional|creative_events|education_training,business_professional|creative_events|education_training,Investigative|Artistic,0.0,0.25,0.25,0.25,0.17,0.08,jobcannon,adult_online,0.85,Creative / Commercial
jc_1_352,business_professional|cyber_digital|hospitality_retail,business_professional|cyber_digital|hospitality_retail,Enterprising|Social,0.08,0.08,0.0,0.17,0.5,0.17,jobcannon,adult_online,0.85,People & Care
jc_1_1560,business_professional|cyber_digital|education_training,business_professional|cyber_digital|education_training,Investigative|Artistic,0.0792,0.2475,0.1683,0.1683,0.1683,0.1683,jobcannon,adult_online,0.85,Technical Specialist
jc_1_338,health_care|public_sector,health_care|public_sector,Social|Conventional,0.0,0.17,0.0,0.58,0.0,0.25,jobcannon,adult_online,0.85,Creative / Commercial
jc_1_770,aerospace_manufacturing|agri_tech_food|cyber_digital,aerospace_manufacturing|agri_tech_food|cyber_digital,Investigative|Enterprising,0.17,0.42,0.08,0.0,0.33,0.0,jobcannon,adult_online,0.85,Technical Specialist
jc_1_1310,business_professional|hospitality_retail|hospitality_tourism,business_professional|hospitality_retail|hospitality_tourism,Social|Conventional,0.0,0.0,0.0808,0.5051,0.0808,0.3333,jobcannon,adult_online,0.85,Creative / Commercial
jc_1_887,creative_events|hospitality_retail|hospitality_tourism,creative_events|hospitality_retail|hospitality_tourism,Artistic|Enterprising,0.2525,0.0,0.3333,0.0808,0.3333,0.0,jobcannon,adult_online,0.85,Technical Specialist
jc_1_1598,agri_tech_food|business_professional|cyber_digital,agri_tech_food|business_professional|cyber_digital,Investigative|Enterprising,0.0,0.75,0.0,0.0,0.17,0.08,jobcannon,adult_online,0.85,Creative / Commercial
jc_1_1435,creative_events|cyber_digital|hospitality_retail,creative_events|cyber_digital|hospitality_retail,Investigative|Enterprising,0.0808,0.3333,0.1717,0.0808,0.3333,0.0,jobcannon,adult_online,0.85,Technical Specialist
jc_1_884,aerospace_manufacturing|agri_tech_food|public_sector,aerospace_manufacturing|agri_tech_food|public_sector,Realistic,1.0,0.0,0.0,0.0,0.0,0.0,jobcannon,adult_online,0.85,Creative / Commercial
jc_1_354,education_training|health_care|public_sector,education_training|health_care|public_sector,Social|Investigative,0.0,0.25,0.08,0.42,0.17,0.08,jobcannon,adult_online,0.85,Creative / Commercial
jc_1_485,creative_events|hospitality_retail,creative_events|hospitality_retail,Artistic|Social,0.0,0.0,0.67,0.33,0.0,0.0,jobcannon,adult_online,0.85,Creative / Commercial
jc_1_1394,aerospace_manufacturing|business_professional|construction_green,aerospace_manufacturing|business_professional|construction_green,Conventional|Artistic,0.0,0.08,0.17,0.0,0.17,0.58,jobcannon,adult_online,0.85,Creative / Commercial
jc_1_1035,creative_events|health_care|hospitality_retail,creative_events|health_care|hospitality_retail,Artistic|Social,0.08,0.08,0.42,0.17,0.17,0.08,jobcannon,adult_online,0.85,Technical Specialist
jc_1_28,creative_events|hospitality_retail,creative_events|hospitality_retail,Artistic|Realistic,0.25,0.17,0.33,0.17,0.0,0.08,jobcannon,adult_online,0.85,Technical Specialist
jc_1_560,health_care|public_sector,health_care|public_sector,Social|Artistic,0.0,0.0,0.0808,0.8384,0.0,0.0808,jobcannon,adult_online,0.85,Technical Specialist
jc_1_9,business_professional|construction_green|hospitality_retail,business_professional|construction_green|hospitality_retail,Enterprising|Conventional,0.2525,0.0,0.0808,0.0,0.3333,0.3333,jobcannon,adult_online,0.85,Hands-on Maker
jc_1_850,education_training|health_care|public_sector,education_training|health_care|public_sector,Social|Enterprising,0.0,0.0,0.08,0.67,0.25,0.0,jobcannon,adult_online,0.85,Technical Specialist
jc_1_14,agri_tech_food|business_professional|cyber_digital,agri_tech_food|business_professional|cyber_digital,Investigative|Realistic,0.17,0.33,0.17,0.08,0.17,0.08,jobcannon,adult_online,0.85,Technical Specialist
jc_1_1688,aerospace_manufacturing|agri_tech_food|public_sector,aerospace_manufacturing|agri_tech_food|public_sector,Realistic|Investigative,0.5051,0.1717,0.0808,0.0808,0.0808,0.0808,jobcannon,adult_online,0.85,Creative / Commercial
jc_1_1659,creative_events|cyber_digital,creative_events|cyber_digital,Artistic|Investigative,0.0,0.17,0.67,0.0,0.08,0.08,jobcannon,adult_online,0.85,Creative / Commercial
jc_1_121,agri_tech_food|business_professional|health_care,agri_tech_food|business_professional|health_care,Investigative|Social,0.08,0.58,0.0,0.17,0.0,0.17,jobcannon,adult_online,0.85,Creative / Commercial
jc_1_1465,aerospace_manufacturing|agri_tech_food|public_sector,aerospace_manufacturing|agri_tech_food|public_sector,Realistic,1.0,0.0,0.0,0.0,0.0,0.0,jobcannon,adult_online,0.85,Creative / Commercial
jc_1_1252,creative_events,creative_events,Artistic|Realistic,0.17,0.17,0.5,0.08,0.08,0.0,jobcannon,adult_online,0.85,Creative / Commercial
jc_1_1948,business_professional|public_sector,business_professional|public_sector,Conventional|Social,0.0,0.0808,0.0,0.3333,0.0808,0.5051,jobcannon,adult_online,0.85,Creative / Commercial
jc_1_1127,business_professional|hospitality_retail,business_professional|hospitality_retail,Enterprising|Investigative,0.0,0.17,0.0,0.08,0.58,0.17,jobcannon,adult_online,0.85,Technical Specialist
jc_1_1972,aerospace_manufacturing|hospitality_retail|hospitality_tourism,aerospace_manufacturing|hospitality_retail|hospitality_tourism,Realistic|Enterprising,0.3333,0.0,0.0808,0.0808,0.3333,0.1717,jobcannon,adult_online,0.85,Technical Specialist
jc_1_584,health_care|public_sector,health_care|public_sector,Investigative|Social,0.0808,0.3333,0.0,0.3333,0.1717,0.0808,jobcannon,adult_online,0.85,Technical Specialist
jc_1_614,education_training|health_care|public_sector,education_training|health_care|public_sector,Social|Artistic,0.0,0.0,0.17,0.75,0.0,0.08,jobcannon,adult_online,0.85,Creative / Commercial
jc_1_1014,business_professional|cyber_digital,business_professional|cyber_digital,Conventional|Investigative,0.0,0.33,0.0,0.08,0.17,0.42,jobcannon,adult_online,0.85,Creative / Commercial
jc_1_1737,creative_events|cyber_digital,creative_events|cyber_digital,Artistic|Enterprising,0.0,0.2525,0.3333,0.0,0.3333,0.0808,jobcannon,adult_online,0.85,Technical Specialist
jc_1_26,health_care|public_sector,health_care|public_sector,Social|Conventional,0.0,0.17,0.0,0.58,0.0,0.25,jobcannon,adult_online,0.85,Creative / Commercial
jc_1_1433,creative_events|hospitality_retail,creative_events|hospitality_retail,Artistic|Social,0.0,0.17,0.5,0.25,0.08,0.0,jobcannon,adult_online,0.85,Technical Specialist
jc_1_964,aerospace_manufacturing|construction_green|public_sector,aerospace_manufacturing|construction_green|public_sector,Realistic,1.0,0.0,0.0,0.0,0.0,0.0,jobcannon,adult_online,0.85,Creative / Commercial
jc_1_203,aerospace_manufacturing|creative_events|hospitality_retail,aerospace_manufacturing|creative_events|hospitality_retail,Artistic|Realistic,0.25,0.0,0.42,0.25,0.08,0.0,jobcannon,adult_online,0.85,Creative / Commercial
jc_1_1925,education_training|hospitality_retail|public_sector,education_training|hospitality_retail|public_sector,Investigative|Social,0.0808,0.2525,0.0808,0.2525,0.2525,0.0808,jobcannon,adult_online,0.85,Technical Specialist
jc_1_228,education_training|health_care|public_sector,education_training|health_care|public_sector,Social|Investigative,0.0,0.25,0.17,0.5,0.0,0.08,jobcannon,adult_online,0.85,People & Care
jc_1_236,business_professional|creative_events|hospitality_retail,business_professional|creative_events|hospitality_retail,Social|Enterprising,0.0,0.0808,0.0,0.3333,0.3333,0.2525,jobcannon,adult_online,0.85,Creative / Commercial
jc_1_22,agri_tech_food|construction_green|public_sector,agri_tech_food|construction_green|public_sector,Realistic|Investigative,0.3333,0.3333,0.0808,0.2525,0.0,0.0,jobcannon,adult_online,0.85,Creative / Commercial
jc_1_1876,agri_tech_food|construction_green|public_sector,agri_tech_food|construction_green|public_sector,Realistic|Social,0.5859,0.0808,0.0808,0.2525,0.0,0.0,jobcannon,adult_online,0.85,Creative / Commercial
jc_1_317,education_training|health_care|public_sector,education_training|health_care|public_sector,Social|Investigative,0.0,0.1683,0.1683,0.495,0.0,0.1683,jobcannon,adult_online,0.85,Technical Specialist
jc_1_954,education_training|health_care|public_sector,education_training|health_care|public_sector,Social|Artistic,0.0,0.17,0.33,0.42,0.08,0.0,jobcannon,adult_online,0.85,Creative / Commercial
jc_1_93,business_professional|creative_events|hospitality_retail,business_professional|creative_events|hospitality_retail,Artistic|Social,0.0808,0.0,0.3333,0.2525,0.2525,0.0808,jobcannon,adult_online,0.85,Technical Specialist
jc_1_1199,agri_tech_food|cyber_digital|health_care,agri_tech_food|cyber_digital|health_care,Investigative|Social,0.0,0.67,0.0,0.25,0.0,0.08,jobcannon,adult_online,0.85,Technical Specialist
jc_1_1095,health_care,health_care,Social|Conventional,0.17,0.17,0.0,0.33,0.08,0.25,jobcannon,adult_online,0.85,Technical Specialist
jc_1_1416,agri_tech_food|cyber_digital|public_sector,agri_tech_food|cyber_digital|public_sector,Investigative|Social,0.0,0.4158,0.1683,0.2475,0.1683,0.0,jobcannon,adult_online,0.85,Technical Specialist
jc_1_1006,aerospace_manufacturing|business_professional|hospitality_retail,aerospace_manufacturing|business_professional|hospitality_retail,Realistic|Conventional,0.25,0.08,0.17,0.08,0.17,0.25,jobcannon,adult_online,0.85,Creative / Commercial
jc_1_683,creative_events|hospitality_retail,creative_events|hospitality_retail,Artistic|Social,0.0,0.0,0.67,0.17,0.08,0.08,jobcannon,adult_online,0.85,Creative / Commercial
jc_1_218,education_training|health_care|public_sector,education_training|health_care|public_sector,Social|Enterprising,0.0,0.08,0.0,0.75,0.17,0.0,jobcannon,adult_online,0.85,People & Care
jc_1_907,aerospace_manufacturing|agri_tech_food|construction_green,aerospace_manufacturing|agri_tech_food|construction_green,Realistic|Enterprising,0.92,0.0,0.0,0.0,0.08,0.0,jobcannon,adult_online,0.85,Creative / Commercial
jc_1_238,education_training|health_care|public_sector,education_training|health_care|public_sector,Social|Artistic,0.0,0.0,0.08,0.92,0.0,0.0,jobcannon,adult_online,0.85,Technical Specialist
jc_1_1690,business_professional|construction_green|hospitality_retail,business_professional|construction_green|hospitality_retail,Enterprising|Investigative,0.0,0.42,0.0,0.0,0.58,0.0,jobcannon,adult_online,0.85,Technical Specialist
jc_1_793,aerospace_manufacturing|construction_green|cyber_digital,aerospace_manufacturing|construction_green|cyber_digital,Realistic|Artistic,0.33,0.0,0.33,0.0,0.17,0.17,jobcannon,adult_online,0.85,Creative / Commercial
jc_1_419,creative_events|education_training|health_care,creative_events|education_training|health_care,Artistic|Social,0.0,0.08,0.42,0.42,0.08,0.0,jobcannon,adult_online,0.85,Creative / Commercial
jc_1_1913,aerospace_manufacturing|agri_tech_food|construction_green,aerospace_manufacturing|agri_tech_food|construction_green,Realistic,1.0,0.0,0.0,0.0,0.0,0.0,jobcannon,adult_online,0.85,Technical Specialist
jc_1_1849,agri_tech_food|business_professional|cyber_digital,agri_tech_food|business_professional|cyber_digital,Investigative|Artistic,0.08,0.5,0.17,0.08,0.0,0.17,jobcannon,adult_online,0.85,Technical Specialist
jc_1_1639,aerospace_manufacturing|construction_green,aerospace_manufacturing|construction_green,Realistic|Investigative,0.5,0.5,0.0,0.0,0.0,0.0,jobcannon,adult_online,0.85,Creative / Commercial
jc_1_1601,business_professional|cyber_digital|hospitality_retail,business_professional|cyber_digital|hospitality_retail,Investigative|Enterprising,0.0,0.5,0.0,0.0,0.5,0.0,jobcannon,adult_online,0.85,Creative / Commercial
jc_1_1746,business_professional|construction_green|hospitality_retail,business_professional|construction_green|hospitality_retail,Enterprising|Social,0.08,0.17,0.17,0.25,0.33,0.0,jobcannon,adult_online,0.85,Hands-on Maker
jc_1_1373,aerospace_manufacturing|construction_green,aerospace_manufacturing|construction_green,Realistic|Conventional,0.42,0.17,0.0,0.0,0.08,0.33,jobcannon,adult_online,0.85,Technical Specialist
jc_1_1159,education_training|health_care|public_sector,education_training|health_care|public_sector,Social|Investigative,0.08,0.25,0.0,0.42,0.25,0.0,jobcannon,adult_online,0.85,Technical Specialist
jc_1_928,aerospace_manufacturing|construction_green,aerospace_manufacturing|construction_green,Realistic|Enterprising,0.5051,0.0808,0.0,0.0808,0.3333,0.0,jobcannon,adult_online,0.85,Creative / Commercial
jc_1_1823,business_professional|construction_green|hospitality_retail,business_professional|construction_green|hospitality_retail,Enterprising|Social,0.0,0.0,0.0,0.17,0.83,0.0,jobcannon,adult_online,0.85,Creative / Commercial
jc_1_915,agri_tech_food|construction_green|public_sector,agri_tech_food|construction_green|public_sector,Realistic|Investigative,0.58,0.17,0.08,0.0,0.17,0.0,jobcannon,adult_online,0.85,Creative / Commercial
jc_1_391,business_professional|cyber_digital|education_training,business_professional|cyber_digital|education_training,Investigative|Social,0.0,0.4158,0.0,0.2475,0.1683,0.1683,jobcannon,adult_online,0.85,Creative / Commercial
jc_1_418,business_professional|education_training|hospitality_tourism,business_professional|education_training|hospitality_tourism,Social|Conventional,0.0,0.0808,0.0808,0.5051,0.0,0.3333,jobcannon,adult_online,0.85,Technical Specialist
jc_1_1273,agri_tech_food|construction_green|public_sector,agri_tech_food|construction_green|public_sector,Realistic|Social,0.4242,0.0808,0.0,0.3333,0.0808,0.0808,jobcannon,adult_online,0.85,Creative / Commercial
jc_1_879,business_professional|health_care|public_sector,business_professional|health_care|public_sector,Artistic|Social,0.0808,0.0808,0.2525,0.2525,0.0808,0.2525,jobcannon,adult_online,0.85,Technical Specialist
jc_1_105,business_professional|cyber_digital,business_professional|cyber_digital,Investigative|Enterprising,0.08,0.42,0.0,0.0,0.25,0.25,jobcannon,adult_online,0.85,Creative / Commercial
jc_1_1000,creative_events,creative_events,Artistic|Realistic,0.0808,0.0808,0.7576,0.0808,0.0,0.0,jobcannon,adult_online,0.85,Technical Specialist
